# Blender 4.1.1
# www.blender.org
mtllib CaveDNavMesh_Fixed.mtl
o CaveDNavMesh_ScaledMesh
v -5.768311 60.806137 4.444087
v -8.173401 61.009613 6.312007
v -8.377014 60.837845 5.848140
v -1.200562 60.577072 2.234248
v -3.100647 60.572830 2.831905
v 0.000000 60.021606 1.021602
v -3.000610 60.089828 1.146968
v -5.257812 60.202515 0.634273
v -5.800598 60.298279 -0.000005
v -8.462280 60.600952 0.937617
v -11.434692 60.827255 1.329585
v -10.127563 60.610748 2.837154
v -12.423035 60.530640 3.525386
v -15.408691 60.725739 2.237544
v -17.872070 60.617966 3.837276
v -13.393555 60.354584 5.177974
v -12.870056 60.294495 7.438106
v -15.589478 60.087509 9.676509
v -18.852173 60.236572 6.999995
v -17.601318 60.061691 9.924312
v -19.062805 59.944931 9.186885
v -20.679565 60.482361 6.071773
v -20.387146 60.648956 4.516231
v -23.588074 60.692886 5.106318
v -22.741699 60.542969 6.395869
v -27.100342 60.469711 7.743403
v -24.629944 60.403687 8.222163
v -26.591125 60.329529 9.225459
v -28.500366 60.146820 10.746821
v -26.660095 60.218002 11.737788
v -27.968933 59.978226 14.384517
v -25.308533 60.226685 13.224605
v -26.513184 59.885788 15.236567
v -28.649658 59.501938 16.190548
v -86.564819 61.334476 35.476498
v -87.071045 61.328053 32.510006
v -86.350098 61.226612 35.079952
v -85.009277 60.527927 35.603207
v -87.620789 61.767765 36.750118
v -87.276672 61.501026 37.709347
v -89.483887 62.593357 36.851254
v -90.889221 63.466846 39.315182
v -92.172485 64.139801 38.909603
v -91.096130 63.132816 35.984676
v -93.026794 63.835361 37.011532
v -93.305481 64.565292 38.596432
v -95.773438 66.236435 39.938900
v -95.837769 66.958847 41.648495
v -94.566833 66.103455 41.486629
v -97.019226 67.188400 41.386776
v -97.254639 66.905533 43.530270
v -98.166443 67.078873 42.842525
v -98.534607 66.696793 44.404171
v -100.148438 66.232544 43.805660
v -100.855713 65.716675 46.159420
v -98.779907 66.027054 46.134457
v -101.327026 65.837860 43.173763
v -102.668762 65.413055 47.029720
v -106.856018 65.067108 47.906612
v -107.663086 65.372314 45.176510
v -108.603882 65.910141 42.314144
v -102.448547 66.101334 40.951229
v -110.575684 65.867249 42.063290
v -102.962402 66.679810 37.702145
v -101.683105 66.085266 37.911861
v -106.200256 67.598755 37.341061
v -109.211304 67.006393 36.750790
v -113.454651 65.621674 39.116329
v -114.400146 65.432678 42.745052
v -111.458008 65.707550 42.967892
v -116.138672 65.352432 38.840633
v -112.083069 65.376312 46.311825
v -116.544739 65.346771 40.840145
v -117.374268 65.302429 38.939022
v -115.059998 65.335007 45.631161
v -113.521790 65.319046 47.789547
v -115.617798 65.319366 46.941586
v -117.700073 65.329758 48.063473
v -117.481873 65.335403 46.563717
v -118.863708 65.323044 47.782711
v -121.135315 65.220268 52.401608
v -118.439270 65.294075 50.986202
v -119.559570 65.300438 52.751949
v -120.824036 65.307419 47.734432
v -121.110168 65.333824 55.256466
v -118.821411 65.330574 55.718624
v -121.200195 65.340904 55.611446
v -122.849854 65.343178 56.917904
v -122.030701 65.341164 57.581966
v -123.297791 65.327080 58.628780
v -125.009033 65.314766 56.829891
v -122.527222 65.249878 48.573238
v -122.600586 65.232140 50.669857
v -124.313263 65.241280 50.646175
v -121.168518 65.307022 47.173763
v -120.843872 65.335526 45.316891
v -121.143372 65.334122 44.805843
v -119.725220 65.354980 43.665340
v -121.979065 65.318604 43.974422
v -121.466797 65.311462 43.230648
v -122.715637 65.283875 41.525570
v -123.387848 65.326981 43.940487
v -124.557800 65.326080 45.332394
v -125.935730 65.431168 42.842220
v -124.727478 65.320251 46.636410
v -124.138824 65.280273 48.121456
v -124.886169 65.300537 48.684628
v -126.061737 65.309692 49.271664
v -126.328583 65.286812 52.025082
v -128.046814 65.323509 56.196102
v -126.594208 65.291115 54.528194
v -127.559418 65.286636 48.938961
v -130.396057 65.309967 49.770382
v -126.304108 65.297462 57.487911
v -125.784271 65.216927 59.403927
v -124.107025 65.295662 63.359982
v -125.736725 65.279503 62.740902
v -126.332886 65.231880 60.984066
v -126.108154 65.552559 65.132317
v -125.355591 65.506111 65.285576
v -125.673065 65.616371 67.239861
v -127.938080 65.634682 66.354485
v -128.010040 65.646461 66.501152
v -126.747864 65.648613 67.618950
v -131.009399 65.682289 66.749138
v -131.631897 65.696938 67.193535
v -132.287018 65.602852 66.260490
v -132.225586 65.827980 69.178825
v -133.188507 65.422066 64.952080
v -136.009705 66.064323 74.042046
v -133.607666 65.979103 71.585991
v -135.364716 65.291267 62.537350
v -133.212372 65.328438 63.446896
v -133.010284 65.308311 62.684628
v -131.099792 65.325249 61.455807
v -131.522614 65.329613 61.217648
v -131.521851 65.347008 59.472042
v -132.141357 65.342369 59.009823
v -130.402313 65.336525 56.435360
v -136.795074 65.379372 61.177364
v -133.747925 65.328499 57.777706
v -140.110321 65.231224 71.995781
v -138.711578 65.528038 72.948296
v -141.503082 65.191246 70.003532
v -142.484711 65.183739 72.549980
v -140.917572 65.361580 67.966911
v -144.010620 65.263664 71.190788
v -140.419434 65.445137 64.878105
v -146.335205 65.390205 71.047173
v -140.788483 65.410378 62.930843
v -141.899719 65.379753 61.763485
v -142.163788 65.369240 58.342159
v -137.028320 65.346642 59.320309
v -143.835632 65.095345 74.105461
v -145.791504 65.039009 75.658928
v -147.972168 65.312767 77.523064
v -135.949219 65.334023 57.995174
v -147.439880 65.646721 69.175468
v -149.262665 65.373131 80.949150
v -136.826904 65.341545 57.530697
v -135.006439 65.333611 57.427059
v -134.267029 65.286263 55.206661
v -137.825684 65.334618 55.363949
v -133.561768 65.291267 53.441952
v -135.177521 65.310951 52.018856
v -132.194031 65.313034 48.316097
v -136.514587 65.307579 52.217220
v -132.618561 65.535614 46.778194
v -136.901428 65.768311 47.726254
v -139.171783 65.535522 49.565304
v -139.055023 65.440529 50.575130
v -137.350311 65.306145 53.264706
v -140.265289 65.517128 51.652523
v -143.981812 65.629417 54.319210
v -144.230652 65.641731 56.736080
v -171.247131 65.305786 153.938477
v -168.209717 65.323875 151.575745
v -168.812408 65.295212 153.009094
v -175.045074 65.195976 149.269592
v -173.909668 65.223068 155.242554
v -176.558105 65.138596 158.761475
v -180.184479 64.889893 161.260254
v -179.992096 64.751007 153.267822
v -183.218689 64.531708 163.744263
v -185.357483 64.300644 166.546265
v -177.406494 65.034897 152.450317
v -176.594604 65.115654 150.336182
v -177.447906 65.026817 149.430359
v -188.969025 63.992718 168.631958
v -183.428772 63.984188 153.355774
v -181.818634 64.346954 151.971985
v -185.293060 63.525265 155.072021
v -184.847015 63.533764 153.430237
v -186.744110 63.037579 155.358032
v -188.974701 62.216427 154.462585
v -187.623322 62.671841 154.338257
v -191.109100 61.808117 156.531982
v -193.488556 61.520580 157.931274
v -198.446320 61.308086 159.788635
v -194.134552 62.888897 165.848572
v -191.798523 63.738018 168.700806
v -193.140442 63.848858 169.628235
v -195.769897 62.518108 164.406128
v -193.902985 63.446453 167.819580
v -195.526428 63.712826 168.689941
v -197.235260 63.642651 168.208435
v -198.071503 62.603146 164.799927
v -199.685913 64.134430 169.085815
v -200.011047 61.722393 161.208435
v -198.381256 63.343746 166.913879
v -202.897217 62.519558 163.092041
v -205.331512 62.826809 163.385803
v -209.226044 63.590664 163.514465
v -202.487030 64.525650 169.202271
v -211.263123 63.773678 163.144348
v -205.128143 64.631332 168.509521
v -204.422150 64.854492 169.664551
v -204.194244 64.948196 170.118591
v -206.408203 64.710632 168.284790
v -205.824799 65.309464 170.992493
v -208.662323 64.876450 167.585571
v -207.535522 65.044571 168.991150
v -208.362915 65.891022 173.772949
v -207.569885 65.449432 170.628418
v -207.899414 65.133728 169.120667
v -208.842468 65.536301 170.465149
v -210.721191 65.871857 172.299377
v -212.110809 66.091949 171.579590
v -211.179626 65.853973 174.130798
v -212.542114 65.696823 168.882568
v -211.153015 65.876434 175.538391
v -209.860840 65.980133 175.529724
v -210.883087 66.205246 178.263123
v -210.759369 65.914764 179.423279
v -213.080902 65.269760 179.800171
v -210.674408 65.195282 181.776672
v -213.032379 64.859741 182.333740
v -215.453735 65.135117 180.044922
v -210.764648 65.620377 169.538818
v -214.967285 65.252060 181.106812
v -214.492767 65.172348 183.464355
v -217.134552 65.394669 179.183472
v -217.008514 65.647797 179.276917
v -218.681366 66.064133 180.585876
v -218.157166 66.862534 181.900452
v -220.087646 65.759750 181.225159
v -218.016449 67.405563 182.812012
v -219.710083 66.045212 183.330627
v -220.803741 65.744873 186.095154
v -217.077087 68.060425 182.339722
v -221.000580 66.024826 187.949951
v -216.241302 67.876907 184.758545
v -216.327667 68.775284 181.176208
v -214.089569 68.975113 179.674561
v -216.081299 69.222336 179.007874
v -212.184296 68.966232 178.294556
v -212.528412 69.378036 174.212585
v -216.075684 67.350845 187.011169
v -217.520386 66.299133 189.558167
v -221.732910 65.369522 189.505981
v -218.009399 65.085129 191.785583
v -223.619598 64.802811 190.422119
v -216.068909 64.697021 192.802612
v -225.184723 64.778091 190.519348
v -223.247467 65.238693 196.696655
v -211.585968 64.673157 194.416016
v -215.243469 64.830566 196.067017
v -218.778778 64.935776 198.295654
v -224.918579 65.032578 192.974854
v -227.248169 65.277359 190.989502
v -226.622040 64.839981 189.676208
v -227.684357 64.770035 187.499084
v -230.218109 65.370346 188.219910
v -227.192444 64.590683 185.755127
v -229.703674 64.715805 183.219849
v -232.845215 65.656738 187.340820
v -233.084290 64.738998 180.824036
v -235.920166 65.721161 181.729004
v -237.237946 65.656418 180.143799
v -235.467529 64.910141 178.592224
v -236.169556 65.842850 183.389771
v -236.469086 65.078064 177.205139
v -238.393921 64.869400 174.771545
v -239.166534 65.855606 180.680359
v -240.309845 65.037216 174.543457
v -239.152832 66.246750 185.830933
v -235.548767 65.925583 187.378418
v -237.441895 65.972092 184.369507
v -239.085052 66.055878 183.887512
v -240.905823 66.346954 184.822937
v -243.439240 66.331696 183.130249
v -243.202728 66.379623 186.070862
v -241.263367 65.975586 181.349609
v -239.962494 65.989029 182.326416
v -241.026001 65.831497 178.807922
v -242.662201 65.802780 176.748474
v -245.970398 66.365540 183.694763
v -246.243835 66.395126 185.461914
v -246.132538 66.320007 183.128296
v -248.691925 66.026825 180.939148
v -248.375854 66.041580 180.558167
v -244.085144 65.480453 173.888672
v -243.231079 64.931732 172.056702
v -248.526672 65.918137 177.682129
v -247.732422 65.936508 178.053528
v -250.378510 65.855820 179.163940
v -250.547729 65.850479 179.010010
v -252.888031 65.629257 178.934631
v -253.407867 65.497070 177.761658
v -255.186310 65.467499 179.566833
v -256.019287 65.416901 179.304993
v -257.741302 65.205322 181.710999
v -256.722748 65.331894 181.422607
v -256.890167 65.335724 183.336304
v -260.140533 65.217819 184.376770
v -260.241302 65.119812 181.952332
v -261.543182 65.169998 182.409790
v -263.975311 65.276337 185.289429
v -263.088715 65.246109 185.733948
v -266.602203 65.046738 189.545349
v -266.188171 65.161530 187.711060
v -269.965485 65.017746 190.290710
v -268.692749 64.724350 192.889160
v -271.323273 64.624008 192.970642
v -270.949036 64.474213 195.123657
v -272.739319 64.657074 194.211548
v -276.089172 64.942307 196.681030
v -275.486877 64.527725 200.140076
v -273.789551 64.462601 198.771790
v -277.971161 64.942947 199.355652
v -276.365448 64.503113 201.216553
v -279.351807 64.962646 201.094360
v -278.997803 64.597809 202.516235
v -281.941010 64.661072 203.283325
v -279.637756 64.271210 204.647217
v -278.573334 63.956451 206.286987
v -281.575012 63.853439 206.563965
v -282.164856 64.340439 204.817993
v -279.823914 62.478561 212.031067
v -281.879059 63.495102 208.035889
v -277.824127 63.172409 209.755432
v -277.404480 63.819977 206.715515
v -278.257690 62.535690 212.839783
v -281.258026 62.562302 212.330994
v -283.836304 63.246613 209.596558
v -285.163971 63.045456 215.089783
v -286.047882 63.524231 209.539062
v -282.785858 62.784607 213.932617
v -287.742676 63.901489 208.422485
v -284.046173 63.070297 216.439941
v -282.038300 63.005066 216.835022
v -284.662140 63.265335 218.388977
v -285.815308 63.443710 219.584290
v -288.002869 63.714462 221.227600
v -286.733704 63.485382 214.944458
v -289.804443 63.995956 216.130371
v -290.189117 64.671249 210.888794
v -288.815063 64.178802 208.927429
v -293.553009 64.467621 218.394470
v -291.194183 64.213165 217.350647
v -292.490662 64.252426 219.782043
v -293.035645 65.176086 213.763245
v -291.684021 65.034882 211.763000
v -295.340057 64.835648 217.704529
v -296.262970 65.061600 217.192078
v -297.276398 64.954361 218.324646
v -298.900909 65.003342 218.945374
v -298.798828 64.814285 220.030457
v -302.160095 64.441925 223.592773
v -298.502136 64.375244 222.564331
v -300.489777 64.163773 224.451050
v -298.287384 64.143661 223.980469
v -302.649506 64.147415 225.516418
v -301.470062 63.865692 226.723633
v -302.434998 64.029724 226.227173
v -304.067139 64.177933 226.687500
v -305.629333 64.404404 227.992004
v -306.744904 64.733597 228.179382
v -308.798248 65.316299 228.767883
v -306.721191 65.872040 229.482971
v -309.775940 65.793198 230.042175
v -304.152802 66.809540 230.473694
v -304.393494 66.541428 229.939148
v -303.017670 66.725433 230.176819
v -300.731689 67.428482 231.667175
v -300.208069 67.115021 230.605286
v -299.706329 67.903351 232.886780
v -297.636597 67.653900 231.211426
v -296.778748 68.048492 232.504028
v -297.809418 68.569244 235.046509
v -300.038330 68.072525 234.148499
v -300.590240 68.205139 235.381897
v -302.821136 67.856476 234.924683
v -302.860748 67.914291 236.135376
v -308.669373 67.487701 235.734619
v -308.633087 67.501633 235.096130
v -311.975281 67.000107 234.683411
v -312.167725 66.714630 233.389404
v -313.637878 66.530319 233.370178
v -312.974121 66.275681 235.038757
v -314.841919 66.044495 235.412048
v -313.994873 65.154480 236.898376
v -312.567902 65.456757 236.274231
v -311.203552 64.613403 238.195618
v -310.130646 64.903610 237.604126
v -310.835693 64.261475 240.254150
v -308.035095 64.278198 238.568176
v -307.502777 63.957279 239.988464
v -308.842957 63.876896 242.537781
v -305.970703 63.783360 240.805298
v -310.980896 63.966389 242.977051
v -311.546326 64.176483 241.424866
v -307.660492 63.750385 244.127747
v -307.478027 63.565067 246.032166
v -300.068268 63.841496 241.009277
v -300.728180 63.786594 240.164124
v -301.335052 63.874149 245.900574
v -301.070557 63.975590 249.361267
v -305.092743 63.587208 249.396240
v -303.506104 63.620838 251.116638
v -307.221252 63.515278 247.690735
v -305.059692 63.497471 251.603333
v -308.015930 63.480000 247.553406
v -306.377014 63.399311 253.287964
v -308.966431 63.443928 248.280823
v -306.595123 63.327320 254.356506
v -310.567047 63.502323 248.145813
v -310.527588 63.438465 249.597107
v -311.919647 63.696537 246.661255
v -309.508453 63.344456 254.822205
v -308.292633 63.301823 255.580872
v -311.023529 63.415531 255.643494
v -311.120972 63.402546 256.089294
v -312.758331 63.378864 255.538269
v -313.013458 63.316471 256.359009
v -314.571533 63.365025 253.809387
v -314.545898 63.367085 255.706482
v -315.704559 63.337177 255.751404
v -313.734589 63.350758 256.573059
v -314.766327 63.482746 252.657104
v -316.988098 63.742054 251.045837
v -319.251465 63.790653 250.395752
v -322.812836 64.322311 247.789307
v -321.632599 64.238922 247.101929
v -319.970947 64.006805 248.639526
v -320.404083 64.147560 253.818054
v -319.376953 63.864338 256.673767
v -317.609314 63.590427 257.757874
v -319.220398 63.744785 260.699341
v -324.723999 64.800400 250.241394
v -322.722260 64.856552 252.305908
v -324.451477 64.719727 248.616333
v -325.688538 64.890060 248.392151
v -327.145905 65.015228 247.646912
v -325.035645 64.922882 251.749939
v -324.258911 65.083313 252.145386
v -325.836670 65.481247 252.554749
v -148.303619 65.047951 106.256767
v -149.077301 64.426186 110.623161
v -150.389526 64.865425 108.046501
v -145.641418 64.627098 109.777214
v -149.137939 63.901253 112.804008
v -146.971771 65.106071 106.373833
v -147.925049 65.412926 102.746513
v -149.720673 65.294746 102.104118
v -148.887817 65.437202 98.370659
v -150.403534 65.318428 97.342216
v -149.496429 65.412270 92.474968
v -151.802795 65.630898 93.307487
v -150.653168 65.384041 89.107414
v -151.783142 65.829903 85.811150
v -150.765198 65.590599 85.342155
v -150.477814 65.593864 81.959343
v -150.480499 65.664711 79.531364
v -150.364258 65.725090 75.243706
v -148.668671 65.735115 72.070061
v -147.991730 65.914864 67.539055
v -147.305298 65.864082 66.627922
v -147.796539 65.762321 63.153744
v -146.050018 65.554756 65.078789
v -145.618713 65.496056 64.362663
v -173.858612 65.226280 145.058105
v -172.324371 65.302467 145.341370
v -174.375977 65.197990 146.456848
v -174.605713 65.203880 148.650940
v -170.127472 65.390816 144.070862
v -165.823059 65.380653 149.083740
v -166.148041 65.506508 147.675110
v -164.566254 65.654030 145.731628
v -169.594727 65.569557 142.645447
v -165.309052 65.550072 141.675903
v -160.737671 65.278526 141.053345
v -162.607452 65.651253 146.749817
v -161.689178 65.606407 146.287048
v -161.038879 65.584389 145.501526
v -158.755157 65.290321 142.238098
v -157.082794 65.039726 139.668274
v -156.369507 65.066856 140.636353
v -153.313263 64.754601 138.902954
v -153.278198 64.639091 137.535034
v -152.160278 64.485512 136.963074
v -150.517578 63.787746 134.900085
v -148.845337 63.380489 134.367310
v -149.113678 63.105373 133.200073
v -148.256561 62.336025 131.193115
v -148.239105 62.770535 132.630920
v -146.455566 61.739529 130.402283
v -148.483490 62.051907 129.873657
v -149.225739 61.905621 127.880547
v -146.880157 61.465847 126.449944
v -148.384369 61.793602 123.715080
v -145.607758 61.351509 124.606926
v -148.676910 62.092964 120.405632
v -143.645599 61.489357 123.517937
v -149.456879 62.621010 118.037651
v -141.715088 61.952644 121.799858
v -148.586884 62.739128 116.786125
v -142.388580 62.345238 119.579887
v -148.396332 63.390144 114.462761
v -142.959076 63.411263 115.413200
v -142.471710 63.833443 113.760063
v -218.545074 69.700851 174.845154
v -218.332886 69.499954 176.114197
v -216.443878 69.665421 174.689514
v -220.367706 69.848801 173.390076
v -214.777222 69.554596 173.919678
v -213.843933 69.354126 171.314636
v -218.929626 70.001221 172.281555
v -214.459167 69.397522 169.044739
v -215.667877 69.584412 169.705200
v -217.293427 69.762924 169.809631
v -222.430450 69.833435 172.609741
v -218.721100 69.810165 169.083801
v -218.606384 69.856934 170.725952
v -222.104004 69.763046 168.066833
v -223.231018 69.800812 169.875671
v -223.582306 69.727661 166.200806
v -227.260925 69.723724 165.894409
v -224.529358 69.606201 163.826538
v -226.090485 69.809082 169.393860
v -229.110504 69.676193 167.183899
v -228.200714 69.825638 171.098083
v -232.380890 69.270172 168.361694
v -230.808044 69.289642 166.333435
v -232.089813 69.352524 170.638611
v -228.668030 69.455643 173.464905
v -228.055176 69.718658 172.619324
v -233.883301 64.715652 159.932739
v -233.391846 65.095047 158.715454
v -232.489655 64.690475 161.293457
v -230.785309 64.940231 161.068604
v -228.306671 65.322784 157.583374
v -224.026947 65.239105 160.156921
v -226.901764 65.236771 162.278076
v -225.084625 65.204407 161.865051
v -222.473022 65.158936 162.615723
v -225.766571 65.083221 157.866089
v -226.274933 64.979645 155.805054
v -225.118378 64.871552 156.775513
v -223.934296 64.631546 156.715393
v -223.526855 64.601959 157.016602
v -222.143097 64.480270 157.689270
v -221.339569 64.530807 158.612244
v -218.568024 64.378265 160.611877
v -221.970978 64.948868 160.392334
v -216.690125 64.757797 163.969788
v -215.002563 63.945995 162.106628
v -217.840363 65.138077 165.454773
v -213.636780 64.287201 163.791870
v -219.710022 65.320328 166.671143
v -216.775604 65.327667 166.729797
v -211.411957 64.709030 165.746338
v -215.811523 65.413589 167.155212
v -214.666168 65.382294 167.169739
v -212.671417 65.443542 167.916748
v -211.549042 65.199615 167.368408
v -210.399445 65.269516 168.209229
v -114.328125 145.959930 428.333069
v -113.089722 145.903137 430.225525
v -112.788330 145.946198 432.303101
v -116.570190 145.904022 434.080811
v -113.767883 146.045135 434.376038
v -116.324890 146.023010 435.956787
v -115.005310 146.485138 436.879333
v -118.091064 146.077057 429.640381
v -118.334045 145.854645 433.002747
v -116.504944 146.119446 428.227722
v -115.097412 146.222595 426.260437
v -119.895325 146.091309 431.868347
v -120.266418 145.881134 433.271057
v -121.820557 146.395264 432.273499
v -128.338074 146.961884 437.749817
v -122.454529 146.991974 430.910828
v -120.363037 147.304718 428.133484
v -119.666504 147.766876 426.118103
v -121.893921 148.302551 425.582581
v -126.763947 148.377991 429.161011
v -123.885834 145.914703 436.382507
v -129.334198 148.385468 430.312866
v -124.279205 145.656860 438.781616
v -129.428284 147.528961 437.366638
v -128.978577 146.902252 438.721741
v -131.900208 148.221954 435.313416
v -131.018463 148.279327 432.819580
v -132.080933 147.737183 439.071716
v -129.757507 147.238251 438.456909
v -129.106232 146.074036 442.102112
v -124.076019 145.813324 441.336060
v -122.021912 145.525116 440.944214
v -127.508057 145.953827 443.879395
v -122.516602 145.722565 441.352295
v -124.543091 145.887939 442.471008
v -125.758301 145.973785 445.246033
v -123.958923 145.970367 445.089844
v -123.695312 146.323486 446.791870
v -120.573730 147.194244 445.819336
v -120.397339 145.697327 440.921631
v -121.547424 147.584656 448.844299
v -118.873047 147.454987 444.418823
v -120.538330 148.181335 450.560120
v -119.132019 148.488068 452.108826
v -118.785278 146.662445 442.422729
v -120.144165 146.111481 441.823120
v -121.522888 145.934509 442.476501
v -118.895874 146.015594 439.918091
v -115.933838 148.515076 447.244934
v -116.420715 148.524536 449.923340
v -114.963379 148.320709 443.933350
v -113.936829 148.115692 441.572693
v -114.825989 146.999054 438.845032
v -170.692535 148.000824 492.658936
v -171.065979 147.882996 490.695435
v -168.342041 147.929443 492.458618
v -167.554840 147.608246 490.559204
v -164.000000 147.254913 489.229614
v -172.907501 147.923309 487.227173
v -172.235321 147.943787 488.991699
v -162.229614 147.306854 489.611206
v -167.025238 147.106812 482.693787
v -170.578033 147.716766 483.859253
v -166.083344 147.113342 480.944275
v -156.223450 146.848785 485.126953
v -156.096039 147.413910 487.764587
v -156.086029 147.907318 490.125671
v -154.979584 146.777130 483.854065
v -159.306854 148.461761 492.882935
v -161.728638 148.020386 491.726440
v -158.500336 148.620514 494.026794
v -161.079987 148.358582 492.808289
v -161.768066 148.367401 493.052795
v -159.720093 148.810974 495.209290
v -163.330597 148.750244 494.898376
v -161.504578 148.679260 494.496216
v -159.656799 148.913239 496.095520
v -162.998657 148.891327 495.606445
v -152.993195 146.877777 483.713440
v -150.552399 147.465027 484.744263
v -149.173004 147.393921 483.112671
v -145.955566 147.612305 480.909912
v -144.667694 147.667908 479.447266
v -143.513153 147.543976 477.126099
v -151.542297 146.499725 471.754517
v -150.143524 145.438599 472.913208
v -148.545624 145.279175 473.330017
v -145.813599 145.814941 473.009644
v -144.525482 145.916992 471.569580
v -141.651581 146.541870 470.644226
v -141.036713 147.843994 475.511841
v -138.853455 148.177399 475.095703
v -135.250458 148.367035 473.287537
v -134.230286 148.385895 471.364807
v -140.309906 146.632568 469.213379
v -135.640961 147.873657 468.345215
v -139.588867 146.421631 467.113953
v -137.650055 146.593994 463.614563
v -140.398163 146.030579 466.149353
v -139.279175 146.298065 464.674072
v -140.394897 146.584869 463.190979
v -139.181519 147.084290 462.406128
v -140.748505 147.753510 459.868591
v -142.594513 146.422180 462.311584
v -143.838196 146.419556 460.180176
v -142.296173 146.866302 459.728821
v -142.923096 146.437134 457.288025
v -144.897491 146.762024 457.474243
v -146.159485 146.674652 459.554688
v -146.017639 147.230377 456.450073
v -149.171997 147.085724 461.046082
v -146.434998 147.604797 454.744995
v -148.665802 147.602020 456.320374
v -150.921051 147.291138 460.857483
v -150.259674 147.609528 456.354187
v -151.919067 147.496613 457.425537
v -151.687408 147.648529 455.257263
v -153.671783 147.516876 455.260925
v -153.326904 147.655334 454.171753
v -152.140442 147.679230 453.659424
v -155.810394 147.424316 454.405518
v -158.638550 147.403992 451.038330
v -157.457733 147.512787 450.898743
v -159.480499 147.444061 448.324829
v -161.395660 147.409729 448.385925
v -163.605774 147.477448 447.199829
v -161.785614 147.709564 445.476013
v -164.847046 147.523926 445.229004
v -164.065033 147.840393 442.950134
v -168.343964 147.501221 446.215210
v -168.395508 147.477051 447.810547
v -173.304871 147.487518 447.993164
v -171.746124 147.646027 444.831970
v -170.472107 147.837646 443.472839
v -150.118317 146.533997 466.201660
v -147.563599 145.638123 464.764954
v -149.212036 145.848083 467.364624
v -150.185272 146.668854 468.509460
v -151.099884 146.900940 469.474304
v -151.917816 147.429199 466.228088
v -154.540924 147.448761 465.797791
v -153.449280 147.636017 465.291138
v -156.750214 147.487518 465.467407
v -159.458710 147.421722 467.434570
v -161.682495 147.344208 469.255127
v -164.949493 147.353363 470.931763
v -166.511719 147.693726 473.542297
v -169.234192 148.201477 476.959229
v -167.016602 147.648651 477.346191
v -554.197510 160.975800 362.105957
v -553.762085 160.776855 360.946899
v -552.603088 160.743195 362.263794
v -555.935364 160.935394 360.628418
v -555.640930 161.090393 362.507874
v -555.552612 161.191010 363.593872
v -556.674133 161.212921 364.083069
v -555.834534 161.122620 365.862427
v -558.353638 160.814545 365.645447
v -557.557251 160.553864 368.255127
v -558.742981 159.354065 370.410034
v -560.068176 159.194885 369.419312
v -561.329285 159.164642 371.292542
v -561.568359 159.600342 373.239990
v -562.483215 159.526581 373.341919
v -563.742065 159.861359 375.253967
v -564.644653 159.662170 375.090576
v -566.386292 159.978760 377.519348
v -565.296753 160.296509 378.016479
v -566.857727 160.317932 379.697327
v -569.901978 160.021210 380.602905
v -567.987305 160.509338 382.133972
v -571.874084 160.535858 386.068542
v -574.422791 159.423126 382.788757
v -574.386108 160.211456 385.691284
v -581.207520 158.547058 385.959167
v -576.398743 158.964783 382.941528
v -576.945801 160.422821 388.319092
v -578.391846 158.335510 382.034851
v -578.440674 160.117889 388.513000
v -577.155212 160.605469 389.760254
v -579.699036 159.722382 388.481750
v -580.893188 158.922668 386.792664
v -581.356201 158.335602 382.866760
v -580.847595 158.289337 380.422791
v -598.812439 110.095154 377.900879
v -599.707092 110.145111 376.815735
v -596.410156 110.389572 376.675415
v -597.834900 110.037598 379.087097
v -593.460876 110.588638 376.450684
v -598.994507 109.539322 381.250732
v -599.025635 109.904053 383.632935
v -590.531799 110.098633 381.946228
v -590.000366 110.540894 379.034058
v -591.380737 110.584366 377.536133
v -587.823303 110.625671 378.352905
v -591.445618 110.443420 379.820984
v -591.509705 110.237015 381.231995
v -588.878845 110.412842 380.266846
v -595.342224 109.752014 383.266968
v -582.729431 111.239883 377.066528
v -593.465698 109.845123 383.588074
v -589.163330 110.122467 381.729736
v -578.021973 110.806244 380.313049
v -578.534363 111.383209 382.501160
v -589.229004 110.285980 384.191589
v -592.700623 110.284973 384.947815
v -578.793457 111.288345 384.609314
v -578.902344 111.258530 386.906982
v -589.832214 110.847824 387.707214
v -587.517883 110.316162 384.233948
v -594.327209 110.375214 385.992310
v -586.707397 110.584290 385.820068
v -587.133545 110.773468 387.168152
v -588.455994 110.892075 388.123169
v -578.864563 111.210068 388.465088
v -582.311401 111.379929 390.453552
v -586.397827 113.073563 392.579712
v -588.853455 111.738464 391.294922
v -592.415100 111.082764 390.940369
v -596.711243 110.846130 390.843567
v -596.648560 110.446350 387.401001
v -599.363159 111.055328 392.247803
v -597.802185 110.350739 386.477478
v -595.246094 110.358307 386.290771
v -595.935974 110.059662 384.858459
v -596.166321 110.061554 384.835266
v -597.496460 110.126938 384.897644
v -600.667419 110.145172 385.075439
v -601.811584 110.147385 385.493469
v -604.074036 109.801849 382.850525
v -610.271851 110.154709 386.027588
v -612.258179 109.415985 382.544617
v -613.456421 109.626419 383.631531
v -607.997498 110.442093 388.077209
v -606.154541 110.675201 390.187439
v -604.849854 109.397110 380.868225
v -604.235168 111.102982 394.406555
v -601.796753 111.118530 394.154358
v -603.987244 111.526886 396.684326
v -612.478760 108.991348 380.700684
v -612.658691 108.991379 378.884155
v -614.221558 108.786530 378.865234
v -613.731934 108.817978 379.487732
v -611.034058 109.492386 377.248535
v -617.583618 108.537888 377.114685
v -605.922302 109.868118 376.838257
v -607.904419 109.775589 376.396484
v -609.914795 109.631134 376.632263
v -612.051819 109.604736 375.374817
v -616.887085 108.562210 378.702454
v -618.618530 108.464264 378.233765
v -619.477600 108.438004 375.179321
v -622.478516 107.339584 374.199890
v -620.045410 108.414398 379.079468
v -626.187195 106.030807 374.009460
v -626.932617 106.314224 376.201355
v -623.481934 107.531403 378.146301
v -628.256897 105.387253 372.612488
v -630.926147 105.405563 373.058716
v -630.588318 105.801834 374.177856
v -633.600769 104.969177 371.444397
v -631.585327 105.024750 371.395081
v -635.982788 104.960754 373.100220
v -636.399292 104.313187 370.673706
v -639.396912 103.294876 369.202576
v -638.343323 104.390106 373.025818
v -640.687622 103.275208 371.691040
v -644.083923 101.736160 368.449097
v -646.413208 101.634277 370.458069
v -649.803284 100.165253 368.495972
v -649.621399 99.973740 366.098022
v -648.844971 101.257141 370.729187
v -650.752197 100.281937 369.432617
v -526.081909 15.445531 665.544434
v -523.745789 15.126363 668.262024
v -527.035767 15.362782 667.488403
v -523.790588 15.041203 669.565918
v -524.289856 14.969548 672.994751
v -527.787964 15.229222 670.758179
v -523.073059 15.078832 672.596802
v -529.010742 15.300328 672.046753
v -531.993408 15.604573 672.117493
v -522.795898 15.146337 672.913208
v -521.542480 15.323720 674.143616
v -521.834473 15.293584 674.015076
v -520.515503 15.378697 673.026062
v -519.690491 15.450170 672.687561
v -523.926025 15.386663 677.143311
v -519.542725 15.419362 671.776733
v -523.973145 15.234471 675.393372
v -518.708862 15.669744 673.754883
v -524.659363 15.116246 674.249512
v -523.918396 15.521002 678.841980
v -528.368469 15.291967 679.794067
v -528.385742 15.396002 681.700439
v -527.210876 15.550879 681.328430
v -529.851929 15.354895 682.966919
v -531.748779 15.113668 684.610779
v -532.266907 15.134069 682.451660
v -525.921265 15.768164 681.496155
v -523.745972 15.640478 679.626099
v -521.901489 15.821234 679.671265
v -524.841553 15.717749 680.609985
v -521.623657 16.055639 680.465088
v -525.858337 16.079138 683.110474
v -527.348877 15.922537 683.892822
v -526.274597 16.236944 684.971680
v -528.595886 15.820715 685.028687
v -520.393005 15.868917 678.790039
v -525.792969 16.504675 686.555054
v -531.843994 15.213186 686.339355
v -529.426208 15.981467 689.786987
v -526.546936 16.536657 688.896484
v -524.595764 16.810598 687.832581
v -524.067383 16.789511 686.890747
v -522.569275 16.923056 686.421021
v -521.852051 17.305716 688.051514
v -520.971619 16.848257 684.566650
v -521.234375 16.753927 683.834412
v -520.773682 16.534246 682.196289
v -516.414978 16.818029 681.280884
v -519.025635 16.837317 683.396851
v -519.888428 15.511587 676.525513
v -515.259644 16.701971 678.388428
v -519.162964 15.507909 675.343872
v -513.198181 16.816061 675.817810
v -514.519714 16.221838 670.826904
v -517.425049 15.599263 669.745117
v -519.461853 15.075109 668.391602
v -513.326416 16.500372 670.468750
v -510.783417 17.140585 674.009399
v -509.654205 16.567051 668.022217
v -511.592957 16.435001 668.148804
v -509.027283 17.443686 674.146790
v -508.111206 17.557165 674.569946
v -506.041016 17.252020 672.768860
v -506.396851 16.558277 669.270874
v -504.763123 16.715704 670.963074
v -507.049225 16.303913 667.640991
v -504.842133 16.621984 670.514648
v -503.455750 16.530279 670.779358
v -507.639740 16.235081 666.787720
v -506.838104 15.970342 666.205078
v -502.010925 16.379416 671.195496
v -505.655731 15.549672 664.917236
v -506.713409 15.688436 664.733337
v -502.013306 16.422689 670.021362
v -503.165863 14.887180 663.127075
v -506.923218 15.868168 662.510742
v -503.829102 15.350698 664.804199
v -503.861084 15.008472 660.628174
v -501.079712 15.798421 666.631958
v -507.487244 15.756504 660.755554
v -502.604095 15.521810 665.823730
v -503.615356 15.146397 658.209167
v -506.570801 15.287296 656.771362
v -502.785126 15.276066 656.404541
v -502.186310 16.240726 667.734253
v -501.555145 15.174442 653.408813
v -506.254639 15.047794 654.965698
v -498.254883 16.124500 667.111816
v -499.632935 15.835515 665.642029
v -498.430695 15.243778 661.499512
v -499.708618 16.275412 669.512573
v -500.240540 15.961431 671.857178
v -497.160034 15.858098 666.559326
v -500.742554 16.069326 673.001953
v -495.478760 14.235082 670.787781
v -497.218201 15.100803 660.323853
v -496.062744 14.993198 658.992493
v -494.205933 13.859059 671.587708
v -489.151733 14.672566 670.250244
v -491.961060 15.437809 655.926025
v -496.572327 14.952213 657.046143
v -489.368713 15.652424 654.690186
v -487.845032 16.380238 651.673706
v -484.163696 15.532932 661.205933
v -485.685608 15.527074 664.898743
v -486.149994 15.409108 667.316101
v -486.487854 15.176351 669.336670
v -483.235016 15.922657 659.409851
v -483.737427 16.057438 657.834839
v -485.835754 14.832829 673.436401
v -483.885956 16.909168 653.871033
v -489.096008 14.022328 674.843628
v -486.888245 16.974308 649.281982
v -484.178070 17.552586 650.228088
v -486.844116 17.336643 647.241760
v -488.296509 17.821720 644.950562
v -483.821503 18.435764 645.529053
v -488.720001 18.178026 642.649597
v -487.705841 18.414537 641.042358
v -483.426208 18.833010 642.573242
v -482.391602 19.071169 640.713318
v -486.768127 18.858553 638.054199
v -484.164001 19.221025 635.630371
v -483.910583 19.326036 633.486328
v -480.633179 19.160006 639.392090
v -485.088867 19.381838 630.560669
v -479.247437 19.231401 639.402344
v -485.258728 19.312792 628.630920
v -474.862610 19.376268 638.709473
v -476.390442 19.312090 641.093750
v -472.426056 19.448153 637.273071
v -470.666046 19.537676 637.298401
v -469.176697 19.856447 638.739136
v -466.796143 19.936861 638.077759
v -469.637756 20.089128 640.735596
v -466.154755 19.933153 635.757202
v -464.302490 19.911547 634.862915
v -462.697876 19.751406 635.805176
v -467.467957 20.183321 641.894287
v -464.979980 19.911257 639.649353
v -471.456482 20.089098 642.326660
v -471.254852 20.067202 641.787720
v -464.683716 19.947130 642.116333
v -468.868347 19.160295 627.441223
v -467.853729 19.117083 626.553955
v -470.269775 18.821001 626.460449
v -468.245728 18.899874 625.347290
v -469.531067 18.715319 625.093811
v -470.297424 18.731142 625.710815
v -470.270966 19.011200 618.841064
v -480.665771 19.237825 624.501831
v -482.918823 19.238405 625.367493
v -478.677124 19.235506 622.452209
v -478.213562 19.278841 620.656494
v -474.124207 19.209642 620.452332
v -472.613831 18.953341 619.227051
v -463.327271 19.105957 615.363892
v -461.608032 19.031097 616.258362
v -461.810303 19.002472 618.475586
v -462.880249 19.130846 623.144165
v -461.392151 18.761141 620.599121
v -461.280396 18.764498 620.148254
v -459.266296 17.865572 621.644775
v -461.672882 19.135241 624.607483
v -458.643005 17.238100 620.588562
v -459.390137 18.751589 623.946106
v -456.969788 18.762728 624.629517
v -456.787994 18.071932 621.953552
v -455.872955 17.523149 620.163757
v -455.266785 17.267166 618.927734
v -454.271484 17.780413 619.799377
v -452.676849 18.176180 620.140869
v -455.684326 18.979662 626.954712
v -455.428467 19.128633 629.329590
v -454.414551 19.134264 630.520386
v -458.808167 19.240053 637.761169
v -460.739929 19.395021 637.277405
v -462.504333 19.758699 640.514526
v -461.351349 19.658403 641.730530
v -459.929382 19.342165 642.643555
v -459.159180 19.289141 641.753906
v -455.736633 19.021746 641.347900
v -457.540558 19.184908 640.337036
v -454.047546 18.905809 640.924500
v -452.466339 19.090380 630.848145
v -450.442871 18.969118 629.814453
v -450.110138 18.942476 627.860962
v -450.542725 18.571230 641.155823
v -447.958801 19.059404 637.854980
v -444.739868 19.867571 634.333252
v -444.780090 19.761660 631.614502
v -445.757996 19.294329 630.259033
v -446.819977 18.960466 627.407593
v -449.378601 18.885241 624.629150
v -451.485596 18.944948 625.719910
v -448.454590 18.911226 624.792725
v -448.403351 18.879503 622.019287
v -531.017456 15.142019 677.643005
v -529.995178 15.247320 679.357300
v -532.449402 15.135107 676.516235
v -531.759338 15.231236 675.281250
v -531.913757 15.485646 673.313293
v -533.610291 15.764928 672.654175
v -535.926025 16.092123 673.050720
v -533.778503 16.159582 669.901672
v -537.021118 16.024817 674.580200
v -533.234009 16.399525 667.206909
v -538.295410 15.758261 676.893921
v -536.774170 15.719961 676.147705
v -530.746826 16.029209 666.011108
v -530.124939 16.135166 664.010620
v -528.721130 16.064579 662.445435
v -530.317932 16.564274 660.279602
v -531.955994 16.969227 659.832397
v -532.986938 17.387699 658.252319
v -544.494690 18.389957 669.373291
v -542.636658 18.148579 668.526123
v -541.896790 18.260105 667.059570
v -543.076111 18.657978 665.354309
v -544.507812 17.143667 675.051147
v -549.418579 18.445929 672.557861
v -542.487244 16.211752 677.474243
v -541.038025 15.854162 678.258545
v -538.262817 15.146185 679.845154
v -550.837585 18.890448 670.320374
v -545.621033 18.557438 668.958008
v -548.243530 18.792683 669.230225
v -550.802734 19.058323 667.903442
v -552.109436 19.218876 666.235840
v -553.799927 19.178593 667.603760
v -552.070007 19.275974 664.175598
v -557.212036 19.214634 662.591248
v -550.639648 19.292744 662.941650
v -548.362488 19.258381 662.324646
v -557.860046 19.187321 665.425232
v -557.702148 19.159534 664.018188
v -559.446045 19.126591 664.969055
v -561.113770 19.055592 664.891235
v -562.977295 18.881077 665.818848
v -546.611755 19.165607 662.514709
v -544.926392 18.934513 663.971130
v -557.980530 19.190205 661.110657
v -555.149353 19.462452 659.255920
v -549.705322 19.704090 657.960999
v -561.270020 19.142673 661.429565
v -561.931458 19.056293 662.568848
v -545.546936 19.784733 655.959961
v -563.960205 18.981937 663.255493
v -542.232544 19.433933 653.636719
v -562.033447 19.009708 663.940918
v -540.324768 19.066715 654.339722
v -567.382812 18.853168 665.191284
v -538.435486 18.570332 655.400513
v -569.822693 18.732151 665.940063
v -566.498718 18.748600 668.309326
v -572.344543 18.470829 668.020020
v -567.825378 18.617468 670.342773
v -573.932861 18.149725 670.364502
v -544.642700 18.819828 665.369507
v -536.794006 18.315922 655.405029
v -533.207031 17.639042 656.601807
v -575.180237 18.119238 672.336060
v -567.957153 18.424536 675.539307
v -566.547180 18.061453 680.192688
v -573.256165 18.028051 676.648865
v -575.188965 18.008444 674.045105
v -570.905640 17.945501 679.004639
v -569.950500 17.705053 680.954773
v -568.849915 17.613913 682.831787
v -567.113953 17.590216 683.561584
v -566.810242 17.441153 684.691528
v -568.590454 17.332067 684.350830
v -568.080688 16.446020 688.561157
v -570.077454 16.647421 688.232727
v -571.284912 16.392050 689.737122
v -570.894348 16.120382 690.802185
v -570.525146 13.183296 702.585571
v -569.173584 13.434349 701.075928
v -568.173157 15.875403 690.889282
v -485.496490 14.648503 675.235046
v -487.289673 14.027105 677.757324
v -489.915405 13.939672 676.515381
v -488.001282 13.708456 680.380798
v -491.160522 13.633520 680.791931
v -488.356750 13.743795 683.205566
v -487.590942 13.700842 681.881348
v -492.402588 14.225882 683.735352
v -489.034058 14.349951 686.701538
v -492.987976 14.652044 684.407288
v -488.981049 14.962897 690.365356
v -490.778931 15.257178 689.951782
v -495.240295 15.271276 683.777222
v -494.517944 15.973624 689.689148
v -497.039185 16.465872 689.412231
v -498.024811 16.712194 691.555542
v -498.784729 16.802618 686.759583
v -498.596924 16.190924 680.888428
v -502.436310 17.385611 679.935913
v -500.343689 16.573462 678.682129
v -501.476532 17.241308 684.997925
v -500.328369 17.136679 687.478271
v -502.425049 17.451605 682.444031
v -502.544739 17.390936 681.056641
v -503.475464 17.555243 680.483643
v -500.714935 16.465582 676.185547
v -503.133240 17.292181 678.063599
v -499.993591 16.256765 676.347534
v -502.274536 16.818533 675.686951
v -501.486267 16.555487 675.346436
v -500.241180 15.902699 673.181885
v -499.050232 15.707280 674.623413
v -498.203064 15.455800 674.937744
v -498.449707 15.477040 674.658203
v -496.358887 14.864552 675.687134
v -500.253906 15.535892 650.879822
v -500.209045 14.997364 652.292847
v -504.304779 14.709460 649.366089
v -508.511536 14.855320 652.919434
v -506.899963 14.601153 647.184326
v -510.667908 15.106907 651.105286
v -512.569824 15.450031 650.591675
v -515.097961 15.954944 650.050293
v -516.331116 16.100712 647.232056
v -517.378052 16.231037 645.504028
v -512.066650 14.894336 641.811768
v -510.451660 14.772998 642.994324
v -514.844360 15.322040 641.982544
v -516.653564 15.962512 644.262451
v -515.189331 15.058429 639.713684
v -516.157288 14.969835 637.521362
v -516.470642 15.148273 638.190552
v -513.654663 14.993654 637.236084
v -516.232788 14.750017 635.569824
v -517.863708 14.718767 633.775085
v -518.831970 14.323610 630.367432
v -519.408203 14.795092 633.648315
v -521.752930 15.643450 635.070923
v -523.772949 16.033083 634.561401
v -519.866394 14.280733 627.855896
v -523.392822 14.485261 624.807556
v -525.642639 15.436388 630.651367
v -525.864502 15.960573 632.026062
v -525.983704 15.108812 627.591858
v -524.849976 14.107423 620.377441
v -528.420715 15.094834 622.151611
v -530.185425 14.879090 618.064697
v -527.886292 14.531281 617.747925
v -530.957886 14.989549 616.147644
v -530.490540 14.940339 614.842651
v -531.789246 15.027237 612.084595
v -532.681030 15.118562 614.302734
v -534.282532 15.026443 611.406250
v -534.949585 14.940277 608.895630
v -537.185303 14.970245 609.164307
v -560.540161 14.458006 580.191711
v -559.201721 14.771757 583.263306
v -562.191284 14.943235 580.692993
v -561.775391 14.373991 578.474487
v -565.266663 15.248381 578.630615
v -563.843384 14.267774 574.255066
v -569.314880 15.695066 576.345581
v -565.184875 14.272641 573.551514
v -571.034058 15.191342 573.594604
v -573.273926 15.315289 572.266357
v -568.125366 14.107129 570.961060
v -577.416931 15.331494 569.319946
v -576.493469 15.462338 570.523560
v -579.081665 15.493085 569.008911
v -571.070923 13.861997 567.711304
v -568.904663 13.979764 569.423401
v -573.655396 13.858411 566.638428
v -575.349792 13.822904 565.675232
v -581.613403 15.157376 564.617920
v -577.870667 14.383588 564.850464
v -579.371643 14.631116 563.787842
v -580.353088 15.840222 569.669434
v -583.031128 15.747510 568.106812
v -582.171753 16.208586 573.132690
v -585.110046 15.928311 571.884277
v -583.798706 16.371153 575.578918
v -583.326477 16.361082 578.437927
v -583.606262 16.160124 581.901489
v -583.382629 16.064253 585.054810
v -584.466370 15.751249 587.250000
v -583.382935 14.960204 591.510925
v -584.333984 15.343169 589.208740
v -586.010986 14.920394 590.516296
v -590.004883 14.199599 592.804626
v -588.513794 14.723922 590.480713
v -585.272888 14.615203 593.409912
v -583.702026 14.863860 593.274963
v -587.629944 14.229278 594.665161
v -589.156799 14.089568 594.496582
v -586.457947 14.356429 594.575806
v -586.392334 14.222564 595.778931
v -585.879517 14.026122 597.432861
v -585.941650 13.776275 598.458862
v -585.803772 13.914367 599.927246
v -587.177551 13.121978 598.927612
v -588.785889 12.565276 597.636719
v -584.072571 15.374084 603.815918
v -592.516479 12.215713 595.090088
v -584.024780 15.457108 605.912598
v -593.168640 12.286635 597.775940
v -594.863098 12.214614 597.049622
v -592.340393 12.387847 599.362427
v -593.309998 12.376114 601.955688
v -583.892578 15.600647 609.386719
v -593.163452 12.463806 604.359131
v -593.440186 12.543549 607.915649
v -595.072998 12.499603 609.241516
v -595.417419 12.514847 610.361511
v -597.393372 12.104936 614.385437
v -598.558899 12.381683 611.715332
v -599.131042 11.728501 613.458557
v -594.165527 12.331712 616.142639
v -602.314575 9.847198 612.209595
v -593.338379 12.400697 617.539795
v -601.600037 9.948334 610.870361
v -601.871277 9.659378 608.870850
v -604.982056 9.192657 612.144592
v -600.581299 10.043777 608.909302
v -599.966248 10.731415 610.379883
v -606.501465 8.965684 613.739624
v -606.440063 9.124040 616.013794
v -603.030212 9.263199 607.029419
v -594.656677 12.540315 621.071960
v -605.854736 9.518922 620.321411
v -604.364136 9.754167 618.525452
v -603.889526 10.098512 620.190308
v -607.385132 9.292039 621.974487
v -585.326477 15.697953 614.541992
v -583.982422 15.953842 611.972290
v -586.038025 15.704347 616.865356
v -585.789368 16.518709 621.669373
v -587.643738 16.125246 625.486389
v -588.859314 15.928377 627.673828
v -608.658447 9.380266 626.310669
v -606.463562 9.896119 624.736450
v -606.675171 10.004946 625.702759
v -609.271790 9.524187 628.677002
v -596.548279 12.418107 624.628052
v -597.327332 12.226960 622.952820
v -589.906006 15.380800 627.901489
v -590.064514 16.923952 633.589233
v -589.887878 17.210558 634.101746
v -593.984314 14.448168 634.658936
v -592.879028 15.050234 633.854248
v -593.715210 14.091692 632.254517
v -591.814331 14.300707 628.093628
v -593.535156 13.809893 630.697144
v -596.569458 13.488787 636.557739
v -597.894470 13.478015 638.840881
v -599.497498 13.000384 639.554749
v -600.615173 12.645511 640.746582
v -596.705322 12.419191 627.190308
v -597.217834 12.345964 628.842529
v -598.531006 12.416399 631.185181
v -598.806580 12.604555 633.581116
v -600.183472 12.606539 635.632690
v -603.761719 12.220079 636.655396
v -601.975098 12.683551 643.392517
v -607.009644 11.620241 635.647827
v -602.139648 13.584521 646.713989
v -607.716003 11.276262 633.135559
v -601.309448 15.348987 649.865784
v -603.275574 15.208286 652.281250
v -607.272827 11.053911 631.002319
v -605.596313 15.640278 655.816772
v -607.637756 15.055485 656.776062
v -610.136719 14.632771 657.770081
v -613.919739 13.144352 656.709045
v -608.650269 12.113025 649.544128
v -607.932617 12.153705 647.631104
v -607.886780 12.241244 644.725952
v -610.580200 12.206348 651.371216
v -609.055481 11.964541 642.291260
v -610.763428 11.639834 641.244751
v -613.442261 12.212666 651.456543
v -617.274780 12.855106 656.621094
v -616.133850 11.898593 649.063965
v -617.430664 11.230411 646.222656
v -621.916748 12.244159 649.531189
v -621.599915 12.286518 650.951355
v -621.402710 12.418674 654.468750
v -623.086182 12.455753 656.885010
v -619.904175 12.991261 659.292603
v -623.402771 10.288028 648.348022
v -623.439880 10.162631 647.874512
v -619.311829 10.374804 645.556152
v -628.071838 9.669650 649.572266
v -626.703918 10.410724 650.247925
v -631.258667 9.268771 649.551697
v -624.032654 9.610736 645.628357
v -632.366760 9.203403 649.932617
v -622.500305 9.443408 643.723389
v -626.612610 12.543659 659.284424
v -631.106934 12.674564 660.381470
v -632.938477 12.440098 660.593384
v -620.067200 14.720432 663.030396
v -635.489258 12.187412 660.239868
v -623.526306 14.913091 665.038330
v -620.002319 15.891469 664.906860
v -624.852783 15.104741 666.227661
v -625.080627 15.857961 667.852844
v -637.153809 11.925755 659.146606
v -638.037720 11.726856 659.223999
v -635.598938 13.654866 667.556030
v -632.795410 15.092946 669.876465
v -636.828430 13.098088 666.439148
v -630.090332 16.316122 672.240112
v -624.234009 16.658117 669.655945
v -640.113953 11.986730 663.568604
v -629.200806 16.612036 673.316895
v -624.680176 16.876822 671.708496
v -626.532104 17.058554 674.753845
v -628.003906 17.044607 676.012085
v -627.021912 17.088720 679.034912
v -627.145874 17.007940 683.393494
v -626.385376 17.039572 680.523071
v -625.859436 16.952734 682.924377
v -627.703491 17.029287 686.037598
v -623.906372 16.746511 685.129150
v -642.837402 10.448277 660.699707
v -641.547546 11.264668 662.810791
v -639.409363 10.805332 658.224243
v -640.572754 9.987949 657.549866
v -644.642944 9.488544 658.465332
v -641.791992 9.320164 655.696411
v -645.590393 9.046513 656.105103
v -641.091492 9.183140 654.121277
v -638.667358 9.151615 652.481934
v -636.719910 9.211048 652.040527
v -625.718872 16.941488 687.976318
v -627.170349 16.995840 687.363953
v -621.447571 16.364920 686.369690
v -623.793335 16.849173 691.520264
v -649.175476 8.667591 653.110229
v -648.581055 8.831669 655.064453
v -650.862976 8.492573 651.272949
v -651.826050 8.374438 650.135193
v -623.551270 16.877813 693.902832
v -622.338867 16.810875 695.153076
v -621.651062 16.835976 698.588623
v -619.592285 16.622414 700.778687
v -616.593140 16.452904 702.598389
v -614.840698 16.697899 704.451050
v -611.327332 16.677071 705.103088
v -615.006165 15.877921 697.425903
v -614.796021 15.815925 694.455811
v -613.524292 15.958793 699.301636
v -610.944885 15.957358 700.496521
v -615.492798 15.575339 691.700500
v -609.098511 15.969932 700.434082
v -617.102234 15.783819 686.655884
v -614.114197 15.496604 688.792664
v -608.315002 16.079750 701.313110
v -608.694214 16.405739 703.775757
v -605.972351 16.209114 699.522095
v -608.128845 16.075035 699.167847
v -606.901550 16.221382 696.490662
v -603.434265 16.369591 700.647949
v -606.262817 16.527761 693.830688
v -599.969971 16.461388 700.989502
v -596.766174 16.388832 702.170776
v -594.600769 16.352104 702.266113
v -603.412109 17.403418 692.043152
v -606.458984 16.658239 690.884277
v -604.338867 17.087576 690.452637
v -604.453796 16.990194 689.622009
v -607.303467 16.619040 687.856567
v -601.394470 17.513113 692.520508
v -600.534790 17.501120 693.478271
v -599.027771 17.483023 693.960571
v -596.659790 17.471869 694.663696
v -598.168945 17.515265 692.974731
v -595.415588 17.475502 694.862061
v -595.274597 17.298027 697.061890
v -594.897644 16.849266 699.619263
v -593.123535 16.415489 701.860474
v -590.542236 16.174095 703.283447
v -592.667969 16.095222 704.583374
v -588.108582 16.057411 703.275085
v -593.113098 15.939217 707.599243
v -587.280640 16.120445 702.331177
v -594.334045 15.778145 709.773315
v -594.439453 15.820946 708.778687
v -590.624390 15.663399 712.372803
v -589.080139 15.694633 712.700562
v -590.239685 15.672723 713.792114
v -589.065552 15.696374 716.501465
v -591.538818 15.681466 714.765747
v -591.534546 15.737237 717.178589
v -585.686707 15.793343 711.666382
v -583.438721 15.789497 711.187134
v -580.091431 15.650337 707.589722
v -580.244812 15.788368 712.504028
v -579.733215 15.557106 704.272217
v -579.553589 15.761131 702.196472
v -587.155579 16.390739 700.422485
v -578.990601 15.932944 700.234131
v -589.216309 16.669685 697.508911
v -589.105469 16.517876 699.179199
v -577.368408 15.670341 711.445618
v -578.350220 15.632835 709.510742
v -578.259460 15.859368 714.400879
v -575.870239 15.733955 713.650024
v -602.997314 9.091599 604.632446
v -602.264771 9.452209 607.069458
v -605.079651 8.441437 600.967407
v -599.968628 9.519592 600.880249
v -608.369873 8.017090 601.652832
v -602.475220 8.942519 599.818970
v -599.478455 9.581939 599.095459
v -596.625916 10.707335 597.776367
v -611.526855 7.869430 602.396606
v -614.775635 7.996521 606.784973
v -613.570068 7.981613 604.806519
v -614.319153 7.984436 603.288025
v -617.958618 8.036102 608.090759
v -622.345337 8.143356 608.982300
v -624.103577 8.171616 610.496399
v -627.704285 8.056382 613.048950
v -630.248047 7.579895 614.494629
v -629.978271 7.800493 623.369507
v -632.422058 6.927262 614.945312
v -634.362244 6.142075 614.847778
v -627.979431 7.920122 623.900940
v -631.218506 7.826219 622.537598
v -636.023499 7.561601 620.340088
v -637.809875 7.452897 619.804504
v -625.081665 8.486437 626.649841
v -639.704346 5.655335 613.849243
v -635.955444 5.932129 614.137451
v -640.440796 7.168489 618.887085
v -641.148499 5.839493 614.203247
v -642.250000 6.889207 617.932251
v -645.313660 6.820191 617.091919
v -642.565674 5.669327 613.464355
v -646.780762 5.879776 613.998962
v -648.398438 6.658540 616.532593
v -652.448608 6.023606 613.609619
v -655.003906 5.929261 612.973450
v -649.799866 7.073945 617.298828
v -660.651672 6.064759 612.511963
v -650.221985 7.744493 619.438721
v -648.895630 8.122453 621.254028
v -647.832275 8.393357 622.687988
v -644.637207 8.699160 625.925049
v -666.710693 6.278351 612.601562
v -663.086670 6.005539 612.092896
v -669.261597 6.716431 612.683105
v -642.875854 8.635561 627.536133
v -671.240417 7.512833 611.635132
v -675.742249 8.504852 610.989136
v -671.759277 9.920380 608.746643
v -677.167053 10.180466 608.825317
v -673.381409 10.761261 607.524048
v -674.603088 11.342880 606.550720
v -677.011169 7.588624 612.476685
v -673.291016 11.371277 605.846802
v -678.143005 7.338486 613.008179
v -673.617554 11.561737 602.733032
v -669.530029 11.685791 603.280701
v -671.436096 11.524231 604.957214
v -666.185608 11.646545 605.165527
v -669.987854 11.514099 605.614380
v -671.483459 11.647812 601.808960
v -673.932556 11.677321 597.286987
v -668.340515 11.963760 602.392090
v -667.974304 12.368529 599.499329
v -679.797302 7.469300 612.630127
v -681.612244 7.871445 611.134521
v -665.852539 12.581786 598.251099
v -661.330139 11.717651 605.283447
v -663.764709 11.591934 605.715088
v -658.255798 11.789978 606.767578
v -655.271973 11.762665 606.964294
v -664.040283 13.204314 596.248596
v -650.415588 11.696503 607.155457
v -644.536499 12.058685 603.400757
v -645.734009 11.895538 606.569153
v -660.981628 13.936278 592.764282
v -653.478210 12.335297 601.679321
v -652.597107 12.108688 602.373413
v -649.747314 12.051178 602.677185
v -648.437927 12.235550 601.807068
v -643.468384 12.050323 604.794312
v -639.998108 11.730255 608.060791
v -642.091858 12.013336 605.212769
v -639.751648 12.104126 604.759094
v -638.393311 11.660522 607.426636
v -644.327759 12.598587 601.238220
v -648.495483 13.020705 599.467163
v -633.929688 11.765274 606.762451
v -636.633545 11.590149 607.629028
v -638.760437 12.376755 602.205261
v -630.862854 12.035675 605.494995
v -628.727356 12.558411 602.382019
v -639.307800 12.631073 600.700439
v -625.817749 13.307632 601.303711
v -645.843140 13.535995 596.558472
v -641.870483 12.985015 600.003418
v -647.292175 13.559173 596.548584
v -650.184998 13.381759 597.678345
v -644.633911 13.625625 595.492859
v -651.261108 13.446242 597.066162
v -653.206665 12.912963 598.731873
v -648.178284 13.675384 595.626221
v -653.940125 12.855422 598.727905
v -651.762512 13.682128 595.276123
v -653.833740 12.537918 600.401245
v -653.519775 13.806960 595.057739
v -655.061890 13.044845 597.691284
v -648.121094 13.830260 594.108215
v -655.133606 13.402724 596.426025
v -652.784790 14.129149 590.684937
v -646.610718 13.804915 592.917847
v -654.892700 13.953795 591.854980
v -656.262573 14.013122 589.974365
v -658.569031 14.004302 589.168518
v -654.077271 14.025008 588.031250
v -654.465820 14.034301 588.599365
v -652.794189 14.104430 589.371521
v -651.728943 14.097991 587.935547
v -646.585999 14.057555 589.352234
v -644.438110 14.243834 588.687439
v -644.974426 13.729171 593.988647
v -641.470642 15.254455 588.085571
v -640.341675 14.797530 588.275146
v -637.281738 13.830749 591.860657
v -637.827881 13.508422 595.834473
v -636.475098 13.388412 597.054871
v -634.704102 13.300918 597.397949
v -631.194763 13.536681 596.405579
v -631.750793 13.574584 595.452454
v -627.442444 13.610793 599.014526
v -625.021301 13.699889 599.515503
v -623.175659 13.513885 600.567261
v -620.710388 13.494263 600.770630
v -611.764771 11.526675 641.460876
v -611.040100 10.921527 639.342529
v -610.195068 10.978868 637.537720
v -612.258179 10.471164 640.238708
v -610.570557 10.162127 636.118103
v -613.428223 10.337665 641.318115
v -613.540222 9.855960 640.069702
v -611.444458 9.657274 635.414734
v -608.452148 10.007723 630.033325
v -613.848206 9.119982 636.182373
v -614.625427 9.439776 638.724854
v -616.267639 10.645343 644.090698
v -617.910217 9.801425 642.788696
v -618.445496 10.553332 645.435791
v -619.322876 9.570132 642.578735
v -620.311768 9.716281 643.922241
v -621.706055 8.563906 635.225952
v -623.497070 8.730043 636.468689
v -628.437683 8.387911 636.752075
v -631.784851 8.308626 635.956299
v -621.542542 8.544069 633.053955
v -634.421631 8.197512 634.398438
v -623.118896 8.515673 631.333984
v -634.988342 9.496769 652.859985
v -637.519287 8.256868 632.501831
v -640.402893 8.302904 630.739502
v -653.479370 8.128192 649.193420
v -656.691040 7.897418 648.572876
v -659.299133 7.671771 647.105225
v -662.442017 7.585971 645.318115
v -666.422424 7.519534 642.916504
v -664.260559 7.479175 644.965210
v -669.339600 7.754717 640.742249
v -671.083618 7.953661 639.384033
v -673.391846 8.514360 635.142456
v -676.382263 8.433794 633.656494
v -679.695984 8.560961 631.832886
v -684.516479 8.622133 629.587280
v -685.863586 8.633989 629.408203
v -671.258301 8.817369 623.562012
v -669.509216 8.906587 624.491211
v -667.382446 8.814607 624.138306
v -666.770813 8.692933 622.253052
v -671.177551 8.675660 621.259033
v -668.796570 8.551255 620.706299
v -689.623779 8.624300 625.448608
v -688.846558 8.541277 630.036377
v -690.201294 8.672120 624.080750
v -691.790527 8.680863 623.109497
v -690.697205 8.598513 626.578430
v -691.729919 8.405901 633.550293
v -694.559937 8.265291 635.575684
v -692.291016 8.591280 626.436218
v -693.071106 8.709840 624.032715
v -696.616455 8.244005 637.519775
v -699.115723 8.233798 638.670776
v -697.461792 8.226748 639.361206
v -703.338257 8.102054 638.441833
v -706.598450 8.038196 639.638062
v -708.446106 7.930972 640.733398
v -712.039795 7.841876 641.494141
v -716.433411 7.812121 641.085876
v -721.446289 7.710391 640.454102
v -724.200867 7.728518 641.097351
v -726.558472 7.739825 638.928894
v -729.313110 7.700091 637.968872
v -732.960083 7.750643 635.563049
v -732.072449 7.743227 637.064514
v -734.417480 7.754275 635.000488
v -737.911865 7.750734 632.826416
v -741.531738 7.694826 631.774597
v -743.810425 7.666704 630.558105
v -745.407043 7.618944 628.627930
v -749.404480 7.615388 627.412842
v -753.945740 7.635377 625.386780
v -750.573730 7.604173 627.380371
v -756.951538 7.647783 624.233032
v -734.775452 7.707139 624.712891
v -733.743469 7.698366 624.716919
v -732.977295 7.712984 623.588867
v -733.562317 7.651002 622.560059
v -734.930237 7.619981 623.041443
v -733.623474 7.895967 618.936890
v -735.183350 7.688722 619.096741
v -736.871338 7.520219 618.146851
v -732.598022 9.014176 616.263306
v -732.959351 10.052842 613.958618
v -720.883423 8.430192 616.648010
v -721.834229 9.312974 615.823730
v -719.968689 7.993043 618.127136
v -720.038696 10.339845 614.323914
v -718.354492 7.853929 618.111328
v -716.408447 7.645570 616.741577
v -716.086182 7.512375 614.998291
v -716.413696 7.894272 614.027832
v -714.926941 8.497758 612.656982
v -714.733093 9.958984 611.395874
v -689.149780 7.778290 612.815552
v -686.191895 7.617936 611.321167
v -690.322388 8.411133 612.560974
v -685.581543 8.443512 610.148438
v -682.350586 8.696442 608.870117
v -689.073547 8.806854 611.209717
v -687.210388 8.729660 610.278687
v -682.906921 9.826859 605.427185
v -684.352844 10.362091 602.914612
v -684.054199 11.552901 599.701416
v -679.236877 13.560561 596.220337
v -679.004517 13.165191 597.182739
v -682.676514 13.545516 595.072815
v -687.604187 13.210601 593.692871
v -698.726868 13.146590 590.502136
v -689.599670 13.287871 591.288513
v -694.450134 13.229857 588.807739
v -697.335938 13.147108 584.332642
v -699.976685 13.009582 592.129395
v -699.465942 13.144454 588.926270
v -701.061768 13.016891 592.541016
v -700.781067 13.129729 588.992432
v -701.987427 13.081328 590.210632
v -701.905029 13.060851 591.632446
v -698.998169 13.107130 580.407104
v -699.390015 13.274275 577.359619
v -699.634094 13.407957 576.044006
v -699.293396 13.565854 571.963501
v -701.224365 13.495420 570.247192
v -712.227356 12.841872 589.891418
v -710.612427 12.867934 591.315796
v -710.128357 12.813109 593.069702
v -711.680908 12.843444 595.425598
v -712.314331 13.539184 597.524170
v -713.064270 13.432509 596.975220
v -713.096008 14.585876 598.011353
v -710.289551 12.735473 597.946045
v -714.650452 16.185623 598.867859
v -711.346130 15.104491 599.161743
v -709.778870 11.835571 600.078796
v -713.238647 16.690155 601.414673
v -716.707642 16.740524 598.955566
v -715.136841 16.898270 603.631897
v -716.770203 16.314499 605.092773
v -710.555542 12.264435 602.010010
v -712.806885 12.613983 604.402344
v -715.019531 12.091248 607.979492
v -716.366272 12.787842 608.562866
v -699.033752 8.614914 609.931274
v -698.273010 7.528870 611.290283
v -701.620117 9.931732 608.618652
v -703.575623 9.939774 609.126099
v -699.926758 6.190735 611.830261
v -704.336365 10.143005 608.574219
v -700.475586 6.145096 611.001526
v -704.078735 6.994263 610.539062
v -705.503174 9.634232 608.845459
v -705.535767 8.041000 610.123047
v -716.457275 10.835495 611.526428
v -734.050293 10.393220 613.039795
v -716.387634 13.812103 607.447021
v -715.582947 15.105820 605.572144
v -718.055542 16.197495 598.297668
v -718.475525 13.879165 596.344299
v -724.317017 14.135360 595.768921
v -726.447083 15.725448 597.132568
v -727.912109 15.825988 597.420044
v -724.906982 13.095473 594.763062
v -725.763916 13.212783 595.311523
v -719.009216 13.090728 595.249512
v -716.483459 12.603362 591.382507
v -715.151001 12.498809 589.816406
v -723.923767 12.574645 593.265137
v -726.373901 12.705260 594.323364
v -729.744934 12.513701 594.371460
v -726.433411 12.554931 592.860229
v -728.585876 12.517928 593.068237
v -731.097717 12.465423 594.712158
v -728.908020 12.621184 591.660156
v -725.356995 12.547027 592.348877
v -731.291992 13.060531 596.005859
v -730.774658 12.888900 591.319458
v -732.605042 12.558806 593.759521
v -732.499817 13.592818 596.724487
v -732.332275 12.767852 592.604858
v -731.894165 14.309173 597.250488
v -715.523438 12.673216 575.317078
v -714.942200 12.782880 573.247986
v -712.617188 12.887555 571.705322
v -709.594543 13.380170 568.020630
v -707.124207 13.442121 567.383789
v -705.156738 13.108563 566.002563
v -702.287354 13.130628 567.940002
v -701.910278 12.852887 565.888916
v -701.031067 12.640973 564.295776
v -703.633118 12.800397 563.944824
v -703.077698 12.616544 562.410522
v -700.165283 12.436092 560.990662
v -703.439392 12.452847 559.499146
v -699.203613 12.430706 555.729858
v -699.146484 12.427288 557.983826
v -704.143677 12.450512 557.381104
v -704.412720 12.424740 555.302368
v -704.290466 12.415905 553.274109
v -698.264771 12.439250 548.577148
v -705.599609 12.395260 553.840759
v -698.746643 12.412991 553.558594
v -698.482910 12.445354 551.575928
v -703.793579 12.396999 551.177124
v -705.274170 12.380688 549.549561
v -707.065918 12.357464 549.681152
v -697.888855 12.502650 544.977295
v -710.808105 12.380504 545.944397
v -710.221375 12.353831 543.896912
v -699.120911 12.495769 540.913452
v -700.726562 12.486186 539.272705
v -710.245117 12.398524 541.694153
v -700.957581 12.492838 535.935303
v -713.344116 12.444407 539.161865
v -713.941833 12.472316 540.043213
v -713.612061 13.247462 536.870972
v -714.367432 13.277140 535.305664
v -715.853699 12.948008 534.832703
v -718.927490 12.576655 537.010742
v -710.777466 12.599070 534.009216
v -707.337585 12.411737 532.443237
v -713.239685 13.044733 533.652100
v -704.595581 12.385065 531.421936
v -703.208618 12.447123 533.111694
v -714.507263 12.805979 531.434631
v -717.122253 12.707499 531.297852
v -715.855164 12.622736 529.781616
v -712.825806 12.539164 530.117615
v -718.943359 12.720652 531.238159
v -716.839905 12.619165 528.428467
v -720.726807 12.679590 534.885010
v -719.756470 12.725595 529.827698
v -720.510010 12.585414 537.965210
v -720.179932 12.529292 538.980286
v -714.173218 12.558710 527.246460
v -712.518066 12.521494 527.696838
v -711.950989 12.533792 526.293030
v -718.545959 12.692530 528.426758
v -719.347961 12.736963 527.908875
v -717.326538 12.668039 526.720398
v -720.030884 12.762873 526.578857
v -721.058350 12.812357 527.002380
v -720.132080 12.743326 529.385498
v -723.855652 13.041697 524.768799
v -725.065063 12.944117 531.976929
v -722.388123 12.870996 527.411682
v -721.457397 12.779840 529.573792
v -722.692566 12.818048 528.563049
v -729.869568 14.023523 530.959656
v -727.029175 13.397791 532.077820
v -725.219604 13.362406 525.335144
v -728.674988 14.028711 526.352905
v -732.575623 14.654413 525.940674
v -732.728638 14.496576 528.768921
v -734.721252 14.712244 527.095825
v -735.695801 14.858163 524.182434
v -736.230530 14.833490 524.605347
v -736.890747 14.836007 522.483215
v -738.581909 14.860589 521.998291
v -737.797729 14.834023 519.858093
v -738.845520 14.671700 519.298889
v -738.996277 14.543420 515.792297
v -741.745361 14.820870 522.008606
v -740.782043 14.873788 522.302734
v -763.691406 7.609178 623.282532
v -761.661194 7.621141 624.122681
v -765.620117 7.605638 623.239563
v -769.444885 7.480165 624.655151
v -772.807922 7.718126 628.096802
v -771.124634 7.620653 626.550293
v -773.861328 7.761827 630.235962
v -777.677856 7.743608 633.682678
v -782.626648 7.705081 635.919434
v -786.484680 7.259310 636.359375
v -790.019104 6.384860 636.606018
v -792.010864 6.588549 635.915466
v -794.374268 7.284609 634.791138
v -796.681458 8.536669 632.335510
v -797.262451 7.954012 634.067139
v -795.913452 9.204821 630.608887
v -795.599609 9.819643 629.291992
v -796.902527 10.819475 627.903687
v -798.841431 11.438738 627.110840
v -799.068481 12.440080 624.103516
v -795.708130 12.792008 620.742493
v -792.227051 12.622270 619.871643
v -790.553345 12.749284 617.891724
v -786.217529 12.450578 616.174438
v -780.879944 12.098817 613.953857
v -778.463623 12.059403 612.971680
v -775.438782 11.845337 612.008423
v -772.543030 12.017776 609.733276
v -770.398193 12.251984 607.092529
v -769.347656 12.274887 605.034790
v -768.482422 12.281860 601.433838
v -737.746033 8.095124 615.633545
v -735.475037 10.007371 613.287292
v -736.421509 13.061339 599.709351
v -737.233215 12.222716 599.094238
v -735.523865 14.126540 599.003784
v -737.136536 12.154159 598.080811
v -734.687317 14.251769 597.760437
v -736.052124 12.252257 596.946167
v -729.554443 15.013503 597.261353
v -734.298584 13.454192 596.969849
v -769.003113 12.250640 592.918396
v -768.931091 12.298980 598.955383
v -769.994141 12.302093 596.299316
v -768.995667 12.320189 588.184326
v -747.541748 9.807585 582.347534
v -749.287048 9.764494 582.426636
v -746.342468 9.687605 581.164001
v -750.926758 9.841429 582.386475
v -746.380432 9.745497 579.812500
v -747.868774 9.753660 578.456055
v -749.836853 9.881666 578.236816
v -751.274902 9.910826 580.658875
v -768.088135 12.286131 584.044067
v -769.449646 12.293867 585.618652
v -766.171082 12.222868 581.150024
v -766.002258 12.276487 576.653381
v -763.834106 12.199629 574.931885
v -760.823181 12.130612 571.075562
v -756.426270 11.766339 570.350464
v -758.556885 11.928525 569.721069
v -751.356628 11.157651 568.345825
v -746.387634 10.547238 569.353271
v -742.784546 10.713422 569.315918
v -740.148987 11.227612 568.730591
v -737.715820 11.718839 570.150024
v -734.247681 12.069898 572.951660
v -735.812866 11.882916 571.384033
v -732.446899 12.160138 573.802368
v -727.441162 12.114347 575.244751
v -723.300171 12.267576 575.444458
v -721.547607 12.306317 574.061646
v -718.752808 12.431317 573.820679
v -718.202881 12.475950 575.386719
v -717.035278 12.520811 576.272827
v -779.318420 2.788949 520.964600
v -776.694580 3.517281 515.947083
v -777.183105 3.326653 517.821167
v -779.032410 3.195230 517.168701
v -781.033569 2.866845 521.661072
v -783.001709 2.934808 524.652466
v -780.378418 2.816446 525.166687
v -778.863953 3.492257 514.227173
v -779.874573 2.934702 527.000244
v -774.934509 3.665398 514.094116
v -778.978088 3.323830 511.524963
v -784.989380 3.195078 530.998901
v -778.269287 3.324305 529.288818
v -782.342346 3.102091 533.071594
v -779.916748 3.377253 531.943665
v -771.762085 2.995247 511.086792
v -779.549072 2.480232 508.985596
v -772.233032 2.503197 508.833435
v -769.305786 3.080864 510.404846
v -774.576965 2.642143 508.832458
v -769.936829 2.754845 508.563293
v -766.547485 3.328545 508.481628
v -766.955933 3.531640 510.191895
v -763.718872 3.971215 509.258362
v -778.049255 2.176644 508.628479
v -779.871216 1.181160 506.222168
v -779.552917 1.201378 506.293945
v -780.931396 0.819954 504.689453
v -762.333679 4.238961 510.979126
v -759.684998 4.426156 509.255981
v -779.546753 0.894813 504.246277
v -782.862427 0.345680 502.037415
v -756.047241 4.848824 511.307556
v -780.584900 0.368217 499.307556
v -760.383789 4.450814 512.324219
v -758.119568 4.623452 514.003967
v -754.883911 5.464928 514.552490
v -752.092041 5.883111 512.229187
v -752.565308 5.953759 515.417114
v -751.406372 6.173532 515.419128
v -748.309692 6.804177 513.169678
v -747.771729 7.153985 518.382324
v -746.537354 7.746896 520.229492
v -745.736694 7.221016 514.114075
v -743.207031 7.494042 513.823242
v -778.257935 0.779823 502.250488
v -744.114380 7.808343 520.770996
v -741.190796 7.696755 517.071838
v -742.969910 8.304574 521.388550
v -739.722107 8.459588 518.969482
v -777.338684 0.654808 498.480103
v -775.065796 0.972847 501.600708
v -778.328369 0.308021 495.840759
v -779.928162 0.190162 497.306519
v -756.357605 0.452486 422.954773
v -759.703064 0.707948 422.933289
v -756.098511 0.649400 421.136353
v -762.471680 0.777635 422.663513
v -759.304565 1.047791 413.412781
v -764.064697 0.748033 421.736877
v -761.119812 1.261979 412.065796
v -767.155396 0.721162 421.776062
v -763.204529 1.050187 411.866821
v -766.534058 1.155152 411.149414
v -771.348877 0.634187 422.595764
v -775.175903 0.614213 423.155884
v -779.481323 1.293276 426.409546
v -771.455383 1.264878 411.109741
v -769.940063 1.428605 410.323303
v -776.745728 1.442979 412.668762
v -779.502075 1.583130 412.806396
v -781.717468 1.231904 413.832214
v -780.198975 0.821321 417.307983
v -779.378601 0.774080 419.182007
v -780.979492 0.782792 420.757751
v -783.569275 0.559220 415.081726
v -784.514099 0.697373 412.830444
v -785.524170 0.321351 414.775330
v -785.434082 0.610993 411.405212
v -784.038452 0.772371 421.417786
v -786.796631 0.753358 422.038757
v -788.804749 0.175035 417.160522
v -788.949402 0.637636 420.708435
v -781.779663 1.298922 428.970459
v -785.516602 1.277224 429.738953
v -789.234863 1.257311 430.627991
v -791.038574 1.321901 431.670410
v -793.423218 1.123354 429.861389
v -794.871704 0.746126 428.604919
v -796.997437 0.736666 428.376221
v -789.561401 0.286348 418.828979
v -799.490723 0.573854 429.732239
v -796.638062 0.681428 412.127991
v -792.464661 0.832383 408.426880
v -789.318359 0.902130 406.316711
v -786.213196 0.940888 407.161499
v -784.941406 0.863495 409.198975
v -783.855103 0.965958 406.659729
v -783.464111 1.109695 403.933533
v -782.449951 1.105911 405.223145
v -798.811523 0.564957 414.132385
v -802.004395 0.531007 418.497681
v -801.664612 0.601716 415.876404
v -804.008545 0.604234 420.585938
v -778.452698 1.242172 404.055542
v -780.441406 1.414993 405.594421
v -775.111328 0.961242 401.727844
v -783.991455 1.294372 400.577026
v -787.630310 1.209411 398.675781
v -807.606934 0.546083 423.946594
v -806.532959 0.624986 421.079163
v -807.500916 0.615831 422.377930
v -808.149902 0.379595 429.147217
v -809.028198 0.552278 426.582886
v -807.049377 0.329821 431.284912
v -804.023682 0.501665 432.671631
v -802.931641 0.506670 431.543152
v -800.716736 0.528750 431.418640
v -785.104370 0.970107 391.636719
v -781.752380 1.020156 393.649231
v -786.763306 0.984649 393.659912
v -777.370117 1.387191 395.166077
v -774.066711 1.014404 397.226379
v -771.848938 0.930587 400.424316
v -769.216431 0.976654 399.764526
v -791.154846 1.103912 396.868103
v -789.841248 1.363250 399.022095
v -789.018555 1.005950 394.536682
v -793.638550 1.041595 395.945312
v -794.192993 1.022521 394.111267
v -791.400391 1.010436 393.188110
v -797.240906 0.988982 392.516541
v -796.250000 1.125183 397.637634
v -798.992249 1.191543 401.389038
v -796.484802 1.201278 400.233521
v -802.509766 1.117828 402.315247
v -797.745605 0.922561 390.884521
v -806.200439 0.964294 404.385864
v -807.904724 0.780564 406.313721
v -810.308838 0.527451 408.083984
v -796.143921 1.160781 388.054626
v -794.582886 1.437819 383.818237
v -796.399658 1.661147 383.021545
v -799.891724 1.617048 381.171326
v -805.084106 1.432631 380.431580
v -803.143372 1.693113 377.269043
v -805.273560 1.205626 381.822021
v -806.623779 1.186232 381.996094
v -806.631775 1.390150 378.320374
v -805.787842 1.355909 375.610657
v -806.317932 1.291426 379.758789
v -807.620972 1.200850 380.441467
v -807.186218 1.187941 381.015991
v -809.348389 1.099424 379.953369
v -812.782837 0.833921 377.178711
v -810.065918 1.063643 378.389343
v -814.152710 0.606001 375.123047
v -817.318481 0.193403 378.383545
v -814.588867 0.665861 370.844971
v -812.719421 0.210433 386.034729
v -814.234253 0.159590 384.334900
v -813.366760 0.191954 387.886841
v -815.618347 0.020369 385.553284
v -817.260315 0.114943 382.392700
v -818.932983 0.043746 386.160583
v -815.236023 0.000044 387.239441
v -820.505310 0.003890 387.964417
v -822.644958 0.048186 390.964233
v -823.612915 0.234923 392.105652
v -821.259094 0.768813 395.708862
v -818.789246 1.005386 397.676636
v -820.137329 0.906127 397.157349
v -824.194824 0.462005 393.989868
v -822.771851 0.701614 395.647888
v -825.112793 0.350967 393.492371
v -826.351562 0.390899 393.918274
v -828.261658 0.363265 393.892761
v -827.964966 0.503982 394.816589
v -829.975952 0.505721 394.956848
v -828.941895 0.652053 396.995300
v -832.379395 0.653076 395.923706
v -833.591736 1.260360 394.420349
v -830.373047 0.687194 399.454956
v -834.768616 2.205306 393.092102
v -833.086426 0.614883 402.684021
v -833.705322 0.572784 404.503845
v -835.488770 2.471114 392.864441
v -841.923340 0.496414 404.965149
v -833.619141 0.600312 406.982361
v -838.145996 0.557495 408.402405
v -833.927063 0.520051 411.807800
v -831.822815 0.539917 410.684387
v -830.205444 0.544633 413.637634
v -827.479248 0.573930 414.988464
v -831.171387 0.515809 415.562988
v -829.951843 0.496034 417.885376
v -825.989258 0.496248 420.513672
v -823.158325 0.537141 419.638000
v -823.822998 0.604646 414.867249
v -821.575195 0.594102 414.854980
v -819.563965 0.573121 418.415894
v -817.316650 0.633012 416.812988
v -818.949585 0.599808 414.084534
v -816.900940 0.590775 412.102600
v -815.527954 0.576707 412.949646
v -815.441772 0.609330 416.358154
v -813.590576 0.509644 411.009399
v -815.202087 0.638947 407.790955
v -811.344666 0.502808 410.428772
v -814.797119 0.938599 404.975098
v -815.734741 1.071518 402.916992
v -816.062439 1.128677 401.132935
v -818.619629 1.009122 371.025940
v -817.534607 1.161222 370.026001
v -820.425476 0.856641 373.002930
v -819.513855 0.225462 376.583191
v -822.079956 0.840574 373.374573
v -824.727539 0.474043 376.922119
v -824.017944 1.040098 371.588562
v -826.895508 1.060758 371.415527
v -827.317505 1.028577 373.660889
v -827.858337 0.630613 378.196106
v -828.623901 0.987684 375.285950
v -830.554688 0.516218 379.813049
v -831.779724 1.381559 375.616516
v -833.381714 0.181914 380.787659
v -833.448120 1.090971 376.684570
v -836.237976 0.873823 378.612976
v -835.022522 0.233046 381.356201
v -837.072632 0.275069 383.587463
v -839.582275 0.474150 386.256226
v -839.859375 0.594847 387.783020
v -839.393188 0.884063 388.991150
v -837.765137 1.566604 389.889404
v -836.792725 2.391189 391.108276
v -844.058167 0.720932 403.151062
v -844.346375 0.956436 401.011841
v -846.987793 1.032318 397.663635
v -847.528870 1.141067 394.765320
v -848.181396 1.154830 391.830139
v -848.896729 1.263121 389.324219
v -847.450134 1.399352 385.400574
v -844.114319 2.202421 382.342346
v -846.084839 1.886870 383.063904
v -843.639893 3.272535 378.653137
v -843.057373 2.740065 380.689880
v -840.565002 4.730390 374.084167
v -839.052795 5.041090 373.967712
v -838.186829 3.695448 376.927734
v -840.896301 2.938551 379.575806
v -836.291016 4.984296 375.236389
v -834.265198 5.373029 374.556702
v -831.727234 6.311628 372.074707
v -837.012634 5.857801 373.170959
v -838.166016 5.746229 373.262634
v -836.816895 6.932020 372.237244
v -831.971863 6.645673 371.078064
v -834.798340 7.339429 369.759399
v -831.987549 7.023756 369.538818
v -839.032104 8.124310 370.088318
v -838.460449 7.600431 372.150391
v -842.203064 8.780347 371.854065
v -840.682373 8.310194 373.196716
v -841.758484 8.645033 374.728516
v -843.597656 9.295210 377.972717
v -842.567200 8.736479 376.906616
v -844.290649 9.324888 373.406555
v -846.464844 10.146498 378.315552
v -845.651184 10.549437 382.949768
v -848.589600 10.934492 380.675964
v -846.382385 10.888503 385.529297
v -848.950867 11.126417 383.551636
v -850.507202 11.372939 387.201111
v -849.901733 11.764342 389.242065
v -846.215942 11.262008 388.987427
v -845.690918 11.867995 391.010437
v -848.853882 12.328536 391.051453
v -846.799316 12.436278 391.779907
v -845.401855 13.091735 392.949219
v -843.350891 12.258590 392.233948
v -842.283325 12.741714 393.837097
v -845.010925 15.176375 396.666321
v -842.586670 14.762131 398.184937
v -845.556641 16.487961 399.705627
v -845.713684 16.116974 397.463806
v -845.700989 17.460312 401.057251
v -842.498291 16.482834 402.658142
v -840.880615 15.628113 401.788330
v -844.717957 17.477280 405.232056
v -846.592285 17.654541 405.651550
v -847.790771 17.663696 406.405396
v -849.354004 18.224808 401.801453
v -847.242188 18.397629 399.609131
v -850.567017 19.054199 398.937134
v -846.887451 19.187378 397.424438
v -846.180603 20.919373 393.378052
v -845.982117 19.698975 395.816895
v -850.351990 20.834717 394.181580
v -849.794556 21.132767 393.214661
v -849.150146 22.733534 388.102356
v -850.098145 21.589325 391.816528
v -847.530884 23.443678 385.671875
v -844.613647 22.831556 387.683350
v -845.399414 21.170319 392.243103
v -847.624573 23.779158 381.708435
v -841.316040 24.741240 382.363403
v -841.838196 23.475569 384.997681
v -840.688843 24.231077 383.164551
v -840.353943 25.243467 381.146729
v -845.519653 24.710020 379.545715
v -847.038086 23.731001 380.152832
v -848.423767 22.766356 380.432739
v -843.050537 25.405714 377.693665
v -840.950684 25.430510 375.868896
v -838.572144 26.432203 375.154419
v -837.284973 27.133604 373.970520
v -836.711121 27.751951 372.116455
v -837.709106 28.201231 370.714172
v -839.347046 28.567747 370.428894
v -838.346680 25.384596 380.691956
v -829.313232 28.144361 373.233398
v -830.194397 26.999586 376.554443
v -833.701355 26.050520 379.014465
v -835.216309 25.226194 380.527954
v -837.418579 25.083311 381.028015
v -828.024841 28.264601 371.250183
v -842.153320 28.515440 372.199707
v -844.497253 28.732267 372.235962
v -847.272095 28.958174 372.719055
v -843.229919 29.400785 366.475769
v -846.312744 29.175657 369.404175
v -840.406250 29.689404 363.167358
v -837.236328 29.751186 362.561462
v -830.481445 29.413448 365.724365
v -831.702332 29.622845 363.263245
v -833.498047 29.645840 362.451599
v -828.856323 29.218657 367.049866
v -827.623535 28.300993 369.986633
v -827.532959 28.749556 368.062561
v -752.827271 100.138588 343.945801
v -752.118469 100.134941 342.840210
v -750.284363 100.206825 343.736755
v -755.950012 100.315620 339.954163
v -754.412598 101.088097 345.309998
v -757.654907 101.984032 343.621765
v -759.301636 100.616997 338.523499
v -761.025391 102.497520 341.724731
v -763.372803 103.090523 341.415771
v -761.895508 100.692238 335.762146
v -764.895996 100.451866 333.828735
v -767.804077 100.545387 331.320129
v -765.089783 102.721642 340.114258
v -770.980225 100.592278 328.980652
v -766.365356 101.399055 337.496399
v -768.043701 102.257774 338.873291
v -767.680115 101.143669 336.002502
v -767.850159 102.547447 339.327271
v -770.213867 102.113335 338.450745
v -773.586792 101.658684 338.077026
v -769.419800 101.402306 336.043640
v -770.774292 101.677940 337.337463
v -775.549072 100.982765 328.851135
v -773.235291 100.908775 325.640076
v -772.337097 100.920052 326.269958
v -778.884888 101.429558 331.705139
v -779.260681 101.528694 332.994263
v -775.803467 101.598778 338.051147
v -780.886963 101.611320 334.897522
v -780.881104 101.673241 336.433899
v -782.907776 101.619041 334.992920
v -786.218018 101.982414 337.618225
v -783.268555 102.055962 337.290588
v -785.783081 101.812431 333.656250
v -791.085876 101.393532 335.653442
v -790.148315 101.585716 337.367126
v -795.245667 100.659737 336.532837
v -794.455933 100.782295 338.522034
v -796.038513 100.416237 339.330566
v -797.187988 100.173149 338.690491
v -799.128662 99.613976 339.184448
v -799.151001 99.638496 338.170593
v -801.738159 99.030479 337.937866
v -800.851685 99.205070 341.242065
v -803.834229 98.643486 340.386902
v -803.080139 98.799416 336.392944
v -803.904724 98.661140 334.545593
v -806.530029 99.014107 337.270447
v -806.944397 98.571953 340.074951
v -805.654663 98.644661 341.200928
v -806.197327 98.825417 343.113892
v -808.108521 98.820961 341.263367
v -810.395935 99.096291 342.022705
v -807.880493 98.907524 343.563110
v -809.254944 99.135780 345.228455
v -810.338989 99.505135 344.603394
v -813.584473 100.877495 343.307495
v -812.563171 99.987251 342.780029
v -811.960815 100.136269 345.097534
v -814.043518 101.170464 345.859924
v -815.461670 101.691139 345.730103
v -815.702332 101.653801 342.959229
v -816.838196 101.681465 342.717346
v -818.611694 102.049797 343.455688
v -817.108887 101.509315 345.541016
v -819.829590 101.934990 344.034180
v -817.764404 100.788551 346.288452
v -820.835205 100.951790 345.638794
v -822.153809 100.098747 344.212524
v -819.591858 100.948158 346.293762
v -817.766907 99.196266 347.651611
v -816.319885 99.736366 347.039734
v -823.249512 99.027367 345.394897
v -824.376282 98.881813 343.413208
v -825.371399 97.933174 345.378052
v -823.438354 98.433281 345.903137
v -825.850830 98.204597 342.370605
v -824.647339 98.779335 342.325195
v -825.804749 98.644920 341.794067
v -827.876343 99.053719 340.756775
v -823.791382 78.805214 343.554016
v -821.360229 79.072441 344.550781
v -821.508667 78.992592 347.508667
v -824.818848 78.805794 341.970337
v -826.493286 78.804070 341.173462
v -828.849121 78.682274 342.200928
v -822.432617 78.798378 349.666077
v -830.832397 78.354225 347.892761
v -831.009338 78.872169 341.889404
v -832.482788 78.612541 346.153564
v -833.753296 78.739662 345.700623
v -834.601685 78.747673 346.451172
v -838.470947 78.759895 348.899109
v -836.396484 78.658745 348.425049
v -838.219421 78.678688 349.796814
v -841.913391 78.511620 353.536560
v -836.227905 78.526237 349.535645
v -839.682983 78.547203 352.666443
v -834.060059 78.277779 350.802307
v -834.475464 78.304955 350.605530
v -841.287598 78.227768 356.329468
v -833.686157 78.089226 353.075806
v -838.810303 78.121918 355.207336
v -831.617371 78.239967 350.666504
v -835.910645 77.850815 355.965881
v -838.023438 77.893890 357.663208
v -839.613953 77.869431 358.779419
v -835.493591 77.457947 358.588135
v -841.108337 77.704483 360.666870
v -840.083801 77.616714 361.431091
v -840.159912 77.377533 363.000183
v -841.154846 77.078217 364.711304
v -834.313660 77.891525 354.839722
v -841.054199 76.999298 367.718811
v -842.099243 76.902466 367.954651
v -839.877747 77.174866 369.885559
v -838.837158 77.498672 369.336060
v -837.324463 77.778442 369.185486
v -832.453369 77.559570 357.851746
v -829.931763 78.078903 358.528564
v -824.578735 79.038376 357.559143
v -828.596497 78.499893 360.250000
v -829.641235 78.620911 363.338989
v -826.790405 79.149002 362.182068
v -828.782837 78.964188 363.778870
v -821.431824 79.528427 353.732910
v -1133.202026 123.472748 760.349854
v -1131.053711 123.014069 759.560791
v -1127.976929 123.683868 761.052673
v -1132.143066 124.220490 762.284668
v -1130.348022 124.062073 763.244507
v -1127.748657 123.977692 762.438354
v -1134.135864 123.431427 761.956604
v -1135.653931 123.327454 760.096497
v -1135.053711 122.750000 762.677368
v -1137.989746 123.071136 760.795166
v -1137.493286 121.637726 765.479614
v -1133.940430 122.249634 763.109131
v -1134.777344 121.598572 765.390686
v -1139.613647 122.255463 761.997681
v -1141.353027 121.169373 767.731323
v -1143.112305 121.518524 763.363831
v -1145.836304 121.284790 763.532104
v -1146.584473 121.222137 770.020691
v -1149.232422 121.090698 769.725586
v -1152.519043 121.083694 770.339722
v -1155.143311 121.016525 769.399353
v -1151.441406 121.227692 764.043640
v -1148.134521 121.371582 763.433838
v -1155.930786 121.404755 762.703857
v -1158.352661 121.424622 760.348938
v -1161.185547 121.563354 758.190735
v -1163.870117 121.557945 756.603271
v -1157.545654 121.039688 769.424438
v -1159.846680 121.093948 769.700806
v -1160.506714 121.033340 768.391663
v -1161.409180 121.009308 765.869812
v -1165.947144 121.834007 753.330566
v -1165.303467 121.104614 761.942566
v -1163.620972 121.105850 764.122742
v -1167.570068 121.192505 759.974243
v -1169.812500 121.229034 759.923584
v -1170.448730 121.286285 758.052368
v -1170.269287 121.411766 756.099609
v -1172.098755 121.700096 753.396118
v -1168.251221 121.814018 751.064941
v -1172.802002 121.562340 750.323730
v -1168.494873 121.911064 749.062256
v -1173.950195 121.636436 747.658813
v -1170.226074 121.917839 746.829224
v -1172.029541 121.889641 744.305786
v -1174.483643 121.543388 743.931030
v -1175.488281 121.462273 742.268127
v -1175.926025 121.810966 745.858215
v -1178.705566 121.791924 741.625732
v -1181.010010 121.861656 739.920471
v -1180.964966 121.843437 734.606689
v -1174.771240 121.474266 736.790527
v -1174.987305 121.523064 741.002808
v -1174.571289 121.666618 739.014404
v -1173.324707 121.833672 740.912842
v -1181.315674 121.864769 730.226501
v -1175.748779 121.655815 732.398315
v -1181.942627 121.619713 727.165039
v -1183.000610 121.374016 719.351685
v -1183.833496 121.469078 723.495117
v -1184.039429 121.475914 720.089844
v -1188.058960 121.554161 720.722595
v -1186.407837 121.538933 719.987305
v -1187.178589 121.560875 718.275757
v -1188.644287 121.575218 719.103149
v -1190.666016 121.579918 717.790283
v -1192.699707 121.612114 716.609924
v -1191.930298 121.582634 715.976685
v -1196.901123 121.435875 713.895996
v -1195.053223 121.568291 713.212769
v -1198.436646 120.874718 708.724854
v -1197.891357 120.930580 708.376465
v -1199.973633 120.506004 706.977234
v -1195.574707 121.381065 711.100281
v -1182.186523 121.359703 717.095276
v -1181.220703 121.356529 714.555847
v -1183.691162 121.416893 715.024170
v -1182.894287 121.433342 714.400635
v -1178.868896 121.271782 719.490967
v -1179.228882 121.407097 715.685913
v -1178.816650 121.368217 717.362671
v -1177.352783 121.419579 715.979614
v -1175.324219 121.414970 715.239136
v -1177.029175 121.274559 721.810242
v -1175.655884 121.299248 722.133789
v -1175.238892 121.652245 728.706299
v -1175.189941 121.699455 730.504211
v -1173.638428 121.732628 724.789185
v -1173.831543 121.357567 721.592407
v -1208.679688 124.188866 707.989868
v -1206.716064 124.407158 708.562866
v -1207.711670 124.232140 709.425537
v -1212.192871 123.162773 710.101074
v -1211.397827 123.272881 710.415161
v -1215.611206 122.053185 712.614441
v -1216.018799 121.986382 712.308655
v -1221.527100 120.749931 714.154663
v -1220.031738 121.241631 713.191833
v -1219.728760 121.014839 715.860352
v -1222.802246 120.172798 717.276489
v -1224.240479 119.745766 718.793640
v -1224.085449 120.274742 714.190063
v -1226.446289 119.595085 715.916016
v -1229.541016 119.420250 716.226685
v -1233.265503 119.577278 713.848877
v -1231.572754 119.546227 714.302002
v -1235.883545 119.901344 713.000366
v -1229.545410 119.761360 720.478882
v -1226.316895 119.757851 720.277649
v -1233.565918 119.800407 721.679016
v -1236.161133 119.400368 720.892822
v -1240.062744 119.344887 720.577515
v -1242.594727 119.311653 721.699951
v -1239.818115 119.670464 715.045532
v -1237.966797 119.811333 713.540833
v -1241.647949 119.607506 715.310547
v -1245.230591 120.055107 715.506775
v -1249.273193 119.917564 717.048584
v -1251.846313 119.655190 718.003784
v -1250.591309 119.313255 722.683472
v -1254.913086 119.486351 718.261597
v -1246.953125 119.304970 722.433350
v -1244.923828 119.314369 722.724243
v -1254.371826 119.360466 723.776123
v -1252.217285 119.359108 723.343140
v -1258.096069 119.308372 719.565002
v -1258.916016 119.311729 722.910583
v -1257.192871 119.330009 723.549561
v -1260.966797 119.319054 720.781372
v -1262.965332 119.261665 723.943726
v -1264.073242 119.190956 720.729248
v -1266.877441 119.302849 722.800537
v -1267.895020 119.349617 722.359375
v -1271.055054 119.346306 723.379395
v -1271.259766 119.367302 722.503357
v -1273.225342 119.338722 724.104919
v -1275.136597 119.279152 722.430664
v -1278.160400 119.160667 722.822754
v -1278.811401 119.107155 723.705322
v -1281.194580 119.032249 722.506775
v -1281.972778 118.943291 724.077454
v -1283.798096 118.893547 724.018188
v -1284.116455 118.925621 721.449219
v -1284.708740 118.852806 724.903198
v -1285.542969 118.736885 724.082764
v -1294.447998 101.603371 728.698303
v -1288.277588 101.727760 729.607727
v -1291.077759 101.686790 729.952759
v -1288.879639 101.461739 724.502197
v -1297.396240 102.056526 728.845337
v -1299.906006 101.787224 726.645630
v -1286.498169 101.472694 724.594604
v -1286.787964 101.873421 729.098572
v -1283.017334 101.547523 726.530396
v -1283.722046 101.775215 728.855347
v -1283.033936 101.501320 725.106567
v -1284.894043 101.500084 723.322510
v -1283.466064 101.485100 722.237793
v -1282.270020 101.478752 723.905396
v -1302.979492 101.520164 725.676636
v -1303.433350 101.133369 723.337952
v -1306.945312 100.425880 724.268677
v -1307.183716 100.163292 723.048218
v -1310.451416 98.987450 723.785522
v -1310.281860 98.726646 722.438416
v -1297.318726 101.732750 721.292542
v -1296.790405 101.576714 722.554504
v -1293.733032 101.490868 722.764832
v -1290.448853 101.499779 722.840393
v -1290.407471 101.533714 720.924500
v -1290.769531 101.716133 718.665405
v -1289.343262 101.599602 719.687561
v -1292.811523 101.574608 721.053101
v -1293.349243 101.786858 719.227234
v -1287.950195 101.607948 719.169189
v -1287.252441 101.743629 717.949707
v -1306.722656 104.879593 770.620117
v -1307.384277 104.889023 773.468750
v -1310.143677 104.722733 773.788086
v -1310.652710 104.458664 772.249146
v -1308.609863 104.661804 769.542236
v -1310.124512 104.126251 768.043518
v -1311.408569 103.973190 770.692505
v -1311.696289 103.438599 768.063721
v -1313.161133 102.804199 767.245056
v -1313.369141 102.561646 765.377319
v -1314.226685 102.358963 767.844971
v -1316.746338 101.697159 765.494263
v -1316.440674 101.649429 762.762268
v -1317.929932 101.572098 762.104004
v -1319.499878 101.550629 764.968872
v -1320.485596 101.490997 764.593750
v -1320.917480 101.566406 766.613281
v -1322.622070 101.376846 763.673706
v -1316.634033 101.614914 768.628662
v -1320.580078 101.704407 768.675415
v -1316.116455 101.721405 768.491577
v -1315.018677 101.716278 769.348267
v -1314.578369 101.525040 771.175171
v -1315.985107 101.573395 770.989868
v -1316.856812 101.553467 771.011414
v -1317.319458 101.562134 770.093140
v -1317.715210 101.576111 770.159058
v -1318.990967 101.682327 769.908325
v -1319.016846 101.695938 770.492798
v -1320.488770 101.964081 770.177490
v -1319.201172 101.746277 771.285400
v -1326.238281 101.949554 764.470703
v -1324.704590 102.026291 768.228882
v -1323.345703 102.087891 769.799683
v -1327.255127 102.139557 768.161499
v -1324.994141 101.546234 763.466431
v -1329.038574 102.015121 764.378052
v -1330.114502 102.128387 767.193481
v -1324.681396 101.198120 761.696899
v -1323.606323 101.206161 761.537354
v -1324.139160 101.144745 758.836304
v -1325.286499 101.184982 760.016113
v -1330.689941 101.937958 763.666626
v -1333.835693 102.263107 763.879761
v -1325.568604 101.204582 756.628784
v -1327.063965 101.426712 758.957520
v -1327.684082 101.293480 756.037415
v -1327.373535 101.257210 755.586548
v -1329.701660 101.273582 754.140198
v -1328.621582 101.241524 753.760315
v -1335.113770 102.188721 760.258301
v -1328.861328 101.222710 751.776123
v -1328.237183 101.196693 751.014465
v -1330.056519 101.136131 746.754639
v -1329.941406 101.212791 748.788452
v -1330.408203 101.144142 746.648804
v -1332.698730 101.206230 743.582520
v -1331.751221 101.108162 743.281860
v -1331.189453 100.667107 739.798706
v -1332.991089 100.958748 740.662537
v -1333.066772 101.892548 760.896484
v -1334.497559 100.954216 738.908508
v -1334.427124 102.034111 755.934326
v -1332.696045 101.698547 758.651489
v -1336.395264 102.237358 756.356750
v -1336.635864 102.150887 753.487427
v -1334.388428 101.848595 754.307617
v -1335.313110 102.012138 751.129211
v -1333.307129 101.556679 752.874939
v -1337.628906 102.233192 752.226440
v -1337.150879 102.098991 747.562378
v -1336.997070 102.023521 746.155151
v -1337.502441 102.071053 743.996460
v -1336.989990 102.068062 744.293091
v -1338.269409 101.828209 741.160767
v -1339.058594 101.829491 740.165161
v -1338.588989 101.403099 738.774414
v -1340.391357 101.742348 739.273193
v -1337.496826 101.462257 739.739868
v -1342.182861 101.515007 737.673096
v -1336.819580 101.281059 739.154907
v -1335.306641 100.989296 738.179688
v -1331.001465 100.022911 736.322144
v -1335.772217 100.755272 735.999756
v -1335.385986 99.838249 731.775757
v -1330.363037 99.047218 732.708679
v -1333.004639 98.905571 730.137085
v -1332.447021 98.421059 728.724121
v -1329.373291 98.583229 731.769836
v -1340.810669 101.248207 735.844116
v -1344.631836 102.183464 736.054199
v -1347.611328 102.678795 734.693726
v -1343.864502 102.177528 732.577271
v -1347.297729 102.584160 731.941895
v -1350.703369 103.121330 733.207153
v -1350.374512 102.108467 728.582642
v -1348.774902 101.778145 729.422974
v -1353.696411 102.443169 732.342163
v -1351.642700 101.739510 727.965027
v -1355.281494 101.174355 731.324646
v -1355.988281 100.471016 731.398499
v -1352.489990 100.877968 726.855774
v -1358.299561 99.510155 729.415100
v -1354.415283 99.520805 723.744019
v -1352.814453 99.880974 725.301147
v -1356.832275 99.090477 722.639771
v -1358.468994 98.738060 722.153748
v -1362.904419 98.844521 723.863770
v -1360.020508 99.527519 730.327637
v -1367.226318 98.993050 723.215027
v -1365.146851 98.963036 723.206177
v -1363.989502 99.166283 732.440918
v -1360.581177 99.564644 732.358032
v -1371.968750 98.279015 725.423645
v -1374.960815 97.656807 726.408691
v -1378.552979 96.728813 729.434570
v -1366.573242 98.596855 733.353638
v -1368.799561 97.964882 733.976196
v -1373.490967 96.538536 734.920044
v -1375.615723 96.127785 735.679260
v -1378.838623 95.729439 738.464233
v -1382.153564 95.828575 739.735352
v -1386.317505 96.293694 741.250000
v -1380.579224 96.576561 729.808289
v -1384.663086 96.129936 730.789124
v -1386.731812 95.686150 732.153015
v -1389.906616 96.899422 742.957397
v -1389.101562 95.627281 732.838989
v -1392.938721 95.518608 734.218811
v -1395.870117 95.680992 734.187012
v -1400.033691 96.361443 735.066956
v -1402.239502 96.899483 737.380127
v -1400.300293 97.229713 740.010254
v -1397.819092 97.206093 741.532654
v -1393.973633 96.889732 742.130554
v -1391.917236 96.978294 742.797241
v -1403.446655 97.350822 738.751587
v -1404.274536 97.311623 737.764038
v -1407.172363 97.649361 736.476685
v -1408.007202 98.713448 737.078003
v -1409.744995 99.368767 735.757141
v -1408.909424 99.013405 733.982056
v -1411.719482 100.156059 734.042847
v -1410.443359 99.805046 730.759460
v -1413.134155 100.811272 733.718994
v -1412.360962 100.670357 730.998169
v -1408.781860 99.154610 731.512573
v -1407.418213 99.237816 729.088196
v -1407.095337 98.819344 730.825195
v -1434.306396 103.484627 733.763550
v -1435.589722 103.499992 733.156860
v -1433.257935 103.503929 731.469727
v -1435.313721 103.486778 731.298767
v -1433.118774 103.268745 728.521118
v -1432.198608 103.124275 725.735474
v -1436.020752 103.377571 728.963135
v -1431.585327 103.075722 722.978210
v -1436.852783 103.725685 724.090332
v -1430.252930 102.567696 720.190857
v -1435.565430 102.670830 719.788574
v -1438.154419 102.889610 718.443604
v -1437.481445 103.616280 721.979797
v -1439.303467 103.465202 719.270752
v -1440.489014 103.240868 714.875610
v -1442.801636 103.607262 715.911865
v -1443.333984 103.075874 713.389038
v -1445.921631 103.099388 710.973755
v -1446.700195 103.411110 711.732422
v -1450.084229 104.310127 709.794922
v -1446.984375 102.894371 708.655273
v -1450.849854 103.608223 706.247803
v -1449.753174 102.592003 704.052185
v -1452.601074 103.216469 702.157593
v -1450.401489 102.662407 700.966919
v -1452.829590 103.270668 698.554810
v -1451.058716 103.100609 696.512512
v -1454.250977 103.620445 695.996826
v -1452.211670 103.141563 693.735352
v -1453.122070 103.183876 692.454834
v -1454.824707 103.775703 694.155640
v -1453.407471 103.153038 690.640259
v -1456.163574 103.815132 691.449280
v -1454.315430 103.150047 688.733154
v -1459.410645 103.878746 686.912964
v -1455.010254 103.328636 686.547119
v -1461.636719 103.714073 683.035522
v -1462.059570 103.166832 680.311279
v -1454.877563 103.184517 684.601196
v -1453.973145 102.335426 683.799927
v -1451.793701 101.557182 682.495972
v -1461.892090 102.544014 677.839172
v -1464.025146 102.810677 677.301880
v -1465.569092 103.157280 679.093689
v -1459.826416 101.918571 677.282349
v -1465.130127 102.623436 675.949097
v -1459.780029 102.103142 675.319275
v -1467.171875 103.223763 679.609253
v -1468.780029 103.477913 679.442627
v -1469.060547 104.036308 677.140137
v -1470.435913 105.119911 676.430054
v -1467.145752 102.836449 672.394165
v -1464.292969 102.601921 673.813049
v -1469.057129 103.471046 673.061157
v -1463.481079 102.581459 673.521301
v -1469.929688 104.360298 674.152466
v -1461.465088 102.427315 673.872559
v -1473.105469 105.433037 675.289246
v -1460.093628 102.403358 673.735474
v -1471.474243 105.828972 677.958069
v -1470.159180 106.820290 680.037598
v -1472.801758 106.041054 679.907593
v -1474.895264 105.005608 678.506470
v -1476.643799 104.582649 677.123657
v -1477.366455 104.415215 679.114258
v -1480.017090 104.147270 680.161987
v -1479.290527 104.670586 681.636230
v -1481.200928 104.519234 682.442810
v -1484.774780 103.829109 681.995850
v -1484.336792 104.299858 683.555786
v -1487.538574 103.873695 683.687500
v -1488.388672 103.904427 685.594971
v -1490.232910 103.316826 685.031738
v -1490.894531 102.366341 686.797729
v -1492.172119 102.026543 686.000366
v -1493.751221 101.738503 687.757568
v -1494.309082 101.712257 687.446045
v -1497.440430 101.796242 690.297119
v -1499.938843 101.551964 692.615601
v -1500.384033 101.520103 693.040039
v -1502.611816 101.544518 695.185913
v -1505.190063 101.535805 695.702637
v -1499.904541 101.501198 688.062744
v -1497.474731 101.580757 687.669861
v -1499.521729 101.548988 687.129028
v -1499.873779 101.551491 686.339966
v -1501.805786 101.509880 688.011841
v -1500.938721 101.565361 685.543396
v -1500.672974 101.608665 684.819580
v -1501.372070 101.605629 682.723267
v -1501.964600 101.507332 686.064819
v -1510.367676 101.509850 695.731628
v -1508.943115 101.646614 697.570679
v -1506.333984 101.710106 697.990723
v -1501.415527 101.764091 680.528320
v -1500.906128 101.973396 679.101135
v -1508.846436 101.455070 691.474731
v -1509.863770 101.488426 693.420227
v -1509.590210 101.375023 687.751099
v -1501.696655 102.087593 674.916260
v -1502.694824 101.805885 672.383850
v -1503.293213 101.567711 668.976135
v -1503.307007 101.569038 666.835571
v -1505.237427 101.744148 665.827271
v -1508.618652 101.931343 670.322754
v -1507.179199 102.222847 665.483704
v -1508.176270 102.338081 666.193359
v -1508.907959 102.553108 662.226257
v -1508.541870 101.795082 672.605347
v -1510.095459 101.645012 677.455566
v -1510.252686 101.883324 675.909424
v -1512.433838 101.696053 677.037415
v -1508.361084 101.619896 677.514893
v -1511.323853 101.589470 678.819092
v -1507.828613 101.588936 678.950928
v -1511.066040 101.572990 680.454285
v -1508.793335 101.564308 680.618835
v -1513.711426 101.441505 680.586792
v -1514.600464 101.334328 681.547729
v -1511.396484 101.388878 686.084595
v -1513.634766 101.291237 684.781799
v -1516.973022 101.426979 683.779968
v -1516.269287 101.315025 681.392456
v -1520.264282 101.464088 682.277222
v -1519.515381 101.799706 683.392700
v -1519.848145 102.571373 684.683105
v -1518.828369 102.710915 685.279114
v -1521.430054 103.693748 685.777832
v -1522.331543 101.357201 680.619568
v -1518.186768 103.745003 687.386963
v -1517.313599 101.302971 679.110901
v -1523.383789 104.075661 685.813599
v -1518.836426 101.381798 677.164673
v -1521.035889 104.564323 689.264160
v -1526.269287 104.197029 685.468384
v -1523.479004 104.434319 688.307434
v -1519.575684 104.750130 691.179871
v -1515.369385 104.085609 688.835449
v -1514.252563 104.289085 691.329346
v -1514.066650 104.219902 689.758118
v -1517.680176 104.644096 692.649292
v -1514.454468 104.338615 693.908875
v -1523.647461 101.395607 678.277466
v -1523.731934 101.626961 676.471436
v -1525.793579 101.443962 680.126953
v -1519.458374 101.917381 674.176575
v -1524.649170 101.428459 681.594299
v -1518.697754 103.133751 672.168091
v -1524.984863 101.928520 675.326538
v -1526.647461 102.324028 675.506836
v -1522.073364 103.642799 669.630127
v -1516.282959 103.740623 671.697571
v -1514.690796 103.857994 672.214905
v -1523.167358 103.181465 669.979797
v -1524.685059 103.787025 669.275513
v -1523.283569 104.126244 668.812622
v -1512.345703 104.174965 671.529480
v -1513.138672 104.117058 673.115356
v -1511.425537 103.968544 667.703003
v -1513.223022 104.671898 664.505859
v -1510.844727 104.271675 663.668701
v -1516.218628 104.768135 664.864258
v -1521.430176 104.786568 665.195007
v -1525.381958 104.484978 665.713196
v -1529.186279 104.721733 667.281982
v -1531.161865 105.678917 667.379395
v -1533.173096 106.624718 668.418030
v -1527.973267 102.262993 676.898804
v -1534.907227 107.501076 667.740295
v -1536.896729 108.487022 669.472900
v -1537.329834 109.166313 666.662659
v -1539.403809 110.049049 664.351440
v -1535.495728 107.341911 672.220093
v -1536.965576 108.354485 671.395874
v -1534.384277 106.435463 673.629639
v -1532.418457 104.833427 674.615173
v -1539.006958 109.600975 669.208252
v -1530.833618 103.450996 675.719727
v -1540.340332 110.184090 670.101685
v -1542.646973 111.226173 670.399536
v -1532.146606 102.221443 677.072388
v -1531.010986 101.896339 678.596680
v -1531.869385 101.688805 679.553101
v -1528.261597 101.837242 678.816528
v -1530.010254 101.809334 679.278259
v -1529.708008 101.704826 680.461182
v -1529.969727 101.692406 681.241211
v -1525.079102 101.985268 683.550293
v -1527.613037 102.105659 683.070435
v -1545.657715 111.734642 670.231323
v -1541.540527 110.350563 661.376587
v -1542.534668 110.282310 661.997864
v -1544.374878 110.245705 661.965332
v -1546.966064 110.619347 660.016235
v -1550.501953 111.937416 667.633301
v -1553.036377 112.201744 664.142578
v -1555.695435 114.075539 662.157227
v -1548.429932 110.814262 658.891357
v -1547.106445 111.035683 658.524536
v -1547.001709 111.004601 658.655701
v -1546.168945 111.594193 656.802673
v -1550.502319 111.000923 657.793579
v -1552.969971 110.789040 658.206726
v -1551.928223 110.797722 658.938354
v -1551.467651 111.282448 660.247742
v -1551.779297 111.877159 661.226685
v -1553.105225 112.921181 661.308716
v -1554.841309 113.723854 662.107422
v -1555.139404 114.506966 659.789429
v -1556.825684 114.211571 658.599670
v -1556.897217 114.275337 661.088379
v -1558.965820 113.697762 660.162415
v -1561.485352 112.466499 660.325256
v -1560.853027 112.529930 658.115234
v -1563.302979 111.265495 659.477051
v -1562.269775 111.334610 656.629150
v -1564.875854 110.553963 660.077820
v -1566.912720 110.293663 661.860352
v -1564.175781 110.952774 653.130127
v -1562.267822 111.121613 655.587524
v -1569.996704 110.351227 655.267700
v -1571.683838 110.251045 657.145325
v -1569.115356 110.829468 650.512146
v -1570.098633 110.475006 653.696899
v -1568.459229 110.742126 649.863525
v -1564.988647 110.824280 650.241333
v -1569.975830 110.512054 649.836975
v -1568.282715 110.596649 648.437073
v -1571.811279 110.360580 651.952881
v -1565.294189 110.443481 647.177368
v -1575.736328 109.943146 652.685974
v -1569.713989 110.542297 648.650696
v -1574.308350 109.930214 657.261353
v -1576.235596 109.837280 655.275391
v -1565.705811 110.152832 643.781006
v -1565.130981 110.142639 644.880066
v -1566.285278 109.539474 640.448120
v -1567.405884 109.126770 639.188354
v -1569.000610 109.935707 664.422241
v -1571.058594 109.557457 666.587036
v -1569.021606 108.319061 637.583862
v -1571.184082 109.113930 668.620789
v -1572.132935 107.936455 670.662231
v -1572.427124 108.041618 671.326843
v -1572.363037 108.461555 672.899170
v -1571.058960 108.527077 676.873108
v -1573.389771 108.740852 678.814575
v -1578.010498 108.642708 676.924561
v -1574.970215 108.564247 679.580200
v -1580.109619 108.790749 677.225586
v -1585.353638 108.718605 672.649048
v -1584.970825 108.645454 675.473267
v -1582.100952 108.537590 678.796509
v -1587.523926 108.619682 669.516479
v -1588.154541 109.100670 665.836670
v -1586.615967 109.149651 660.467285
v -1588.572998 109.384239 662.872681
v -1588.226562 109.452095 658.644531
v -1584.860840 109.137535 660.232056
v -1587.343628 109.249916 659.196899
v -1586.187012 109.208168 657.679077
v -1583.989380 109.144310 658.945923
v -1588.865112 109.596405 654.721069
v -1590.487061 109.587158 653.022583
v -1592.146973 109.523239 650.546875
v -1593.142578 109.249786 648.030273
v -1581.144775 109.120316 655.838806
v -1584.774170 109.149788 657.610352
v -1585.450684 109.216095 653.906616
v -1584.204712 109.160492 655.537537
v -1582.311279 109.146698 656.227417
v -1585.547852 109.273743 652.107300
v -1584.009277 109.256134 649.769470
v -1577.879272 109.600922 654.897705
v -1579.309326 109.353699 654.382690
v -1576.828735 109.794891 653.466919
v -1577.673706 109.629684 651.742676
v -1580.014404 108.917648 648.010376
v -1582.858521 108.798996 642.530823
v -1582.060303 109.047913 647.841125
v -1579.791016 108.593353 638.441162
v -1579.283691 108.545319 636.649658
v -1587.215332 109.540787 644.213379
v -1590.863037 109.452316 646.254211
v -1590.259766 109.809067 644.341797
v -1592.482178 109.285614 646.903625
v -1596.076172 109.343338 647.226562
v -1595.342163 109.488464 644.235474
v -1596.753418 109.530609 644.123291
v -1599.120239 109.356934 645.330322
v -1598.337646 109.669159 643.236572
v -1419.568115 101.535454 723.907471
v -1417.073975 101.638847 725.742310
v -1418.725586 101.489693 726.743774
v -1417.693604 101.440758 721.605103
v -1415.748901 101.611046 720.117432
v -1415.843506 101.685783 722.382751
v -1417.453857 101.301048 719.835938
v -1418.480103 100.910225 717.526489
v -1414.958496 101.746895 716.486328
v -1414.838745 101.621483 712.968018
v -1413.653442 102.085823 713.899536
v -1415.801147 101.168221 710.859070
v -1418.340332 100.989204 715.376953
v -1419.117676 101.033958 711.178833
v -1416.891357 101.121269 709.258911
v -1416.285156 101.358665 704.306702
v -1416.410889 101.296059 706.690552
v -1414.728516 101.801598 705.705200
v -1418.692993 101.485939 703.266296
v -1420.960327 101.360985 709.964111
v -1420.714722 101.513725 703.890259
v -1423.159424 101.471519 703.182129
v -1422.781982 101.443718 710.083374
v -1426.181152 100.855949 705.971558
v -1424.384521 101.043373 711.447266
v -1427.895142 99.853615 707.060791
v -1431.015381 99.007591 709.165771
v -1425.019531 100.270164 713.748169
v -1433.109985 98.715248 710.131897
v -1434.754639 98.691597 709.888977
v -1425.851807 99.846169 716.800171
v -1428.481323 98.863335 718.048462
v -1431.035522 98.486198 719.532654
v -1435.268311 98.207771 720.647705
v -1432.439209 98.500130 720.774414
v -1435.816040 98.430748 718.759338
v -1436.456543 98.948509 713.275513
v -1435.344604 98.760597 715.224487
v -1436.027710 98.609230 716.900574
v -1437.250000 99.010094 717.572876
v -1437.855469 99.225029 712.410217
v -1436.281006 98.705177 706.894592
v -1443.149170 99.916039 708.189514
v -1438.730957 99.465492 712.453186
v -1441.778687 99.770424 709.797302
v -1442.804199 99.952202 709.331177
v -1444.811646 99.993874 706.148193
v -1445.777100 100.008003 704.167480
v -1446.342529 100.096687 702.580811
v -1436.465088 98.772530 705.182556
v -1446.713989 100.381996 700.515503
v -1447.214844 100.609505 698.976074
v -1438.459961 99.460030 702.138184
v -1436.973877 99.136253 703.324036
v -1435.619995 98.897377 703.260620
v -1438.305908 99.608711 699.876953
v -1447.092896 101.034264 695.282776
v -1448.360474 101.187202 691.617737
v -1448.868774 101.209923 693.073730
v -1447.027588 101.268013 690.614868
v -1447.243652 101.335823 688.660645
v -1440.739990 100.696922 695.871826
v -1443.108643 100.937050 695.039124
v -1443.090576 101.207573 693.812744
v -1441.496338 101.130989 693.420532
v -1438.767578 100.385567 695.533386
v -1439.805054 100.670982 695.132385
v -1439.810791 100.837105 693.767578
v -1438.257812 99.983681 696.913513
v -1436.759277 99.574471 697.336243
v -1436.610352 99.460518 698.373169
v -1437.584595 100.318626 693.199097
v -1439.899170 101.022362 690.947388
v -1441.546997 101.161751 692.007568
v -1442.944336 101.294106 691.195007
v -1443.476807 101.392876 689.838013
v -1435.894043 99.830040 693.418091
v -1439.794678 100.928810 689.695435
v -1440.626221 101.056129 688.594727
v -1433.592651 99.725792 694.161499
v -1435.153076 99.692513 694.442810
v -1442.102661 101.435661 686.357849
v -1442.476685 101.348778 688.459290
v -1445.041504 101.494514 687.755066
v -1446.790771 101.495491 686.271729
v -1448.890381 101.362404 687.723511
v -1449.527466 101.473244 685.311890
v -1450.287842 101.327812 688.069214
v -1446.822266 101.560570 684.191406
v -1450.285645 101.498833 683.419556
v -1440.241699 101.158089 683.806396
v -1441.919922 101.404778 684.645508
v -1442.767578 101.618187 681.403748
v -1443.027954 101.538658 683.286072
v -1444.624512 101.608879 682.867798
v -1438.420898 100.772835 683.631836
v -1444.124512 101.708595 679.059875
v -1442.526123 101.679726 679.213318
v -1442.482910 101.708534 677.875732
v -1447.417236 101.679924 677.528687
v -1447.615967 101.923393 675.570068
v -1449.556885 101.931389 675.500732
v -1453.573730 102.178947 674.681702
v -1457.601562 102.461998 673.683594
v -1422.489746 102.033653 677.715332
v -1421.295166 102.217888 675.184570
v -1421.217285 102.126945 677.478088
v -1425.729492 101.443962 679.463989
v -1423.588135 101.889397 679.721313
v -1427.683838 100.691277 680.151550
v -1429.093628 100.190010 683.776794
v -1431.607788 99.729057 683.839294
v -1429.831543 100.171440 687.366455
v -1431.787231 99.786217 681.637695
v -1428.499268 100.436440 666.835815
v -1430.535889 100.099297 669.104980
v -1433.395996 99.924294 671.122742
v -1424.968140 101.796349 665.137512
v -1435.645630 99.942711 676.724121
v -1435.704468 100.126976 671.739258
v -1433.534424 99.841179 680.605103
v -1434.606689 99.945061 681.190918
v -1435.378540 100.046181 682.524170
v -1436.960938 100.502251 680.385864
v -1437.042969 100.481331 681.657104
v -1434.993896 99.915459 683.777466
v -1433.300659 99.704048 685.016296
v -1431.014648 100.117668 690.598755
v -1430.921875 100.230293 692.047668
v -1430.079834 100.253838 689.669800
v -1431.571167 99.689583 694.705933
v -1428.824951 100.518654 690.299072
v -1428.570557 100.524147 689.206421
v -1426.432373 100.965981 689.589355
v -1428.634033 100.660500 691.756836
v -1429.502930 100.536430 692.408020
v -1429.899414 99.708824 696.433350
v -1425.114014 101.277718 688.555176
v -1424.614990 101.108849 694.131226
v -1422.939453 101.328224 692.409546
v -1423.372070 101.350410 689.549133
v -1423.160889 101.659492 686.175537
v -1424.437012 101.476036 686.762085
v -1424.755371 100.944710 695.967102
v -1425.601807 100.759544 697.016724
v -1428.985352 99.958534 698.082214
v -1428.932861 99.957573 697.828247
v -1576.030518 107.844971 633.157104
v -1574.207275 107.721207 633.227661
v -1571.641602 107.584763 634.628784
v -1577.654053 107.994553 634.332764
v -1570.520020 107.932770 636.541931
v -322.502167 66.691917 257.753174
v -323.292633 67.289879 253.807373
v -321.958344 66.828972 255.047241
v -325.489227 67.271523 253.720398
v -323.529358 66.843788 259.356079
v -321.345642 66.570137 260.464294
v -329.480103 67.296196 252.716492
v -327.279785 67.179222 252.698730
v -328.303467 66.783951 251.307861
v -325.024323 66.988167 260.956726
v -327.619934 66.850441 264.600281
v -324.260376 67.156929 262.579651
v -333.835419 65.515556 262.814270
v -330.334045 66.334038 264.635193
v -333.518951 65.493813 264.786072
v -334.884308 65.195625 264.130249
v -333.628845 65.893486 260.915649
v -336.405823 64.865578 264.237061
v -336.016357 64.832909 265.587524
v -338.153046 64.189949 266.501953
v -334.871948 65.856941 259.750366
v -339.908356 63.964542 265.473694
v -338.053558 64.701683 263.252991
v -339.314819 63.788685 267.451599
v -341.186157 63.402714 267.338074
v -342.080292 62.983860 268.673950
v -341.215179 62.833454 270.528809
v -331.415466 67.056313 254.126038
v -330.611633 67.318542 252.063293
v -335.085754 66.139381 256.932251
v -337.085144 65.452202 259.670410
v -336.794159 65.491997 259.835083
v -338.091980 64.936531 261.660156
v -338.671600 64.782860 261.929077
v -340.195190 64.278664 263.138916
v -1422.211670 102.279579 663.064514
v -1420.297607 102.290047 664.280396
v -1419.178589 102.325066 667.534180
v -1419.243652 102.327461 668.746277
v -1420.929077 102.249367 672.264160
vn 0.0268 0.9967 0.0762
vn -0.1013 -0.9926 -0.0666
vn 0.0266 0.9996 0.0004
vn 0.0696 0.9975 -0.0070
vn -0.1175 0.9775 -0.1749
vn 0.0034 0.9837 0.1800
vn -0.0697 0.9955 0.0641
vn -0.0036 0.9946 0.1034
vn 0.0251 0.9849 0.1713
vn 0.0091 0.9884 0.1514
vn 0.0185 -0.9998 -0.0114
vn -0.6908 0.0835 -0.7182
vn -0.2131 -0.9666 -0.1424
vn 0.0380 0.9769 0.2101
vn -0.2638 0.9554 -0.1329
vn 0.2875 0.9259 -0.2450
vn 0.1381 0.9903 -0.0150
vn -0.0223 0.9996 0.0199
vn -0.0267 0.9982 0.0529
vn -0.1621 0.9818 -0.0995
vn -0.1877 0.9815 -0.0388
vn -0.1243 0.9920 0.0231
vn -0.1991 0.9792 -0.0386
vn 0.3771 0.9249 0.0477
vn -0.0080 0.9997 0.0239
vn 0.0262 0.9996 -0.0126
vn 0.0957 0.9905 -0.0984
vn -0.2180 0.9736 -0.0670
vn -0.0130 0.9390 0.3436
vn -0.2482 0.9687 -0.0067
vn 0.0411 0.9922 -0.1174
vn -0.7007 0.1439 -0.6988
vn 0.0359 0.9992 0.0163
vn 0.1058 -0.9687 0.2244
vn 0.1711 -0.9569 0.2346
vn -0.0740 -0.9971 0.0185
vn 0.0206 0.9918 0.1260
vn 0.4077 0.9070 0.1060
vn 0.0054 -0.9999 0.0133
vn -0.0420 0.9983 -0.0393
vn -0.0105 0.9999 -0.0040
vn 0.0399 0.9981 0.0465
vn -0.0561 0.9314 -0.3597
vn 0.0611 0.9337 -0.3528
vn 0.1434 0.9339 -0.3275
vn 0.0950 0.9954 -0.0102
vn 0.0016 0.9795 -0.2014
vn -0.2193 0.9407 0.2589
vn -0.0193 0.9992 -0.0337
vn 0.0492 0.9983 -0.0319
vn 0.1085 0.9898 0.0924
vn -0.1502 0.8705 -0.4688
vn -0.6512 0.6919 -0.3117
vn -0.4656 0.8557 0.2258
vn -0.1255 0.9384 0.3220
vn -0.1492 -0.1476 0.9777
vn -0.1500 0.9886 0.0131
vn 0.1701 0.9853 0.0156
vn -0.2115 0.9659 0.1494
vn -0.2371 0.9383 -0.2518
vn 0.0714 -0.9922 0.1026
vn 0.0588 -0.9912 0.1190
vn 0.1304 -0.9901 -0.0525
vn -0.0663 0.9605 0.2701
vn 0.1174 0.9602 0.2535
vn -0.0409 0.9150 0.4013
vn 0.3587 0.9236 0.1352
vn 0.2565 0.9665 0.0058
vn 0.2220 0.9673 -0.1231
vn 0.2356 0.9125 -0.3345
vn 0.0688 0.9404 -0.3331
vn 0.1462 0.8266 -0.5435
vn 0.2346 0.8371 -0.4941
vn 0.4674 0.7406 -0.4828
vn 0.3278 0.9413 -0.0810
vn 0.2045 0.9789 -0.0017
vn 0.1119 0.9286 0.3538
vn 0.0627 0.9645 0.2564
vn 0.0251 0.9659 0.2576
vn 0.0756 -0.9690 -0.2350
vn 0.0565 -0.9981 -0.0238
vn 0.1937 -0.9219 -0.3356
vn -0.1332 0.9731 0.1879
vn -0.0332 -0.9815 -0.1885
vn 0.0429 0.9900 0.1343
vn -0.0805 -0.9923 -0.0946
vn 0.0089 0.9999 0.0100
vn 0.0043 0.9997 0.0258
vn 0.0268 -0.9850 0.1704
vn -0.0111 0.9995 0.0296
vn -0.0207 0.9977 -0.0644
vn -0.0739 -0.9910 -0.1118
vn 0.0455 -0.9985 -0.0299
vn -0.0751 -0.9948 -0.0683
vn 0.0523 0.8316 -0.5530
vn 0.0111 0.9980 0.0619
vn 0.3474 0.9331 0.0930
vn -0.0319 0.9991 0.0270
vn 0.1051 0.9789 0.1753
vn -0.1454 0.9802 0.1341
vn 0.2878 0.9557 -0.0622
vn 0.0597 0.9895 -0.1317
vn -0.0256 0.9811 -0.1920
vn 0.1277 0.9877 0.0897
vn 0.1483 0.9659 0.2124
vn -0.0762 0.9965 0.0351
vn -0.0400 0.9893 0.1400
vn -0.4786 0.8772 -0.0376
vn -0.0689 0.9975 -0.0143
vn -0.0051 0.9990 0.0450
vn 0.0184 0.9815 0.1906
vn 0.0486 0.9910 0.1247
vn -0.0256 0.9826 0.1840
vn -0.0433 0.9971 -0.0629
vn 0.1782 0.9438 0.2784
vn 0.2982 0.9438 0.1427
vn 0.0085 1.0000 -0.0021
vn 0.2854 0.8863 -0.3648
vn -0.5840 0.6724 0.4548
vn 0.0170 0.9997 0.0202
vn -0.0737 0.9820 -0.1742
vn 0.1432 0.9894 0.0232
vn -0.0283 -0.9996 0.0065
vn -0.0362 0.9993 0.0125
vn 0.0869 -0.9917 -0.0952
vn 0.0248 0.9956 -0.0900
vn 0.0108 0.9999 -0.0119
vn 0.0087 1.0000 -0.0024
vn 0.0269 0.9959 -0.0869
vn -0.0035 0.9995 -0.0324
vn -0.0207 0.9986 -0.0496
vn -0.1103 0.9931 -0.0387
vn -0.0372 0.9961 -0.0796
vn 0.1487 0.9870 -0.0610
vn -0.0082 0.9990 -0.0445
vn 0.0249 0.9997 -0.0007
vn -0.0096 0.9999 0.0094
vn -0.0023 0.9998 -0.0192
vn -0.2257 0.9673 -0.1162
vn -0.0365 0.9871 -0.1562
vn -0.3740 0.9006 -0.2214
vn -0.3613 0.9236 -0.1281
vn 0.0291 0.9995 -0.0154
vn -0.0792 0.9906 -0.1113
vn -0.0011 0.9961 -0.0887
vn -0.2356 0.9586 -0.1602
vn -0.0491 0.9885 0.1428
vn 0.0492 0.9937 0.1010
vn 0.0211 0.9968 0.0771
vn -0.0038 0.9989 0.0468
vn 0.0167 0.9926 0.1200
vn 0.0239 0.9965 0.0803
vn 0.0180 0.9997 0.0181
vn 0.1934 -0.9697 -0.1495
vn 0.1262 -0.9905 -0.0553
vn 0.2199 -0.9682 -0.1191
vn 0.2023 -0.9777 -0.0561
vn 0.2257 -0.9703 -0.0872
vn 0.1599 -0.9819 -0.1016
vn 0.1968 -0.9674 -0.1593
vn 0.2460 -0.9630 -0.1098
vn 0.2369 -0.9659 -0.1046
vn 0.1903 -0.9772 -0.0947
vn 0.0204 -0.9991 0.0367
vn 0.1970 -0.9738 -0.1141
vn 0.1801 -0.9778 -0.1072
vn 0.0039 -0.9968 0.0800
vn 0.0599 -0.9976 0.0354
vn 0.0142 -0.9967 0.0800
vn 0.1423 -0.9893 0.0336
vn -0.0751 -0.9971 0.0141
vn -0.0079 -0.9988 -0.0474
vn -0.0452 -0.9940 -0.1001
vn 0.0189 -0.9981 -0.0579
vn -0.0257 -0.9993 0.0275
vn -0.1272 -0.9898 -0.0647
vn 0.0193 -0.9945 -0.1029
vn -0.0098 -0.9940 -0.1089
vn 0.0260 -0.9980 -0.0576
vn -0.0520 -0.9969 -0.0589
vn -0.0051 -0.9997 -0.0223
vn 0.0506 -0.9974 -0.0518
vn 0.0127 -0.9996 -0.0241
vn 0.0094 -1.0000 0.0033
vn 0.0531 -0.9986 -0.0066
vn 0.0092 -0.9999 -0.0123
vn -0.0188 -0.9994 0.0285
vn 0.0411 -0.9991 0.0078
vn -0.0042 -0.9997 -0.0230
vn 0.0423 -0.9990 -0.0128
vn 0.0225 -0.9997 0.0098
vn -0.0190 -0.9979 -0.0620
vn 0.0278 -0.9995 -0.0174
vn 0.0911 -0.9947 0.0479
vn 0.0429 -0.9989 -0.0178
vn 0.0346 -0.9988 -0.0351
vn 0.0286 -0.9987 -0.0424
vn 0.0451 -0.9986 -0.0273
vn 0.0479 -0.9983 -0.0328
vn -0.0062 -0.9997 -0.0225
vn -0.0437 -0.9990 -0.0052
vn -0.0037 -1.0000 0.0001
vn -0.0080 -0.9939 -0.1096
vn 0.0676 -0.9936 -0.0907
vn 0.0255 -0.9977 -0.0620
vn 0.0269 -0.9977 -0.0624
vn 0.2460 0.9188 -0.3085
vn -0.0310 0.9788 -0.2024
vn -0.0846 0.9625 -0.2576
vn -0.0583 0.9983 -0.0082
vn -0.0390 0.9732 0.2268
vn 0.0549 0.9209 -0.3859
vn -0.3379 0.9252 -0.1726
vn 0.2660 0.8968 0.3535
vn 0.0260 0.9212 0.3883
vn -0.4137 0.8632 0.2894
vn -0.2357 0.9220 0.3071
vn -0.0884 0.9498 0.3000
vn -0.1517 0.9786 0.1393
vn -0.0129 0.9832 0.1823
vn 0.0151 0.9998 0.0114
vn -0.0782 0.9908 0.1107
vn -0.0318 0.9993 0.0174
vn 0.0022 0.9997 0.0232
vn -0.0535 0.9979 0.0352
vn 0.0371 0.9992 0.0139
vn -0.0364 0.9986 0.0382
vn 0.0170 0.9984 -0.0548
vn 0.0102 0.9983 0.0567
vn -0.0421 0.9978 0.0517
vn -0.0074 0.9972 0.0739
vn -0.0655 0.9966 0.0500
vn 0.0229 0.9982 0.0552
vn -0.0449 0.9964 0.0725
vn 0.0013 0.9999 -0.0100
vn -0.0109 0.9976 0.0690
vn 0.0157 0.9996 0.0252
vn -0.0473 0.9980 0.0429
vn -0.0097 0.9980 0.0632
vn -0.0288 0.9967 0.0765
vn -0.0283 0.9966 0.0770
vn -0.0498 0.9982 -0.0334
vn 0.0247 0.9957 0.0895
vn 0.1177 0.9897 -0.0818
vn 0.1266 0.9910 -0.0429
vn -0.0631 0.9965 0.0549
vn -0.0309 0.9942 0.1034
vn -0.0624 0.9966 0.0546
vn -0.0642 0.9964 0.0561
vn -0.0650 0.9965 0.0534
vn 0.0605 0.9982 -0.0029
vn 0.0303 0.9995 -0.0000
vn 0.0662 0.9939 -0.0885
vn -0.1390 0.9903 -0.0048
vn -0.0671 0.9971 0.0368
vn 0.0368 0.9993 0.0019
vn 0.0178 0.9960 -0.0878
vn 0.0142 0.9965 -0.0827
vn 0.0488 0.9983 0.0304
vn 0.0855 0.9930 0.0815
vn -0.1818 0.9828 0.0329
vn 0.0868 0.9922 0.0898
vn 0.0222 0.9997 -0.0109
vn 0.0136 0.9999 0.0099
vn 0.0129 0.9999 0.0083
vn 0.0163 0.9986 -0.0494
vn 0.0256 0.9992 0.0306
vn 0.0282 0.9992 -0.0270
vn -0.1119 0.9934 -0.0254
vn -0.0651 0.9915 -0.1124
vn 0.0246 0.9835 -0.1792
vn 0.0082 0.9984 -0.0568
vn 0.0236 0.9995 -0.0199
vn -0.1142 0.9907 -0.0736
vn -0.0607 0.9977 0.0292
vn 0.0253 0.9995 -0.0178
vn -0.0061 0.9990 0.0451
vn 0.0247 0.9997 0.0026
vn -0.0040 0.9998 -0.0171
vn -0.0107 0.9996 0.0258
vn -0.0203 0.9998 -0.0090
vn 0.0444 0.9989 0.0156
vn 0.0006 0.9996 0.0271
vn -0.0045 0.9997 0.0243
vn -0.1497 0.9858 -0.0763
vn -0.0951 0.9934 -0.0646
vn -0.1335 0.9898 -0.0502
vn 0.0251 0.9996 -0.0160
vn 0.0176 0.9995 -0.0251
vn 0.0136 0.9999 0.0067
vn 0.0950 0.9955 -0.0037
vn -0.0080 0.9998 0.0159
vn 0.0421 0.9990 0.0167
vn 0.0049 1.0000 0.0065
vn 0.1263 0.9920 0.0060
vn 0.0333 0.9994 0.0086
vn 0.2038 0.9785 0.0324
vn 0.1636 0.9817 0.0977
vn 0.1165 0.9929 0.0248
vn 0.1262 0.9919 0.0160
vn 0.1167 0.9928 0.0255
vn 0.0520 0.9968 -0.0606
vn 0.0529 0.9970 -0.0560
vn -0.0382 0.9969 0.0685
vn 0.0199 0.9989 0.0435
vn 0.0255 0.9982 0.0547
vn -0.1415 0.9886 -0.0515
vn 0.0243 0.9997 0.0085
vn 0.0389 0.9992 -0.0049
vn 0.0033 0.9889 0.1487
vn 0.0681 0.9961 -0.0569
vn 0.0645 0.9974 -0.0323
vn 0.0225 0.9992 -0.0333
vn -0.1234 0.9909 -0.0533
vn 0.0998 0.9950 -0.0066
vn 0.0033 0.9988 0.0492
vn 0.0208 0.9983 0.0535
vn 0.0946 0.9728 0.2113
vn 0.1420 0.9875 -0.0676
vn 0.0772 0.9720 -0.2221
vn 0.0694 0.9971 -0.0301
vn 0.0689 0.9971 -0.0317
vn 0.0662 0.9802 -0.1864
vn -0.0564 0.9905 -0.1256
vn -0.0040 0.9915 -0.1301
vn 0.0966 0.9945 -0.0413
vn -0.1946 0.9701 -0.1447
vn -0.2663 0.9416 -0.2058
vn -0.1102 0.9731 -0.2024
vn -0.1405 0.9697 -0.1996
vn -0.1494 0.9843 -0.0941
vn -0.1495 0.9885 -0.0214
vn -0.1084 0.9940 -0.0141
vn -0.0711 0.9974 0.0097
vn -0.1341 0.9895 -0.0533
vn -0.0011 0.9924 -0.1232
vn -0.0123 0.9946 -0.1030
vn -0.2427 0.9597 -0.1418
vn -0.0080 0.9899 -0.1414
vn -0.1355 0.9884 0.0682
vn -0.0326 0.9992 0.0240
vn -0.0717 0.9935 0.0885
vn -0.0722 0.9939 0.0830
vn -0.0016 0.9990 -0.0440
vn 0.1685 0.9658 -0.1972
vn -0.1521 0.9879 -0.0297
vn -0.3586 0.9138 -0.1907
vn -0.2554 0.9663 -0.0321
vn -0.2496 0.9679 0.0304
vn 0.3810 0.8897 0.2516
vn -0.5250 0.8339 -0.1702
vn -0.0850 0.9952 0.0486
vn -0.0848 0.9952 0.0484
vn -0.4528 0.8801 -0.1429
vn -0.5074 0.8532 -0.1207
vn -0.4420 0.8913 -0.1009
vn -0.0069 0.9947 -0.1026
vn 0.1210 0.9896 0.0776
vn 0.1606 0.9819 0.1008
vn -0.0888 0.9956 0.0301
vn -0.0412 0.9987 0.0315
vn -0.0601 0.9946 0.0842
vn 0.0583 0.9949 -0.0825
vn -0.0622 0.9930 0.1006
vn 0.0611 0.9975 -0.0365
vn -0.0018 0.9989 -0.0475
vn -0.1472 0.9571 -0.2496
vn 0.0460 0.9971 -0.0612
vn -0.0250 0.9996 -0.0117
vn 0.0644 0.9973 0.0362
vn 0.0375 0.9894 -0.1400
vn 0.0027 1.0000 0.0025
vn -0.1565 0.9869 -0.0391
vn 0.0288 0.9994 0.0187
vn -0.1292 0.9900 0.0573
vn -0.0972 0.9906 -0.0967
vn -0.1226 0.9923 0.0169
vn -0.1480 0.9887 0.0254
vn -0.1771 0.9296 0.3231
vn -0.6599 0.7415 0.1210
vn -0.1676 0.9789 0.1169
vn -0.0809 0.9940 0.0729
vn -0.1171 0.9894 0.0861
vn -0.1029 0.9918 0.0755
vn -0.3391 0.8362 0.4310
vn -0.0022 0.9777 0.2102
vn 0.5052 0.8501 0.1483
vn 0.5732 0.8032 0.1624
vn 0.1622 0.8639 0.4768
vn -0.0267 0.9859 0.1651
vn 0.5450 0.8069 0.2279
vn 0.4949 0.8490 0.1851
vn 0.5359 0.8408 0.0771
vn 0.4163 0.9081 0.0465
vn 0.4272 0.9029 0.0484
vn 0.5086 0.8555 0.0972
vn 0.1728 0.9737 -0.1486
vn -0.0178 0.9936 -0.1118
vn 0.1252 0.9796 -0.1570
vn 0.3768 0.8705 0.3167
vn 0.1594 0.9864 -0.0411
vn 0.1987 0.9770 -0.0768
vn 0.4477 0.8825 0.1443
vn 0.4866 0.8495 0.2039
vn 0.6154 0.7674 0.1799
vn 0.1545 0.9820 -0.1083
vn 0.2390 0.9693 -0.0568
vn 0.1020 0.8643 -0.4926
vn -0.3156 0.9206 -0.2298
vn 0.1448 0.9893 -0.0171
vn -0.0705 0.9936 0.0886
vn 0.1236 0.9902 -0.0650
vn -0.0625 0.9588 0.2771
vn -0.1472 0.9885 -0.0337
vn 0.0937 0.9628 -0.2535
vn 0.1648 0.9792 -0.1182
vn 0.0784 0.9858 0.1483
vn 0.0491 0.9805 -0.1901
vn 0.0069 0.9962 0.0863
vn 0.0433 0.9739 0.2228
vn 0.2513 0.9217 0.2955
vn 0.2323 0.9265 0.2961
vn 0.2625 0.9202 0.2904
vn 0.4219 0.9024 0.0875
vn 0.2642 0.9448 0.1939
vn 0.4361 0.8819 0.1788
vn -0.1603 0.9623 0.2199
vn -0.0554 0.9869 0.1517
vn 0.1294 0.9776 0.1662
vn 0.0876 0.9633 0.2538
vn -0.0795 0.9539 0.2894
vn -0.0826 0.9583 0.2735
vn 0.5245 0.8425 0.1228
vn 0.3341 0.9407 0.0595
vn 0.1934 0.9429 0.2712
vn -0.2191 0.8637 0.4538
vn 0.0529 0.9681 0.2448
vn 0.0452 0.9771 0.2079
vn 0.0194 0.9675 0.2523
vn 0.1999 0.9745 0.1020
vn 0.0537 0.9811 0.1856
vn -0.0136 0.9767 0.2140
vn 0.0319 0.9916 0.1255
vn -0.2062 0.8696 0.4486
vn 0.0189 0.9998 -0.0042
vn 0.0304 0.9995 -0.0007
vn -0.2149 0.9661 0.1432
vn -0.1596 0.9829 -0.0914
vn 0.0762 0.9859 0.1490
vn -0.1442 0.9889 -0.0360
vn -0.0660 0.9975 -0.0233
vn 0.0059 0.9999 0.0131
vn -0.0062 0.9984 -0.0566
vn 0.0186 0.9995 0.0259
vn 0.0583 0.9884 -0.1399
vn 0.1442 0.9683 -0.2038
vn 0.1142 0.9906 -0.0759
vn 0.1878 0.9732 -0.1328
vn 0.0452 0.9680 -0.2468
vn 0.0125 0.9677 -0.2518
vn 0.0987 0.9951 -0.0114
vn -0.0661 0.9965 -0.0517
vn 0.0611 0.9922 -0.1083
vn 0.2045 0.8159 -0.5409
vn 0.1101 0.9613 -0.2525
vn 0.1598 0.8648 -0.4759
vn 0.2266 0.8454 -0.4837
vn 0.1987 0.8522 -0.4840
vn -0.0070 0.9988 -0.0489
vn 0.1456 0.9893 -0.0035
vn 0.0328 0.9993 -0.0203
vn -0.0246 0.9617 -0.2729
vn -0.0121 0.9977 0.0672
vn -0.0487 0.9987 0.0177
vn 0.1117 0.9932 0.0313
vn -0.0058 0.9882 0.1529
vn 0.0125 0.9986 0.0519
vn -0.0160 -0.9999 0.0040
vn 0.0249 -0.9984 -0.0506
vn 0.0262 -0.9988 -0.0404
vn 0.0083 -0.9999 0.0058
vn 0.0061 -0.9999 0.0138
vn 0.0111 -0.9966 0.0815
vn 0.0054 -0.9975 0.0700
vn 0.0051 -0.9999 0.0104
vn 0.0014 -0.9998 0.0179
vn 0.0108 -0.9999 0.0060
vn 0.0189 -0.9986 0.0502
vn 0.1082 -0.9941 0.0119
vn 0.0471 -0.9956 0.0811
vn 0.0457 -0.9957 0.0811
vn -0.0049 -0.9999 0.0111
vn 0.0167 -0.9997 0.0182
vn 0.0152 -0.9996 -0.0248
vn 0.0173 -0.9999 -0.0001
vn 0.0321 -0.9983 -0.0479
vn 0.0118 -0.9996 -0.0252
vn 0.0603 -0.9980 -0.0187
vn -0.0402 -0.9992 -0.0013
vn 0.0604 -0.9977 -0.0291
vn -0.0014 -0.9995 -0.0328
vn 0.0261 -0.9970 -0.0725
vn 0.0132 -0.9995 -0.0271
vn 0.0562 -0.9977 -0.0378
vn 0.0577 -0.9905 -0.1247
vn 0.0977 -0.9926 0.0719
vn 0.0799 -0.9961 -0.0371
vn 0.0478 -0.9982 -0.0366
vn 0.0538 -0.9977 -0.0415
vn 0.0005 -0.9994 -0.0357
vn -0.0004 -0.9982 -0.0596
vn -0.2108 -0.9704 -0.1182
vn -0.0711 -0.9974 -0.0120
vn 0.0271 -0.9996 0.0009
vn -0.0483 -0.9958 0.0781
vn -0.0903 -0.9959 -0.0000
vn -0.1350 -0.9904 -0.0288
vn 0.0490 0.9966 0.0663
vn 0.0351 0.9831 0.1794
vn -0.0192 0.9816 0.1899
vn 0.0594 0.9937 0.0954
vn -0.2670 0.9215 -0.2820
vn -0.2592 0.9252 -0.2772
vn -0.1805 0.9516 -0.2489
vn -0.1921 0.9509 -0.2428
vn -0.2342 0.9722 -0.0011
vn 0.2282 0.9331 -0.2779
vn -0.1541 0.9571 -0.2456
vn -0.2330 0.9725 -0.0028
vn -0.2342 0.9722 -0.0012
vn 0.1302 0.9671 0.2187
vn 0.1143 0.9663 0.2306
vn 0.0490 0.9876 -0.1489
vn 0.2268 0.9480 -0.2235
vn 0.1774 0.9571 -0.2291
vn 0.3041 0.9453 -0.1180
vn 0.0323 0.9861 -0.1629
vn 0.6487 0.7535 -0.1070
vn 0.0728 0.9972 0.0185
vn 0.3001 0.9449 -0.1307
vn -0.1346 0.9880 -0.0759
vn -0.1555 0.9590 -0.2371
vn 0.6427 0.7590 -0.1046
vn 0.2811 0.9542 -0.1022
vn -0.3759 0.8674 0.3260
vn -0.1378 0.9583 -0.2505
vn 0.2227 0.9386 -0.2635
vn -0.2294 0.9722 -0.0468
vn -0.0916 0.9925 0.0804
vn -0.0788 0.9954 0.0551
vn -0.4177 0.8561 0.3043
vn 0.0143 0.9999 -0.0050
vn -0.0087 1.0000 0.0044
vn -0.0017 0.9968 -0.0796
vn 0.0311 0.9987 -0.0415
vn 0.1246 0.9922 0.0102
vn 0.0316 0.9859 -0.1646
vn 0.3586 0.9224 -0.1438
vn 0.0570 0.9744 -0.2173
vn 0.0744 0.9735 -0.2164
vn 0.2019 0.9511 -0.2339
vn 0.3051 0.9420 -0.1397
vn 0.1098 0.9926 0.0522
vn 0.1197 0.9894 -0.0828
vn 0.1928 0.9612 -0.1972
vn 0.2145 0.9457 -0.2444
vn 0.2088 0.9611 -0.1807
vn 0.3279 0.9091 -0.2570
vn 0.1758 0.9819 0.0707
vn 0.1692 0.9840 -0.0558
vn 0.1526 0.9870 0.0502
vn 0.2308 0.9727 -0.0263
vn 0.2191 0.9744 -0.0510
vn 0.2049 0.9738 -0.0991
vn 0.2438 0.9698 -0.0009
vn 0.2156 0.9689 -0.1213
vn 0.2371 0.9715 0.0080
vn 0.1273 0.9910 0.0405
vn 0.3355 0.9420 -0.0015
vn 0.0511 0.9963 0.0696
vn 0.0475 0.9965 0.0685
vn -0.0003 0.9924 0.1234
vn 0.0281 0.9857 0.1662
vn -0.0950 0.9913 0.0910
vn 0.4016 0.8175 -0.4129
vn -0.0496 0.9986 -0.0193
vn 0.2244 0.9481 -0.2253
vn 0.1007 0.9899 -0.0998
vn 0.1811 0.9766 -0.1159
vn 0.1344 0.9572 -0.2564
vn 0.1184 0.9908 -0.0653
vn 0.2343 0.9668 -0.1018
vn 0.3573 0.9028 -0.2394
vn 0.3245 0.9121 -0.2505
vn 0.3506 0.9178 -0.1865
vn 0.0290 0.9980 -0.0554
vn 0.1243 0.9905 0.0590
vn 0.0317 0.9984 0.0466
vn -0.0229 0.9995 0.0227
vn -0.0106 0.9998 0.0189
vn 0.0174 0.9994 0.0285
vn 0.0152 0.9994 0.0298
vn 0.0159 0.9996 0.0220
vn -0.0197 0.9995 0.0236
vn 0.0153 0.9992 0.0382
vn -0.0192 0.9993 0.0316
vn -0.0125 0.9987 0.0492
vn -0.0197 0.9978 0.0630
vn -0.0482 0.9972 0.0575
vn -0.0552 0.9976 0.0407
vn -0.0232 0.9985 0.0497
vn 0.0822 0.9965 0.0132
vn 0.0313 0.9928 0.1152
vn 0.0467 0.9903 0.1312
vn 0.0433 0.9979 0.0490
vn -0.0210 0.9977 0.0644
vn 0.0546 0.9985 0.0077
vn 0.0528 0.9984 0.0198
vn 0.0729 0.9967 0.0370
vn -0.0177 0.9967 0.0795
vn -0.0250 0.9985 0.0496
vn 0.0867 0.9889 0.1210
vn 0.0820 0.9963 0.0265
vn 0.0675 0.9974 -0.0258
vn 0.0712 0.9973 -0.0200
vn 0.2159 0.9717 -0.0960
vn 0.1561 0.9855 -0.0660
vn 0.2641 0.9644 -0.0155
vn 0.1834 0.9829 0.0176
vn 0.1231 0.9907 -0.0582
vn 0.1641 0.9851 -0.0507
vn 0.2053 0.9749 0.0856
vn 0.0370 0.9757 0.2158
vn 0.0528 0.9894 0.1351
vn -0.0110 0.9994 0.0324
vn 0.1048 0.9740 0.2009
vn 0.0968 0.9927 0.0719
vn 0.1772 0.9840 0.0197
vn 0.1037 0.9939 0.0367
vn 0.3369 0.9401 0.0519
vn 0.0776 0.9822 0.1710
vn -0.0188 0.9964 0.0823
vn -0.0275 0.9947 0.0986
vn -0.1082 0.9831 0.1475
vn -0.0083 0.9998 -0.0206
vn -0.3331 0.9421 0.0400
vn -0.0692 0.9888 0.1322
vn 0.1784 0.9737 0.1417
vn -0.0096 0.9999 -0.0131
vn -0.2730 0.9575 0.0934
vn -0.1158 0.9921 0.0491
vn -0.3521 0.9122 0.2094
vn -0.0029 0.9970 -0.0771
vn -0.2129 0.9764 0.0364
vn -0.2827 0.9586 -0.0338
vn -0.4455 0.8877 0.1158
vn -0.0610 0.9866 0.1517
vn -0.1317 0.9908 -0.0328
vn 0.0471 0.9985 0.0270
vn 0.0256 0.9989 0.0384
vn -0.2822 0.9593 0.0103
vn 0.0405 0.9988 0.0284
vn 0.0333 0.9991 0.0265
vn 0.0825 0.9866 0.1405
vn 0.0726 0.9940 0.0812
vn -0.0575 0.9811 -0.1846
vn -0.0406 0.9992 -0.0016
vn -0.3336 0.9417 -0.0449
vn -0.1189 0.9925 -0.0297
vn -0.1156 0.9926 -0.0376
vn -0.1786 0.9839 -0.0021
vn -0.2053 0.9778 -0.0418
vn -0.1518 0.9877 0.0386
vn -0.0680 0.9970 0.0363
vn -0.0070 0.9989 -0.0468
vn -0.2252 0.9741 0.0211
vn -0.2460 0.9677 -0.0544
vn -0.2030 0.9768 -0.0685
vn -0.1926 0.9797 -0.0558
vn -0.1952 0.9799 -0.0405
vn 0.1231 0.9905 0.0612
vn 0.1687 0.9855 0.0154
vn 0.3288 0.9434 -0.0431
vn 0.2401 0.9691 0.0561
vn 0.1864 0.9615 0.2020
vn 0.2248 0.9662 0.1259
vn 0.1875 0.9595 0.2102
vn 0.2212 0.9682 0.1169
vn 0.2496 0.9633 0.0989
vn 0.1510 0.9862 0.0677
vn 0.1964 0.9798 0.0366
vn 0.1425 0.9898 0.0068
vn 0.1443 0.9895 -0.0025
vn 0.2407 0.9703 0.0248
vn 0.2103 0.9769 0.0377
vn 0.2416 0.9700 0.0271
vn -0.1810 0.9830 -0.0321
vn -0.0750 0.9934 -0.0868
vn 0.1549 0.9870 -0.0433
vn 0.2414 0.9700 0.0297
vn 0.1969 0.9723 0.1262
vn 0.2440 0.9672 0.0712
vn -0.1986 0.9785 -0.0564
vn -0.1162 0.9929 -0.0260
vn -0.0819 0.9958 -0.0402
vn 0.2226 0.9734 0.0541
vn -0.2314 0.9710 -0.0606
vn 0.0025 0.9914 0.1312
vn 0.2786 0.9604 -0.0085
vn 0.0079 0.9933 0.1150
vn -0.0339 0.9810 0.1913
vn -0.2353 0.9718 -0.0167
vn -0.1960 0.9641 0.1789
vn -0.2418 0.9697 0.0347
vn -0.1772 0.9673 0.1814
vn -0.1180 0.9898 0.0795
vn -0.1149 0.9933 0.0147
vn -0.1243 0.9919 0.0265
vn -0.1037 0.9910 0.0843
vn -0.1216 0.9825 0.1412
vn -0.1208 0.9925 0.0171
vn -0.0857 0.9933 0.0775
vn -0.2419 0.9607 0.1363
vn 0.2249 0.9727 0.0564
vn 0.2204 0.9749 0.0303
vn 0.1778 0.9721 0.1530
vn 0.1938 0.9778 -0.0798
vn 0.0968 0.9947 0.0356
vn -0.3085 0.9443 0.1148
vn -0.2058 0.9778 -0.0395
vn -0.0834 0.9960 -0.0318
vn -0.0787 0.9963 -0.0349
vn -0.3470 0.9370 0.0394
vn -0.1792 0.9830 0.0401
vn -0.1355 0.9858 0.0995
vn -0.1198 0.9598 0.2538
vn -0.2133 0.9769 -0.0162
vn -0.0824 0.9892 0.1211
vn -0.0882 0.9961 -0.0067
vn -0.1007 0.9946 0.0239
vn -0.0817 0.9965 -0.0170
vn -0.1943 0.9791 0.0598
vn -0.2027 0.9787 -0.0330
vn -0.0653 0.9970 0.0417
vn -0.1881 0.9820 -0.0173
vn 0.0302 0.9467 -0.3207
vn 0.2910 0.9387 -0.1849
vn -0.1659 0.9585 -0.2319
vn -0.1540 0.9628 -0.2218
vn 0.2401 0.9694 0.0513
vn 0.1213 0.9924 -0.0203
vn 0.1499 0.9882 0.0314
vn 0.1095 0.9601 -0.2574
vn 0.1402 0.9774 -0.1580
vn 0.0020 0.9897 -0.1429
vn 0.1496 0.9886 -0.0169
vn 0.2395 0.9701 0.0382
vn -0.4439 0.8285 -0.3415
vn -0.6241 0.6694 0.4029
vn 0.3724 0.7439 -0.5549
vn -0.4307 0.8420 -0.3249
vn -0.3306 0.9054 -0.2666
vn -0.3113 0.9265 -0.2115
vn -0.1345 0.9868 -0.0903
vn -0.1810 0.9784 -0.0998
vn -0.0167 0.9943 -0.1053
vn 0.0614 0.9977 -0.0297
vn 0.0143 0.9996 -0.0238
vn -0.1521 0.9762 0.1545
vn -0.1264 0.9805 0.1506
vn -0.1273 0.9908 0.0469
vn -0.1977 0.9789 0.0510
vn -0.0523 0.9914 0.1200
vn -0.0811 0.9903 0.1132
vn -0.0435 0.9970 -0.0646
vn -0.0506 0.9968 -0.0622
vn 0.0524 0.9834 -0.1736
vn -0.0331 0.9940 0.1039
vn -0.1597 0.9841 0.0780
vn 0.0386 0.9990 0.0228
vn -0.0370 0.9954 -0.0887
vn -0.1180 0.9916 -0.0521
vn -0.1171 0.9918 -0.0505
vn 0.0787 0.9801 -0.1822
vn 0.0563 0.9850 -0.1633
vn 0.1250 0.9783 -0.1651
vn 0.1152 0.9782 -0.1725
vn 0.0623 0.9836 -0.1694
vn -0.2637 0.9554 0.1328
vn -0.1332 0.9786 0.1568
vn -0.2388 0.9631 0.1239
vn 0.0855 0.9939 -0.0703
vn 0.0124 0.9855 -0.1692
vn 0.1077 0.9787 -0.1746
vn 0.1635 0.9708 -0.1756
vn 0.1220 0.9697 -0.2117
vn 0.5824 0.6951 -0.4214
vn 0.3852 0.8511 -0.3567
vn 0.3681 0.6593 -0.6556
vn 0.4064 0.9111 0.0683
vn 0.3765 0.9264 -0.0082
vn 0.4172 0.9065 0.0652
vn 0.2618 0.9482 0.1798
vn 0.2817 0.9404 0.1907
vn 0.5372 0.8392 0.0849
vn 0.3355 0.9393 0.0710
vn 0.1483 0.9880 -0.0422
vn 0.0785 0.9907 -0.1111
vn 0.2370 0.9713 -0.0190
vn 0.0857 0.9961 -0.0199
vn 0.0917 0.9958 -0.0072
vn 0.1284 0.9916 0.0137
vn 0.1238 0.9915 -0.0396
vn 0.1204 0.9791 -0.1639
vn 0.1288 0.9871 -0.0955
vn 0.1061 0.9779 -0.1800
vn 0.1600 0.9576 -0.2396
vn 0.1880 0.9710 -0.1478
vn 0.1629 0.9783 -0.1279
vn 0.2149 0.9762 -0.0288
vn 0.0651 0.9926 -0.1026
vn 0.1594 0.9774 -0.1390
vn 0.1621 0.9778 -0.1329
vn 0.0737 0.9931 -0.0915
vn 0.0884 0.9950 -0.0459
vn 0.1125 0.9887 -0.0992
vn 0.1315 0.9760 -0.1737
vn 0.1963 0.9471 -0.2538
vn 0.1617 0.9673 -0.1952
vn 0.1921 0.9555 -0.2240
vn 0.1958 0.9488 -0.2481
vn 0.1995 0.9456 -0.2570
vn 0.0347 0.9986 -0.0396
vn 0.0261 0.9996 -0.0128
vn 0.1084 0.9883 -0.1077
vn 0.0632 0.9972 -0.0412
vn 0.0295 0.9993 -0.0225
vn 0.0253 0.9996 -0.0125
vn 0.0097 0.9996 -0.0246
vn 0.0945 0.9949 -0.0342
vn 0.0983 0.9932 0.0617
vn 0.0523 0.9977 -0.0443
vn 0.0189 0.9994 -0.0306
vn 0.0540 0.9976 -0.0431
vn 0.0808 0.9899 -0.1163
vn 0.0580 0.9966 -0.0578
vn -0.0082 1.0000 -0.0049
vn -0.0369 0.9793 -0.1992
vn -0.0427 0.9980 -0.0464
vn -0.0341 0.9984 -0.0446
vn 0.1823 0.9831 -0.0148
vn 0.1511 0.9725 -0.1773
vn 0.1036 0.9911 -0.0833
vn 0.0747 0.9914 -0.1072
vn 0.0799 0.9913 -0.1048
vn 0.2241 0.9682 -0.1112
vn 0.0758 0.9916 -0.1045
vn 0.1833 0.9829 -0.0198
vn 0.0656 0.9826 -0.1739
vn 0.0249 0.9987 -0.0446
vn 0.0454 0.9982 -0.0389
vn -0.0252 0.9984 -0.0498
vn 0.0086 0.9993 -0.0369
vn 0.1669 0.9828 -0.0791
vn 0.0979 0.9928 -0.0696
vn 0.0985 0.9949 -0.0199
vn 0.1608 0.9852 -0.0586
vn 0.1962 0.9806 -0.0039
vn 0.0684 0.9949 0.0735
vn 0.0867 0.9960 -0.0193
vn 0.0447 0.9974 0.0569
vn 0.0340 0.9994 -0.0077
vn -0.3808 0.9057 0.1866
vn -0.0223 0.9995 0.0207
vn 0.0212 0.9949 0.0990
vn -0.0761 0.9866 -0.1441
vn -0.1191 0.9924 -0.0310
vn -0.2668 0.9609 -0.0738
vn -0.4008 0.9149 -0.0490
vn -0.3576 0.9303 -0.0810
vn -0.1099 0.9939 -0.0084
vn -0.3984 0.9064 -0.1407
vn -0.2944 0.9436 -0.1514
vn -0.2492 0.9674 -0.0448
vn -0.4184 0.9055 -0.0710
vn -0.0444 0.9989 -0.0169
vn -0.0523 0.9984 -0.0212
vn -0.0488 0.9985 -0.0229
vn -0.1932 0.9806 0.0327
vn -0.2176 0.9337 0.2844
vn -0.3020 0.9517 0.0558
vn 0.0328 0.9866 -0.1601
vn -0.0283 0.9932 -0.1126
vn -0.0044 0.9811 -0.1934
vn 0.0176 0.9862 -0.1647
vn 0.0127 0.9892 -0.1462
vn 0.5439 0.8363 0.0694
vn 0.4204 0.8861 0.1950
vn 0.4456 0.8946 0.0333
vn -0.0378 0.9610 0.2739
vn 0.0104 0.9988 0.0477
vn -0.0906 0.9791 -0.1819
vn 0.0403 0.9897 0.1374
vn 0.0555 0.9924 0.1101
vn -0.0198 0.9860 0.1654
vn -0.0235 0.9854 0.1688
vn 0.0935 0.9953 0.0242
vn 0.0828 0.9966 0.0007
vn 0.2347 0.9711 0.0427
vn -0.0092 0.9887 0.1495
vn 0.0682 0.9976 0.0074
vn 0.5281 0.8390 0.1308
vn 0.1487 0.9685 -0.1998
vn 0.1522 0.9870 -0.0527
vn 0.0463 0.9985 -0.0292
vn -0.0605 0.9872 -0.1475
vn -0.0265 0.9996 -0.0105
vn 0.0358 0.9991 -0.0212
vn -0.2734 0.9373 -0.2162
vn -0.2942 0.9353 -0.1968
vn -0.2159 0.9374 -0.2731
vn 0.0778 0.9968 -0.0190
vn 0.0248 0.9976 -0.0646
vn 0.0773 0.9969 -0.0175
vn -0.1583 0.9724 -0.1714
vn 0.0771 0.9953 -0.0583
vn 0.0720 0.9879 -0.1372
vn -0.0272 0.9996 -0.0101
vn 0.0447 0.9981 -0.0421
vn -0.0082 0.9777 -0.2097
vn -0.0444 0.9608 -0.2738
vn -0.0707 0.9588 -0.2753
vn -0.0587 0.9779 -0.2006
vn -0.0781 0.9639 -0.2545
vn -0.0226 0.9489 -0.3147
vn -0.0783 0.9759 -0.2036
vn -0.0788 0.9755 -0.2052
vn -0.2149 0.9517 -0.2195
vn -0.1590 0.9713 -0.1768
vn -0.2668 0.9430 -0.1991
vn -0.2607 0.9477 -0.1843
vn -0.2699 0.9323 -0.2408
vn -0.2804 0.9410 -0.1897
vn -0.1898 0.9542 -0.2313
vn -0.1581 0.9639 -0.2140
vn -0.1764 0.9807 -0.0840
vn -0.2691 0.9602 -0.0746
vn -0.3433 0.9348 -0.0909
vn -0.2853 0.9389 -0.1923
vn -0.3081 0.9432 -0.1243
vn -0.1594 0.9258 0.3426
vn -0.5014 0.8605 0.0900
vn -0.2053 0.9162 0.3441
vn -0.2271 0.9708 -0.0780
vn 0.0425 0.9434 0.3289
vn -0.2382 0.9614 0.1378
vn -0.1796 0.9318 0.3153
vn -0.3012 0.9493 -0.0895
vn 0.1675 0.9841 0.0590
vn 0.1071 0.9905 0.0858
vn 0.1957 0.9724 0.1272
vn 0.0070 0.9940 0.1093
vn 0.0841 0.9921 0.0927
vn 0.1279 0.9748 0.1828
vn 0.2333 0.9553 0.1817
vn -0.0247 0.9975 0.0669
vn -0.0840 0.9944 0.0645
vn -0.0828 0.9916 0.0998
vn -0.0660 0.9958 0.0627
vn -0.0244 0.9974 0.0673
vn 0.1280 0.9752 0.1804
vn -0.0863 0.9941 0.0656
vn -0.0656 0.9923 0.1053
vn -0.0173 0.9996 0.0201
vn -0.0105 0.9997 0.0222
vn -0.0868 0.9954 0.0416
vn -0.0145 0.9944 0.1044
vn -0.0693 0.9911 0.1139
vn -0.0656 0.9957 0.0648
vn -0.0264 0.9940 0.1060
vn 0.0041 0.9986 0.0521
vn 0.0027 0.9998 0.0219
vn -0.0022 0.9999 0.0151
vn -0.0106 0.9915 0.1299
vn 0.3826 -0.8756 0.2948
vn 0.2774 -0.9331 0.2287
vn 0.2751 -0.9006 0.3365
vn -0.1332 -0.9458 0.2961
vn -0.0587 -0.9961 0.0657
vn -0.2308 -0.9557 0.1827
vn 0.0156 -0.9795 0.2008
vn -0.0095 -0.9996 0.0268
vn -0.0445 -0.9979 0.0473
vn -0.2660 -0.9310 -0.2498
vn -0.0380 -0.9987 -0.0333
vn -0.3157 -0.9188 -0.2370
vn 0.0989 -0.9894 0.1062
vn 0.1204 -0.9575 0.2622
vn -0.0867 -0.9669 -0.2402
vn 0.3259 -0.9186 0.2235
vn 0.0008 -0.9995 0.0313
vn -0.2472 -0.9435 -0.2208
vn -0.2689 -0.9520 -0.1464
vn 0.1731 -0.9843 0.0349
vn 0.3194 -0.9089 0.2680
vn 0.3150 -0.9239 0.2172
vn 0.2292 -0.9655 0.1238
vn 0.2136 -0.9578 0.1924
vn 0.2401 -0.9643 0.1120
vn -0.2563 -0.9633 0.0794
vn 0.0430 -0.9968 0.0679
vn 0.1614 -0.9553 0.2477
vn 0.0442 -0.9974 0.0575
vn 0.3081 -0.9399 0.1473
vn 0.2851 -0.9310 0.2279
vn 0.2750 -0.9451 0.1767
vn 0.2443 -0.8975 0.3671
vn -0.1971 -0.9760 -0.0921
vn -0.2222 -0.9563 -0.1898
vn -0.4661 -0.8846 0.0170
vn -0.2012 -0.9461 -0.2539
vn -0.1623 -0.9481 -0.2735
vn -0.1950 -0.9475 -0.2536
vn -0.1260 -0.9532 -0.2749
vn -0.2800 -0.9032 -0.3254
vn -0.1628 -0.9775 -0.1339
vn -0.2606 -0.9586 -0.1145
vn -0.2072 -0.9482 -0.2409
vn -0.1858 -0.9608 -0.2057
vn -0.3039 -0.9165 -0.2600
vn -0.0976 -0.9926 -0.0727
vn -0.0276 -0.9978 -0.0609
vn 0.0653 -0.9960 -0.0612
vn -0.1929 -0.9616 -0.1951
vn -0.0679 -0.9926 -0.1006
vn -0.0354 -0.9869 -0.1572
vn 0.0196 -0.9996 0.0179
vn -0.0314 -0.9991 -0.0282
vn -0.1433 0.9469 -0.2877
vn -0.0067 0.9931 -0.1168
vn 0.0034 0.9104 -0.4136
vn -0.0947 0.9510 -0.2943
vn 0.0528 0.9844 -0.1678
vn 0.0059 0.9906 0.1365
vn 0.0154 0.9933 0.1148
vn 0.0263 0.9939 0.1074
vn 0.0848 0.9940 0.0692
vn -0.0900 0.9560 -0.2794
vn 0.0312 0.9950 0.0952
vn 0.0082 0.9954 0.0951
vn 0.0235 0.9947 0.1002
vn -0.0159 0.9949 0.0996
vn -0.0688 0.9960 0.0562
vn -0.0615 0.9972 0.0426
vn -0.0723 0.9708 0.2288
vn -0.0261 0.9881 0.1518
vn -0.0684 0.9961 0.0564
vn 0.0090 0.9958 0.0911
vn 0.0485 0.9897 0.1344
vn 0.0192 0.9909 0.1332
vn 0.0273 0.9931 0.1138
vn 0.0064 0.9906 0.1367
vn 0.1271 0.9910 0.0409
vn 0.0473 0.9922 0.1152
vn 0.0724 0.9902 0.1197
vn -0.1380 0.9834 0.1179
vn -0.0052 0.9981 0.0619
vn -0.0455 0.9983 0.0371
vn -0.0021 0.9983 0.0582
vn 0.4367 0.8592 -0.2666
vn 0.2553 0.8940 -0.3682
vn 0.5003 0.8041 -0.3210
vn 0.0825 0.9868 0.1393
vn 0.1574 0.9767 0.1462
vn 0.2125 0.9454 -0.2473
vn 0.4095 0.8539 -0.3213
vn 0.3704 0.9217 -0.1154
vn 0.4900 0.8638 -0.1171
vn 0.4051 0.8686 -0.2855
vn 0.4063 0.9085 0.0975
vn -0.2285 0.9501 0.2122
vn -0.2321 0.9616 0.1466
vn -0.0465 0.9791 0.1980
vn 0.2573 0.9576 0.1298
vn -0.0308 0.9906 0.1330
vn 0.0464 0.9388 0.3412
vn -0.0981 0.9950 -0.0171
vn -0.0409 0.9991 -0.0055
vn 0.0097 0.9833 0.1816
vn -0.3614 0.9276 0.0947
vn -0.0699 0.9970 0.0337
vn -0.0950 0.9951 0.0271
vn -0.0205 0.9994 0.0291
vn -0.1318 0.9902 0.0462
vn 0.0057 0.9999 0.0144
vn -0.0065 1.0000 0.0028
vn 0.0076 1.0000 0.0049
vn -0.0040 0.9999 0.0102
vn -0.0186 0.9996 0.0206
vn -0.0987 0.9919 0.0798
vn 0.3537 0.9333 -0.0624
vn 0.4538 0.8876 0.0785
vn 0.4598 0.8880 0.0074
vn 0.4592 0.8868 -0.0524
vn 0.0046 0.9711 0.2387
vn -0.1437 0.9748 0.1705
vn -0.3627 0.8852 0.2912
vn -0.0552 0.9904 0.1270
vn -0.1360 0.9888 0.0616
vn -0.0432 0.9946 0.0945
vn -0.3248 0.9335 0.1518
vn 0.4602 0.8841 0.0808
vn -0.0298 -0.9992 -0.0257
vn -0.0433 -0.9990 0.0058
vn 0.0115 -0.9999 -0.0040
vn -0.0061 -1.0000 0.0054
vn -0.0017 -0.9998 0.0174
vn -0.0203 0.9997 0.0118
vn -0.0238 0.9997 0.0112
vn -0.0262 0.9995 0.0154
vn -0.0301 0.9995 0.0074
vn -0.0082 0.9999 0.0101
vn -0.0438 0.9985 -0.0314
vn 0.0052 0.9998 -0.0186
vn 0.0037 0.9999 -0.0111
vn -0.0161 0.9997 0.0159
vn -0.0165 0.9996 0.0208
vn 0.0052 0.9999 0.0086
vn 0.0426 0.9990 0.0100
vn 0.0551 0.9984 0.0116
vn 0.0143 0.9998 0.0164
vn 0.0303 0.9995 0.0112
vn 0.0408 0.9990 0.0183
vn 0.0365 0.9993 0.0124
vn 0.0200 0.9995 0.0244
vn -0.0169 0.9998 0.0067
vn 0.0073 1.0000 -0.0030
vn 0.0063 1.0000 -0.0011
vn -0.0138 0.9999 -0.0008
vn 0.0099 0.9999 -0.0040
vn 0.0008 1.0000 0.0012
vn 0.0805 0.9894 0.1210
vn 0.0044 1.0000 0.0089
vn 0.0872 0.9937 0.0708
vn -0.0180 0.9995 -0.0245
vn 0.0125 0.9948 0.1010
vn 0.0019 1.0000 0.0007
vn -0.0240 0.9951 0.0964
vn 0.0039 0.9999 -0.0160
vn -0.0043 1.0000 0.0083
vn -0.0134 0.9999 0.0059
vn 0.0004 0.9996 -0.0273
vn -0.0302 0.9995 0.0015
vn -0.0147 0.9945 0.1033
vn -0.0358 0.9990 0.0272
vn -0.0529 0.9982 -0.0278
vn 0.0178 0.9998 -0.0039
vn -0.0123 0.9999 -0.0021
vn 0.0092 0.9998 -0.0183
vn 0.0070 0.9992 0.0401
vn 0.0048 1.0000 0.0072
vn -0.0045 1.0000 -0.0053
vn -0.0039 1.0000 -0.0049
vn 0.0029 1.0000 0.0041
vn -0.0083 0.9999 -0.0147
vn 0.0180 0.9993 -0.0340
vn 0.0706 0.9965 -0.0447
vn 0.0252 0.9954 -0.0924
vn 0.0817 0.9916 -0.1005
vn 0.0483 0.9972 -0.0564
vn -0.0414 0.9954 -0.0863
vn -0.0347 0.9965 -0.0761
vn -0.0867 0.9962 0.0051
vn 0.0230 0.9992 -0.0327
vn -0.1293 0.9785 -0.1604
vn 0.0104 0.9998 -0.0184
vn 0.0055 0.9970 -0.0774
vn -0.2609 0.9618 0.0834
vn -0.0322 0.9964 -0.0779
vn -0.0907 0.9931 -0.0747
vn -0.0414 0.9954 -0.0862
vn 0.0289 0.9969 0.0725
vn 0.0010 0.9983 0.0576
vn -0.0212 0.9998 -0.0052
vn -0.1044 0.9931 0.0530
vn 0.1461 0.9889 0.0256
vn 0.0509 0.9972 0.0545
vn 0.1776 0.9829 0.0496
vn 0.1410 0.9869 0.0784
vn 0.1531 0.9880 0.0181
vn 0.1247 0.9922 -0.0062
vn 0.0295 0.9990 -0.0334
vn 0.1760 0.9829 -0.0537
vn 0.2466 0.9662 0.0752
vn 0.1628 0.9859 0.0390
vn 0.0091 0.9980 -0.0622
vn 0.1965 0.9760 0.0937
vn 0.1695 0.9840 0.0549
vn 0.0047 0.9999 0.0100
vn -0.0149 0.9998 0.0100
vn -0.0311 0.9989 -0.0346
vn 0.0014 0.9999 0.0159
vn 0.0370 0.9992 0.0172
vn -0.0055 0.9996 -0.0278
vn 0.0038 0.9983 -0.0575
vn 0.0029 0.9996 0.0275
vn 0.0406 0.9989 0.0220
vn 0.0095 1.0000 -0.0018
vn -0.0001 0.9998 -0.0178
vn -0.0000 0.9998 -0.0176
vn 0.0051 1.0000 -0.0035
vn -0.0043 0.9997 -0.0221
vn 0.0048 1.0000 -0.0023
vn 0.0044 1.0000 -0.0052
vn 0.0339 0.9990 0.0284
vn 0.0708 0.9975 0.0025
vn 0.0687 0.9976 0.0063
vn 0.0445 0.9988 0.0199
vn 0.1248 0.9922 0.0078
vn -0.0816 0.9965 -0.0193
vn -0.0455 0.9989 -0.0103
vn 0.0143 0.9996 0.0260
vn -0.1749 0.9819 -0.0721
vn -0.1096 0.9940 -0.0016
vn -0.0304 0.9995 0.0013
vn -0.0140 0.9998 -0.0104
vn -0.0485 0.9988 0.0047
vn 0.0558 0.9955 0.0761
vn 0.0255 0.9986 -0.0462
vn -0.0422 0.9988 0.0244
vn 0.0189 0.9997 -0.0124
vn -0.0238 0.9997 -0.0041
vn -0.0562 0.9980 0.0300
vn -0.1490 0.9824 -0.1130
vn -0.2392 0.9655 -0.1029
vn -0.1443 0.9765 -0.1601
vn -0.2183 0.9756 -0.0222
vn 0.0178 0.9994 -0.0289
vn 0.0337 0.9972 -0.0663
vn 0.0606 0.9955 -0.0725
vn 0.0947 0.9922 -0.0813
vn 0.0585 0.9949 -0.0825
vn 0.0503 0.9966 -0.0651
vn 0.0499 0.9967 -0.0647
vn -0.0203 0.9627 -0.2699
vn -0.0927 0.9725 -0.2136
vn 0.0375 0.9966 -0.0728
vn -0.0644 0.9978 0.0134
vn 0.0274 0.9673 -0.2520
vn -0.0070 0.9683 -0.2497
vn -0.0681 0.9822 -0.1753
vn -0.2237 0.9572 -0.1837
vn 0.1758 0.9665 -0.1869
vn 0.1887 0.9453 -0.2662
vn 0.1856 0.9400 -0.2863
vn 0.1737 0.9810 -0.0866
vn 0.2086 0.9481 -0.2400
vn 0.0194 0.9869 0.1600
vn -0.0637 0.9792 0.1925
vn -0.0118 0.9779 0.2088
vn -0.0448 0.9710 0.2348
vn -0.0455 0.9722 0.2299
vn -0.0533 0.9656 0.2544
vn -0.0502 0.9628 0.2657
vn 0.1450 0.9887 0.0387
vn -0.0165 0.9844 0.1753
vn -0.0358 0.9993 0.0075
vn -0.1130 0.9752 -0.1901
vn -0.0215 0.9888 0.1476
vn 0.0409 0.9599 0.2775
vn -0.3237 0.9443 -0.0596
vn -0.2994 0.9463 -0.1221
vn -0.0520 0.9939 0.0977
vn -0.0809 0.9967 0.0041
vn 0.0813 0.9960 -0.0363
vn -0.2835 0.9576 -0.0514
vn -0.3055 0.9490 -0.0781
vn -0.3241 0.9455 -0.0322
vn 0.2014 0.9791 0.0283
vn 0.2380 0.9710 0.0212
vn 0.3001 0.9535 0.0261
vn 0.2485 0.9676 0.0457
vn -0.0902 0.9958 0.0179
vn -0.0983 0.9909 0.0924
vn 0.1926 0.9811 0.0173
vn 0.1084 0.9933 0.0393
vn -0.2177 0.9760 0.0025
vn -0.2473 0.9689 -0.0095
vn -0.0734 0.9971 0.0217
vn 0.0404 0.9882 0.1479
vn -0.0547 0.9898 0.1313
vn 0.0008 0.9722 0.2340
vn -0.0722 0.9969 -0.0298
vn 0.1324 0.9882 0.0777
vn 0.1226 0.9765 0.1774
vn -0.0499 0.9988 0.0017
vn -0.0555 0.9984 -0.0085
vn -0.0012 0.9997 -0.0254
vn -0.0757 0.9925 0.0962
vn -0.0246 0.9996 0.0128
vn 0.1915 0.9814 0.0123
vn 0.1148 0.9867 -0.1152
vn 0.1740 0.9421 -0.2868
vn 0.1498 0.9541 -0.2593
vn 0.0957 0.9437 -0.3166
vn 0.0822 0.9568 -0.2790
vn 0.0836 0.9500 -0.3008
vn 0.0853 0.9516 -0.2952
vn 0.0792 0.9511 -0.2987
vn 0.0669 0.9491 -0.3077
vn -0.0540 0.9793 -0.1951
vn 0.0355 0.9722 -0.2313
vn 0.1512 0.9599 -0.2360
vn 0.1419 0.9631 -0.2289
vn 0.1436 0.9506 -0.2754
vn 0.1204 0.9561 -0.2671
vn 0.1251 0.9478 -0.2933
vn 0.1126 0.9371 -0.3304
vn 0.1682 0.9319 -0.3214
vn 0.1166 0.9353 -0.3340
vn 0.1037 0.9625 -0.2507
vn 0.1551 0.9357 -0.3170
vn 0.1723 0.9322 -0.3183
vn 0.1040 0.9628 -0.2496
vn 0.1170 0.9364 -0.3307
vn 0.1250 0.9343 -0.3340
vn 0.1679 0.9816 -0.0907
vn 0.1019 0.9920 -0.0750
vn -0.0241 0.9955 0.0921
vn -0.1962 0.9559 0.2187
vn -0.1172 0.9740 0.1939
vn -0.0900 0.9949 0.0452
vn 0.0105 0.9994 -0.0321
vn -0.0640 0.9978 -0.0193
vn 0.1286 0.9465 -0.2959
vn 0.2380 0.9362 -0.2585
vn 0.1164 0.9914 -0.0600
vn 0.2096 0.9516 -0.2248
vn 0.1051 0.9799 -0.1695
vn 0.1914 0.9742 -0.1196
vn 0.1883 0.9691 -0.1596
vn 0.0684 0.9627 -0.2616
vn 0.0297 0.9646 -0.2621
vn 0.1168 0.9638 -0.2398
vn 0.0805 0.9615 -0.2629
vn 0.1233 0.9674 -0.2214
vn 0.1519 0.9602 -0.2343
vn 0.0949 0.9700 -0.2239
vn 0.1028 0.9883 -0.1129
vn 0.0827 0.9896 -0.1181
vn 0.0845 0.9666 -0.2419
vn 0.1013 0.9819 -0.1601
vn 0.2021 0.9750 -0.0920
vn 0.0642 0.9912 -0.1156
vn 0.2095 0.9777 -0.0132
vn 0.0876 0.9919 -0.0917
vn 0.0294 0.9760 -0.2157
vn 0.1901 0.9573 -0.2180
vn 0.1086 0.9794 -0.1700
vn 0.1735 0.9707 -0.1664
vn 0.1463 0.9874 -0.0603
vn 0.0098 0.9996 0.0264
vn 0.1686 0.9842 -0.0549
vn 0.0005 0.9891 -0.1475
vn 0.0494 0.9961 -0.0733
vn 0.2035 0.9790 -0.0079
vn -0.1017 0.9817 0.1608
vn -0.2116 0.9325 0.2927
vn -0.0219 0.9974 -0.0693
vn -0.0123 0.9999 0.0067
vn 0.0996 0.9825 0.1571
vn 0.4655 0.0932 -0.8801
vn 0.5633 0.8137 0.1437
vn -0.0802 0.9905 -0.1116
vn -0.0801 0.9967 -0.0144
vn 0.4257 0.8573 -0.2894
vn -0.0647 0.9947 -0.0799
vn 0.0033 0.9986 -0.0524
vn -0.1640 0.9794 -0.1178
vn 0.0010 0.9997 -0.0247
vn -0.0346 0.9993 -0.0128
vn 0.0014 0.9998 -0.0200
vn 0.0063 0.9998 -0.0205
vn -0.1300 0.9913 -0.0192
vn -0.1196 0.9928 -0.0101
vn -0.1346 0.9827 0.1271
vn -0.2803 0.9553 0.0940
vn 0.0949 0.9898 -0.1065
vn -0.0055 0.9996 -0.0281
vn -0.0074 0.9996 -0.0255
vn -0.0105 0.9999 -0.0089
vn -0.0397 0.9956 0.0854
vn -0.0573 0.9929 -0.1040
vn 0.0998 0.9862 -0.1321
vn 0.0279 0.9880 0.1517
vn -0.0096 0.9946 0.1029
vn 0.0855 0.9901 0.1117
vn 0.1423 0.9896 -0.0196
vn -0.1477 0.9873 0.0589
vn 0.0809 0.9930 0.0856
vn 0.0657 0.9933 0.0947
vn -0.0139 0.9929 0.1184
vn 0.0842 0.9954 -0.0464
vn 0.0251 0.9933 0.1126
vn -0.4538 0.4986 -0.7386
vn -0.3564 0.8549 -0.3771
vn -0.4876 0.8725 -0.0308
vn -0.4765 0.8488 0.2291
vn 0.0752 0.9676 0.2409
vn 0.0519 0.9769 0.2073
vn 0.0784 0.9924 -0.0947
vn 0.1121 0.9922 -0.0552
vn 0.0984 0.9945 -0.0359
vn 0.0762 0.9966 -0.0325
vn 0.2252 0.9515 -0.2095
vn 0.2068 0.9706 -0.1230
vn 0.1452 0.9828 -0.1137
vn 0.2251 0.9637 -0.1440
vn 0.3212 0.9468 -0.0211
vn 0.1077 0.9839 -0.1425
vn -0.0159 0.9987 -0.0482
vn 0.0570 0.9979 0.0296
vn 0.1781 0.9559 -0.2334
vn 0.1741 0.9838 0.0432
vn 0.0220 0.9987 -0.0464
vn 0.0034 0.9991 -0.0417
vn -0.0220 0.9947 -0.1007
vn 0.2201 0.9747 -0.0382
vn 0.1616 0.9805 -0.1117
vn -0.2009 0.9404 0.2744
vn -0.3533 0.9049 0.2373
vn -0.2866 0.9424 -0.1727
vn -0.5393 0.7863 0.3014
vn -0.4405 0.8944 -0.0771
vn -0.1992 0.8782 0.4349
vn 0.1946 0.9727 -0.1262
vn -0.2094 0.9325 0.2942
vn -0.0252 0.9944 -0.1023
vn 0.0990 0.9861 0.1334
vn 0.0714 0.9845 0.1600
vn 0.0421 0.9870 0.1550
vn 0.0693 0.9807 0.1829
vn 0.0638 0.9845 0.1631
vn 0.1247 0.9842 0.1253
vn 0.1305 0.9900 0.0536
vn 0.1790 0.9693 0.1683
vn 0.2588 0.9579 0.1243
vn 0.1375 0.9767 0.1648
vn 0.2043 0.9727 0.1103
vn 0.2795 0.9592 0.0424
vn 0.0421 0.9933 -0.1076
vn -0.1300 0.9745 0.1829
vn 0.0359 0.9764 0.2130
vn -0.0175 0.9744 0.2240
vn -0.0154 0.9801 0.1981
vn -0.0117 0.9721 0.2342
vn 0.0983 0.9753 0.1976
vn -0.0349 0.9641 0.2633
vn 0.1401 0.9669 0.2132
vn 0.1252 0.9843 0.1247
vn 0.2006 0.9781 0.0556
vn 0.1470 0.9835 0.1056
vn 0.1170 0.9883 0.0981
vn 0.1349 0.9863 0.0947
vn 0.0405 0.9776 0.2065
vn 0.0655 0.9832 0.1704
vn 0.0250 0.9920 -0.1239
vn 0.0489 0.9953 -0.0841
vn 0.0497 0.9948 -0.0884
vn 0.0714 0.9944 -0.0774
vn 0.0717 0.9957 0.0590
vn 0.1391 0.9883 0.0631
vn 0.1387 0.9876 0.0741
vn -0.0357 0.9965 0.0755
vn 0.0729 0.9957 0.0566
vn 0.0147 0.9944 0.1051
vn -0.0338 0.9911 0.1285
vn -0.1278 0.9458 -0.2987
vn -0.0822 0.9441 -0.3192
vn -0.0782 0.9700 -0.2304
vn -0.0796 0.9669 -0.2423
vn -0.0744 0.9971 0.0175
vn -0.1438 0.9882 -0.0519
vn -0.0623 0.9968 -0.0496
vn -0.1482 0.9741 -0.1710
vn -0.1487 0.9742 -0.1698
vn -0.0669 0.9475 -0.3127
vn -0.0852 0.8245 -0.5594
vn -0.0324 0.9222 -0.3853
vn 0.1038 0.9778 0.1821
vn 0.1581 0.9492 0.2721
vn -0.0078 0.9982 -0.0588
vn -0.0187 0.9106 0.4129
vn -0.0095 0.9999 -0.0091
vn -0.0196 0.9998 -0.0000
vn 0.0751 0.9947 0.0709
vn 0.0555 0.9977 0.0381
vn -0.0953 0.9931 0.0685
vn -0.0963 0.9951 -0.0218
vn 0.0118 0.9992 0.0372
vn -0.0309 0.9977 0.0609
vn -0.0362 0.9973 0.0646
vn 0.0355 0.9994 -0.0007
vn 0.0709 0.9965 0.0445
vn -0.0044 0.9997 0.0230
vn 0.0766 0.9921 0.0992
vn -0.0496 0.9984 0.0286
vn 0.1387 0.9900 0.0240
vn 0.1525 0.9874 0.0431
vn 0.1453 0.9893 0.0131
vn 0.2931 0.9561 -0.0010
vn 0.1524 0.9874 0.0434
vn -0.0258 0.9997 -0.0007
vn 0.1155 0.9899 0.0816
vn 0.0948 0.9884 -0.1188
vn 0.0833 0.8557 -0.5108
vn -0.1470 0.9830 -0.1102
vn 0.1623 0.9695 -0.1837
vn 0.2311 0.9729 -0.0095
vn 0.1409 0.9897 -0.0255
vn 0.1620 0.9749 -0.1530
vn 0.2925 0.9563 -0.0021
vn 0.0147 0.9977 0.0658
vn -0.0529 0.9972 -0.0523
vn -0.1270 0.9918 -0.0131
vn -0.0012 0.9997 -0.0234
vn 0.0467 0.9950 -0.0881
vn -0.0756 0.9968 -0.0242
vn -0.0604 0.9962 -0.0628
vn 0.0082 0.9998 -0.0155
vn 0.1102 0.9895 -0.0933
vn 0.0096 0.9998 -0.0171
vn 0.0051 0.9998 -0.0167
vn 0.1058 0.9892 -0.1018
vn 0.0696 0.9911 -0.1131
vn 0.0674 0.9955 0.0673
vn 0.1447 0.9823 -0.1191
vn 0.0968 0.9943 0.0455
vn 0.2127 0.9530 -0.2157
vn 0.2608 0.9431 -0.2062
vn 0.3058 0.9462 -0.1062
vn 0.1037 0.9806 -0.1661
vn 0.0776 0.9929 -0.0898
vn 0.1038 0.9807 -0.1658
vn 0.1055 0.9806 -0.1649
vn 0.1511 0.9641 -0.2184
vn 0.1458 0.9724 -0.1821
vn 0.1742 0.9729 -0.1520
vn 0.0370 0.9973 -0.0630
vn 0.0402 0.9978 -0.0528
vn -0.0067 1.0000 -0.0010
vn 0.0751 0.9907 -0.1137
vn 0.0172 0.9973 0.0707
vn -0.0226 0.9995 0.0242
vn -0.0043 0.9969 -0.0789
vn -0.0860 0.9958 -0.0328
vn -0.0031 0.9991 -0.0427
vn -0.0651 0.9971 -0.0394
vn -0.0327 0.9995 0.0012
vn -0.0961 0.9928 0.0713
vn -0.0502 0.9982 -0.0331
vn -0.1237 0.9923 -0.0012
vn -0.0663 0.9976 0.0180
vn -0.0379 0.9985 -0.0388
vn 0.0240 0.9989 -0.0414
vn 0.0369 0.9993 -0.0057
vn -0.0916 0.9932 -0.0713
vn -0.0898 0.9933 -0.0722
vn 0.0071 0.9985 0.0538
vn 0.0055 0.9980 0.0637
vn -0.0807 0.9967 -0.0050
vn 0.0805 0.9701 0.2289
vn 0.0410 0.9768 0.2101
vn -0.0662 0.9969 0.0415
vn -0.0658 0.9970 0.0401
vn 0.0437 0.9660 0.2547
vn 0.0977 0.9944 0.0411
vn 0.0328 0.9985 0.0430
vn 0.2661 0.9631 0.0407
vn 0.1223 0.9896 0.0758
vn 0.2366 0.9711 -0.0309
vn 0.1247 0.9711 0.2036
vn 0.2906 0.9515 0.1012
vn 0.2669 0.9571 0.1128
vn 0.2445 0.9670 -0.0715
vn 0.0986 0.9785 0.1809
vn 0.0661 0.9840 0.1652
vn 0.0917 0.9824 0.1625
vn 0.1449 0.9749 0.1689
vn 0.0251 0.7527 -0.6578
vn -0.0993 0.9045 -0.4147
vn 0.0763 0.9825 0.1698
vn 0.0290 0.9958 0.0872
vn -0.0432 0.9990 -0.0069
vn 0.4382 0.7393 0.5113
vn -0.1217 0.9729 -0.1965
vn -0.1245 0.9723 0.1979
vn -0.6046 0.7920 -0.0848
vn -0.0846 0.9794 0.1831
vn -0.0032 0.8571 0.5151
vn 0.3089 0.9279 0.2088
vn 0.1106 0.7476 -0.6549
vn -0.0508 0.9980 0.0378
vn -0.0478 0.9937 0.1013
vn -0.1152 0.8532 -0.5088
vn 0.0643 0.9918 0.1108
vn 0.0642 0.9917 0.1110
vn 0.0971 0.9919 0.0823
vn -0.1554 0.9687 0.1934
vn -0.0138 0.9119 0.4101
vn 0.0574 0.8407 0.5384
vn -0.1205 0.9799 -0.1593
vn -0.1925 0.9757 0.1043
vn -0.1806 0.9772 0.1116
vn -0.0435 0.9931 0.1093
vn -0.1553 0.9809 0.1174
vn -0.1309 0.9854 0.1087
vn 0.0481 0.9509 -0.3056
vn 0.0535 0.9697 0.2384
vn -0.1258 0.9838 0.1275
vn -0.2353 0.9707 0.0485
vn -0.0334 0.9986 0.0412
vn -0.3004 0.9412 0.1547
vn -0.1262 0.9920 -0.0057
vn -0.0379 0.9990 -0.0238
vn 0.2427 0.9652 0.0977
vn -0.0143 0.9882 0.1526
vn 0.1297 0.9915 -0.0108
vn -0.2525 0.9662 0.0512
vn -0.1872 0.9776 -0.0964
vn -0.1189 0.9918 -0.0472
vn 0.1285 0.9912 0.0306
vn -0.2130 0.9666 0.1427
vn -0.1993 0.9680 0.1524
vn -0.1994 0.9676 0.1547
vn -0.1837 0.9701 0.1585
vn -0.1889 0.9708 0.1477
vn -0.2084 0.9667 0.1485
vn -0.2088 0.9643 0.1626
vn -0.2386 0.9695 0.0560
vn -0.2057 0.9751 0.0829
vn -0.1847 0.9717 0.1474
vn -0.2096 0.9668 0.1459
vn -0.2039 0.9636 0.1732
vn -0.2493 0.9637 0.0952
vn -0.1602 0.9490 -0.2716
vn -0.1671 0.9552 -0.2443
vn -0.1666 0.9553 -0.2442
vn -0.0875 0.9952 -0.0428
vn -0.1036 0.9678 -0.2293
vn -0.1500 0.9608 -0.2334
vn -0.1301 0.9852 0.1114
vn -0.3890 0.8974 0.2084
vn -0.3379 0.8890 0.3091
vn 0.0917 0.9866 -0.1349
vn 0.0538 0.9945 -0.0904
vn -0.0201 0.9957 -0.0906
vn 0.1542 0.9818 -0.1106
vn -0.1320 0.9816 0.1383
vn 0.0345 0.9988 0.0344
vn 0.0521 0.9940 -0.0963
vn -0.1043 0.9657 -0.2378
vn -0.1932 0.9623 -0.1917
vn -0.1367 0.9804 -0.1416
vn -0.1374 0.9805 -0.1407
vn -0.2077 0.9641 -0.1657
vn -0.0851 0.9618 -0.2602
vn -0.2166 0.9641 -0.1537
vn -0.2264 0.9340 -0.2763
vn -0.2053 0.9391 -0.2755
vn -0.2859 0.9284 -0.2374
vn -0.0189 0.9976 -0.0673
vn -0.2725 0.9115 -0.3080
vn -0.2100 0.9566 -0.2022
vn -0.0056 0.9998 -0.0201
vn -0.2518 0.9252 -0.2838
vn -0.1493 0.9716 -0.1836
vn 0.0159 -0.9976 0.0667
vn 0.3056 -0.9435 -0.1278
vn 0.1359 -0.9859 0.0972
vn 0.0965 -0.9937 -0.0573
vn 0.0231 -0.9985 -0.0503
vn 0.0050 -0.9942 -0.1078
vn 0.1051 -0.9928 -0.0577
vn -0.2250 -0.9539 0.1988
vn 0.1070 -0.9927 -0.0564
vn 0.3402 -0.8971 0.2820
vn 0.1808 -0.9138 0.3638
vn 0.0245 -0.9889 0.1465
vn 0.0833 -0.9959 -0.0346
vn 0.0873 -0.9961 -0.0088
vn -0.1625 -0.9000 0.4046
vn -0.0661 -0.9974 -0.0294
vn -0.0208 -0.9800 0.1979
vn -0.0258 -0.9882 0.1510
vn 0.1400 -0.9787 -0.1504
vn -0.0262 -0.9833 0.1803
vn -0.0403 -0.9841 0.1731
vn 0.0692 -0.9923 -0.1027
vn 0.0683 -0.9922 -0.1044
vn 0.0586 -0.9922 -0.1102
vn 0.0296 -0.9977 -0.0607
vn 0.0343 -0.9976 -0.0606
vn 0.0495 -0.9886 -0.1424
vn 0.0759 -0.9907 -0.1130
vn 0.0730 -0.9936 -0.0865
vn 0.0678 -0.9918 -0.1087
vn 0.1953 -0.9600 0.2007
vn -0.0123 -0.9847 -0.1740
vn 0.0280 -0.9974 0.0670
vn 0.0405 -0.9907 0.1297
vn 0.0571 -0.9912 0.1197
vn 0.0163 -0.9971 0.0737
vn 0.0520 -0.9919 0.1161
vn 0.0447 -0.9869 0.1548
vn 0.0359 -0.9859 0.1637
vn -0.0452 -0.9666 0.2523
vn 0.1585 -0.9675 0.1969
vn 0.0249 -0.9833 0.1803
vn 0.0160 -0.9955 0.0936
vn -0.0099 -0.9933 0.1152
vn -0.0165 -0.9930 0.1168
vn 0.0330 -0.9966 0.0751
vn 0.0169 -0.9917 0.1272
vn -0.0011 -0.9938 0.1107
vn 0.0038 -0.9856 0.1691
vn 0.0022 -0.9901 0.1407
vn 0.0193 -0.9918 0.1263
vn 0.0108 -0.9794 0.2016
vn 0.0094 -0.9917 0.1286
vn 0.0051 -0.9921 0.1253
vn 0.0294 -0.9959 0.0859
vn 0.0395 -0.9818 0.1857
vn 0.0470 -0.9746 0.2188
vn 0.0390 -0.9819 0.1852
vn 0.0848 -0.9963 -0.0164
vn 0.0594 -0.9982 -0.0108
vn 0.0852 -0.9961 -0.0221
vn 0.1512 -0.9884 -0.0150
vn 0.0554 -0.9911 -0.1207
vn 0.0343 -0.9994 -0.0011
vn 0.2413 -0.9700 0.0293
vn 0.2719 -0.9554 0.1156
vn 0.3138 -0.9222 0.2260
vn 0.2699 -0.9625 -0.0267
vn 0.0764 -0.9878 -0.1358
vn 0.0695 -0.9928 -0.0973
vn 0.0568 -0.9908 -0.1227
vn -0.0034 -0.9679 0.2513
vn 0.1759 -0.9669 0.1849
vn 0.2230 -0.9507 0.2154
vn 0.3424 -0.9240 0.1703
vn 0.2193 -0.9523 0.2124
vn 0.0858 -0.9470 0.3094
vn 0.1824 -0.9119 0.3676
vn 0.2298 -0.9096 0.3461
vn 0.2262 -0.9503 0.2141
vn 0.2643 -0.9596 0.0967
vn 0.2582 -0.9326 0.2521
vn 0.1621 -0.9600 0.2284
vn 0.2914 -0.9457 0.1437
vn 0.0321 -0.9770 0.2109
vn 0.0880 -0.9887 0.1215
vn 0.0559 -0.9910 -0.1216
vn 0.0471 -0.9460 0.3207
vn 0.3053 -0.9442 0.1235
vn 0.0616 -0.9981 -0.0087
vn -0.1896 0.8718 0.4518
vn -0.1473 0.8835 0.4447
vn 0.0112 0.9504 0.3108
vn 0.0399 0.9492 0.3121
vn -0.0544 0.9608 0.2717
vn 0.0363 0.9693 0.2430
vn 0.2173 0.6175 0.7560
vn 0.1267 0.9636 0.2354
vn -0.0321 0.9453 0.3247
vn -0.0057 0.9403 0.3402
vn -0.0560 0.9124 0.4054
vn -0.2271 0.8164 0.5309
vn 0.3674 0.9206 0.1320
vn 0.1966 0.9292 0.3129
vn 0.2387 0.9686 0.0688
vn 0.2804 0.9592 -0.0363
vn 0.4279 0.9019 -0.0591
vn 0.2361 0.9706 0.0469
vn 0.2961 0.9552 -0.0008
vn 0.1641 0.9854 -0.0452
vn 0.1566 0.9840 -0.0850
vn 0.2679 0.9546 -0.1300
vn 0.0716 0.9913 -0.1105
vn 0.1082 0.9939 -0.0210
vn 0.1168 0.9684 -0.2204
vn 0.1006 0.9245 -0.3677
vn 0.0568 0.8405 -0.5389
vn 0.2164 0.8856 -0.4110
vn 0.3762 0.8500 -0.3687
vn 0.2841 0.8930 -0.3491
vn 0.4390 0.7489 -0.4965
vn 0.3337 0.8776 -0.3442
vn 0.4253 0.8876 -0.1767
vn 0.2559 0.9128 0.3184
vn 0.0690 0.9928 0.0976
vn 0.0886 0.9958 -0.0249
vn 0.0670 0.8944 0.4421
vn 0.1115 0.9290 0.3529
vn 0.1466 0.9650 0.2173
vn 0.1079 0.9282 0.3562
vn 0.0115 0.9389 0.3440
vn 0.0568 0.9500 0.3072
vn 0.0417 0.9478 0.3162
vn 0.0426 0.9524 0.3018
vn 0.1404 0.8813 0.4513
vn -0.1785 0.9002 0.3971
vn 0.0055 0.9589 0.2838
vn 0.0044 0.9964 0.0842
vn -0.1630 -0.9591 -0.2313
vn -0.3556 -0.9242 -0.1396
vn 0.0181 -0.9773 -0.2112
vn 0.0803 -0.9890 -0.1240
vn 0.0239 -0.9470 -0.3204
vn 0.0958 -0.9486 -0.3016
vn 0.0879 -0.9528 -0.2906
vn 0.0771 -0.9622 -0.2614
vn 0.1829 -0.9287 -0.3227
vn -0.0709 -0.8321 -0.5501
vn -0.0593 -0.9813 -0.1832
vn 0.0024 -0.9999 -0.0108
vn 0.3326 -0.9241 -0.1884
vn -0.5867 0.7718 -0.2451
vn -0.1709 0.9545 0.2444
vn -0.5930 0.7663 -0.2473
vn -0.0504 0.9950 0.0861
vn -0.2213 0.9507 0.2175
vn -0.0697 -0.9877 -0.1397
vn -0.0932 -0.9911 -0.0955
vn -0.0619 -0.9880 -0.1412
vn -0.0969 -0.9909 -0.0930
vn -0.0664 -0.9875 -0.1428
vn -0.0096 -0.9884 -0.1513
vn 0.0532 -0.9879 -0.1456
vn -0.1820 -0.9640 -0.1938
vn -0.0094 0.9890 -0.1476
vn 0.4001 0.9152 0.0470
vn 0.1739 0.8687 0.4638
vn -0.0040 0.9976 -0.0696
vn 0.0268 0.9960 -0.0851
vn 0.0040 0.9999 -0.0119
vn -0.0228 0.9997 0.0033
vn 0.2268 0.8831 0.4107
vn 0.0188 0.9969 0.0767
vn -0.0081 0.9998 0.0204
vn -0.1093 0.9934 0.0359
vn -0.0699 0.8512 -0.5201
vn -0.0128 0.9999 -0.0107
vn 0.0143 0.9942 0.1069
vn -0.2286 0.9036 -0.3624
vn -0.0969 0.9938 0.0554
vn -0.0863 0.9921 0.0906
vn -0.0080 1.0000 0.0028
vn -0.0403 0.9751 -0.2179
vn -0.0006 0.9999 0.0166
vn -0.0097 0.9999 -0.0071
vn -0.0043 0.9999 0.0164
vn 0.0130 0.9941 0.1077
vn 0.0847 0.9942 0.0658
vn 0.0773 0.9968 0.0210
vn 0.0301 0.9995 -0.0020
vn 0.2362 0.9600 0.1505
vn 0.1803 0.9725 0.1473
vn 0.2352 0.9595 0.1550
vn 0.1226 0.9909 -0.0561
vn -0.1048 0.9840 0.1440
vn -0.0347 0.9768 0.2115
vn 0.0725 0.9740 0.2146
vn -0.0406 0.9754 0.2168
vn 0.0749 0.9414 0.3289
vn 0.0950 0.9779 0.1863
vn 0.1323 0.9874 0.0864
vn 0.0678 0.9809 0.1825
vn 0.0565 0.9879 0.1442
vn -0.0211 0.9837 0.1788
vn 0.0279 0.9856 0.1667
vn 0.0851 0.9964 0.0053
vn 0.0106 0.9962 0.0865
vn 0.0895 0.9911 0.0981
vn 0.0932 0.9643 0.2479
vn 0.0899 0.9912 0.0972
vn 0.0062 0.9999 0.0155
vn 0.0395 0.9969 0.0685
vn 0.0413 -0.9977 -0.0536
vn 0.0300 -0.9967 -0.0750
vn 0.0995 -0.9941 0.0435
vn 0.0758 -0.9965 -0.0355
vn 0.0433 -0.9975 -0.0556
vn 0.0657 -0.9942 -0.0856
vn 0.0569 -0.9865 -0.1533
vn 0.0161 -0.9971 -0.0748
vn 0.1690 -0.9801 -0.1041
vn 0.0666 -0.9925 -0.1021
vn -0.0508 0.9971 0.0562
vn 0.0114 0.9996 0.0240
vn 0.0181 -0.9994 0.0309
vn 0.0096 -0.9996 0.0247
vn 0.0284 -0.9992 0.0284
vn -0.0211 -0.9996 0.0168
vn 0.0093 -0.9992 -0.0390
vn 0.0325 -0.9990 0.0306
vn 0.0645 -0.9935 -0.0939
vn -0.0032 -0.9996 0.0272
vn 0.0545 -0.9982 0.0231
vn -0.0038 -0.9952 -0.0982
vn 0.0038 -0.9906 -0.1365
vn -0.0216 -0.9996 -0.0200
vn -0.0119 -0.9993 -0.0342
vn -0.0102 -0.9999 0.0098
vn -0.0023 -0.9999 0.0135
vn 0.0248 -0.9997 -0.0026
vn 0.0067 -0.9999 -0.0097
vn 0.0004 -1.0000 -0.0061
vn 0.0097 -0.9998 -0.0155
vn 0.0114 -0.9998 -0.0171
vn 0.0112 -0.9999 -0.0093
vn 0.0079 -0.9998 -0.0162
vn 0.0133 -0.9998 -0.0155
vn -0.0195 -0.9997 0.0151
vn 0.0402 -0.9986 0.0338
vn -0.0374 -0.9973 0.0629
vn 0.0822 -0.9930 -0.0845
vn 0.0581 -0.9977 -0.0351
vn 0.0930 -0.9955 -0.0199
vn 0.1955 -0.9790 0.0586
vn 0.0145 -0.9999 -0.0077
vn -0.0048 -0.9999 -0.0135
vn 0.0990 -0.9910 -0.0900
vn 0.0494 -0.9957 -0.0780
vn 0.1435 -0.9896 0.0141
vn 0.1304 -0.9892 -0.0668
vn 0.1342 -0.9907 -0.0213
vn 0.0662 -0.9946 -0.0803
vn -0.0080 -1.0000 -0.0037
vn 0.1206 -0.9896 -0.0778
vn -0.0324 -0.9992 -0.0239
vn -0.0014 -0.9980 -0.0638
vn -0.0065 -0.9995 -0.0308
vn -0.0162 -0.9940 -0.1081
vn 0.0130 -0.9949 0.0995
vn 0.0615 -0.9913 0.1164
vn 0.0149 -0.9948 0.1009
vn 0.1343 -0.9848 0.1103
vn -0.0102 -0.9882 0.1530
vn 0.0527 -0.9972 0.0537
vn -0.0352 -0.9974 0.0634
vn 0.0472 -0.9899 0.1339
vn 0.0204 -0.9918 0.1258
vn 0.0123 -0.9891 0.1467
vn 0.0392 -0.9918 0.1214
vn 0.0126 -0.9915 0.1296
vn -0.2402 0.9575 0.1596
vn -0.1382 0.9833 0.1183
vn 0.0587 0.9827 0.1754
vn -0.0850 0.9845 0.1534
vn 0.0197 0.9706 0.2400
vn -0.2094 0.9562 0.2044
vn 0.0219 0.9989 0.0421
vn 0.0496 0.9973 0.0543
vn -0.0100 0.9984 0.0549
vn -0.1259 0.9394 0.3190
vn 0.0224 0.9989 0.0421
vn -0.0915 0.9937 0.0651
vn 0.0006 0.9992 0.0396
vn -0.0223 0.9954 0.0932
vn -0.0296 0.9994 0.0190
vn 0.0216 0.9991 0.0366
vn 0.0749 0.9902 0.1179
vn -0.0083 0.9995 0.0299
vn 0.0347 0.9987 0.0371
vn 0.0182 0.9961 0.0861
vn -0.2124 0.9741 0.0780
vn -0.0005 0.9972 0.0753
vn -0.0895 0.9916 0.0935
vn -0.0353 0.9959 0.0839
vn -0.0022 0.9992 0.0394
vn -0.1760 0.9742 0.1413
vn -0.0227 0.9898 -0.1406
vn 0.1037 0.9942 0.0288
vn -0.0008 0.9999 0.0162
vn -0.0093 0.9994 0.0326
vn 0.0917 0.9952 0.0330
vn -0.0628 0.9962 -0.0597
vn -0.0071 0.9999 -0.0130
vn 0.0169 0.9995 -0.0265
vn 0.0008 0.9999 -0.0106
vn -0.0072 0.9991 -0.0419
vn -0.0085 0.9989 -0.0462
vn 0.0156 0.9998 0.0154
vn -0.0160 0.9996 -0.0243
vn 0.0001 0.9990 -0.0448
vn 0.0457 0.9881 -0.1469
vn -0.0057 0.9989 -0.0472
vn -0.0278 0.9979 0.0593
vn -0.0534 0.9976 0.0449
vn 0.0107 0.9987 0.0490
vn 0.0006 0.9986 0.0527
vn 0.0222 0.9976 0.0658
vn 0.0829 0.9961 -0.0288
vn 0.0319 0.9990 0.0311
vn 0.0004 0.9983 0.0584
vn 0.0191 0.9996 0.0217
vn -0.1242 0.9819 -0.1431
vn 0.0205 0.9993 -0.0312
vn 0.0147 0.9993 0.0330
vn 0.0551 0.9973 0.0481
vn 0.0097 0.9996 -0.0257
vn -0.0216 0.9962 -0.0843
vn -0.0214 0.9977 -0.0643
vn -0.0161 0.9980 -0.0608
vn 0.0787 0.9961 0.0401
vn -0.0458 0.9979 0.0468
vn -0.0407 0.9986 -0.0350
vn -0.0088 0.9998 0.0203
vn -0.0089 0.9999 0.0077
vn -0.0372 0.9989 0.0281
vn -0.0127 0.9998 0.0130
vn -0.0028 0.9999 -0.0158
vn -0.0500 0.9984 0.0280
vn -0.0189 0.9978 -0.0639
vn 0.0221 0.9996 0.0169
vn -0.0563 0.9970 -0.0527
vn 0.0739 0.9913 -0.1091
vn -0.1477 0.9812 -0.1243
vn -0.0156 0.9959 -0.0887
vn -0.0201 0.9977 -0.0643
vn -0.0800 -0.9933 -0.0830
vn -0.0069 -0.9983 -0.0586
vn -0.0693 -0.9940 -0.0845
vn -0.0749 -0.9934 -0.0864
vn -0.0430 -0.9877 -0.1505
vn 0.0274 -0.9981 -0.0554
vn -0.0696 -0.9942 -0.0816
vn -0.0562 -0.9957 -0.0743
vn 0.0193 -0.9841 -0.1767
vn -0.0584 -0.9923 -0.1095
vn -0.0895 -0.9905 -0.1046
vn -0.0649 -0.9953 -0.0718
vn 0.0126 -0.9996 0.0249
vn -0.0736 -0.9946 -0.0726
vn 0.0279 -0.9985 -0.0478
vn -0.0396 -0.9922 -0.1181
vn -0.0737 -0.9949 -0.0688
vn -0.0586 -0.9927 -0.1052
vn 0.0348 -0.9877 -0.1525
vn 0.1476 -0.9487 -0.2795
vn 0.0267 -0.9884 -0.1493
vn 0.2349 -0.9714 -0.0334
vn 0.2647 -0.9621 -0.0658
vn -0.0283 -0.9966 -0.0780
vn 0.0580 -0.9980 -0.0247
vn 0.0556 -0.9984 -0.0135
vn -0.0198 -0.9966 -0.0794
vn 0.0019 -0.9939 -0.1107
vn 0.0392 -0.9988 -0.0289
vn 0.2420 -0.9555 -0.1684
vn 0.1177 -0.9928 -0.0209
vn 0.1353 -0.9903 -0.0312
vn 0.2751 -0.9558 0.1039
vn 0.2139 -0.9688 0.1255
vn 0.2631 -0.9394 0.2196
vn 0.2256 -0.9675 0.1142
vn 0.0658 -0.9967 0.0482
vn 0.1663 -0.9845 -0.0558
vn 0.1915 -0.9773 0.0904
vn -0.0027 -0.9890 -0.1477
vn -0.1228 -0.9842 -0.1279
vn -0.0362 -0.9955 -0.0874
vn 0.0983 -0.9948 0.0272
vn 0.0857 -0.9959 -0.0290
vn -0.0128 -0.9952 -0.0971
vn -0.0913 0.9422 -0.3225
vn 0.0820 0.8729 -0.4810
vn -0.1113 0.9767 -0.1835
vn -0.0074 0.8443 -0.5358
vn -0.0827 0.9535 -0.2897
vn -0.0269 0.9995 -0.0136
vn 0.0233 0.9967 -0.0780
vn -0.0459 0.9800 -0.1936
vn 0.0957 0.9805 -0.1714
vn 0.0244 0.9992 -0.0305
vn 0.0600 0.9945 -0.0856
vn 0.0036 0.9992 -0.0403
vn -0.0969 0.9939 -0.0533
vn 0.0019 0.9992 -0.0403
vn -0.2190 0.9755 0.0228
vn -0.2134 0.9767 0.0245
vn -0.1856 0.9826 -0.0087
vn -0.1721 0.9850 0.0076
vn -0.1843 0.9829 -0.0025
vn -0.2219 0.9750 0.0080
vn 0.0377 0.9984 -0.0413
vn 0.0696 0.9948 -0.0743
vn 0.2724 0.9576 0.0935
vn 0.3479 0.9364 -0.0449
vn 0.4374 0.8989 -0.0245
vn 0.3206 0.9363 -0.1435
vn 0.1697 0.9728 -0.1579
vn 0.5822 0.7876 -0.2020
vn -0.1093 0.9940 -0.0039
vn 0.0783 0.6483 0.7574
vn 0.3501 0.9357 -0.0430
vn 0.1038 0.9935 -0.0477
vn 0.0589 0.6491 0.7584
vn -0.0186 0.9989 -0.0431
vn 0.0814 0.9193 0.3849
vn -0.3570 0.8090 0.4669
vn 0.0987 0.9157 0.3896
vn -0.2133 0.8869 0.4098
vn -0.3510 0.6707 0.6535
vn -0.0286 0.8977 -0.4396
vn 0.0824 0.9250 -0.3709
vn 0.3266 0.8812 -0.3418
vn 0.3613 0.9080 -0.2121
vn 0.2731 0.8864 -0.3737
vn 0.0663 0.9722 -0.2245
vn 0.3366 0.8953 -0.2918
vn 0.3606 0.9007 -0.2421
vn 0.2187 0.9225 -0.3180
vn -0.0286 0.9994 -0.0216
vn 0.0334 0.9993 0.0182
vn 0.0667 0.9722 -0.2244
vn 0.1430 0.9813 -0.1292
vn 0.1166 0.9835 -0.1385
vn 0.1428 0.9813 -0.1292
vn 0.0827 0.9935 0.0787
vn 0.0024 0.9998 -0.0213
vn 0.0644 0.9962 -0.0578
vn 0.0881 0.9872 -0.1327
vn 0.0826 0.9960 -0.0337
vn -0.0999 0.9934 -0.0568
vn -0.2590 0.9658 -0.0153
vn -0.2699 0.9625 0.0292
vn -0.2311 0.9725 0.0286
vn 0.0386 0.9950 -0.0917
vn -0.1756 0.9844 0.0053
vn -0.5016 0.8508 0.1567
vn -0.4510 0.8716 0.1924
vn -0.1410 0.7922 0.5937
vn -0.4302 0.9025 0.0222
vn -0.3420 0.7597 0.5530
vn 0.0755 0.9957 0.0531
vn -0.0378 0.9879 0.1502
vn -0.5316 0.8115 0.2427
vn 0.0674 0.9877 -0.1410
vn 0.3289 0.9316 -0.1548
vn -0.6262 0.7707 0.1180
vn 0.2351 0.9685 0.0816
vn -0.6124 0.7846 0.0969
vn 0.0648 0.9673 -0.2453
vn -0.0327 0.9321 -0.3606
vn -0.1499 0.9212 -0.3591
vn -0.0074 0.8578 -0.5140
vn -0.1482 0.9169 -0.3707
vn -0.2173 0.9292 -0.2990
vn -0.1389 0.9540 -0.2657
vn -0.0002 0.9996 -0.0275
vn 0.3141 0.9483 0.0459
vn 0.0351 0.9993 0.0161
vn 0.0024 0.9995 0.0321
vn 0.2318 0.9706 0.0647
vn 0.5154 0.8352 -0.1920
vn 0.0751 0.9968 0.0268
vn 0.0795 0.9752 0.2064
vn -0.1929 0.9800 0.0486
vn -0.3970 0.9173 -0.0299
vn -0.0601 0.9938 -0.0940
vn -0.0074 0.9999 -0.0142
vn -0.0075 0.9999 -0.0149
vn -0.0569 0.9905 -0.1252
vn 0.0829 0.9964 -0.0195
vn -0.0174 0.9997 0.0156
vn 0.0525 0.9983 0.0265
vn 0.1364 0.9890 0.0580
vn 0.0757 0.9970 0.0172
vn 0.0068 0.9999 -0.0105
vn 0.0227 0.9997 -0.0009
vn -0.0260 0.9996 -0.0119
vn 0.0217 0.9997 -0.0128
vn -0.0240 0.9994 -0.0231
vn -0.0286 0.9961 -0.0833
vn 0.0938 0.9955 0.0095
vn 0.0467 0.9986 -0.0257
vn -0.0298 0.9961 -0.0825
vn -0.0290 0.9961 -0.0828
vn 0.0526 0.9963 -0.0682
vn 0.0256 0.9939 -0.1069
vn 0.1048 0.9736 -0.2029
vn 0.0487 0.9968 -0.0630
vn -0.1544 0.9859 0.0649
vn -0.1016 0.9843 -0.1442
vn -0.0031 1.0000 -0.0005
vn -0.2522 0.9579 0.1370
vn -0.2314 0.9547 0.1872
vn -0.1185 0.9777 0.1732
vn -0.1681 0.9374 0.3050
vn -0.2601 0.9517 0.1634
vn -0.2561 0.9533 0.1597
vn -0.1215 0.9902 0.0690
vn -0.1493 0.9824 0.1121
vn -0.0839 0.9947 0.0586
vn -0.1151 0.9872 0.1106
vn -0.1187 0.9911 0.0609
vn -0.0161 0.9993 -0.0343
vn 0.0378 0.9993 0.0038
vn -0.0123 0.9994 -0.0328
vn -0.0363 0.9983 0.0446
vn -0.0066 0.9999 -0.0122
vn -0.0174 0.9996 0.0205
vn 0.0340 0.9989 0.0319
vn 0.0491 0.9976 -0.0481
vn 0.0184 0.9994 0.0289
vn -0.0166 0.9987 0.0492
vn 0.1406 0.9895 -0.0337
vn 0.0590 0.9971 0.0478
vn -0.1066 0.9926 -0.0575
vn -0.1734 0.9806 -0.0915
vn -0.0501 0.9976 -0.0473
vn -0.0969 0.9949 -0.0284
vn -0.0730 0.9870 -0.1429
vn 0.1069 0.9867 -0.1222
vn 0.0345 0.9972 0.0656
vn -0.0225 0.9991 0.0373
vn -0.0320 0.9995 0.0064
vn -0.0518 0.9966 0.0648
vn -0.0271 0.9989 0.0373
vn -0.0527 0.9968 -0.0602
vn -0.0542 0.9958 -0.0738
vn 0.0167 0.9936 -0.1120
vn 0.0864 0.9963 0.0003
vn 0.0694 0.9973 -0.0228
vn 0.0605 0.9967 -0.0537
vn -0.0269 0.9992 -0.0308
vn 0.0865 0.9959 -0.0249
vn 0.0800 0.9966 0.0181
vn 0.0789 0.9968 0.0089
vn 0.1647 0.9828 0.0840
vn -0.0229 0.8902 0.4549
vn -0.1561 0.9839 0.0872
vn -0.2365 0.9716 0.0020
vn 0.0562 0.9796 0.1928
vn -0.0328 0.9287 0.3695
vn 0.0392 0.9907 -0.1301
vn 0.0002 0.9927 -0.1206
vn -0.0459 0.9917 -0.1200
vn -0.1033 0.9946 0.0061
vn -0.2028 0.9703 0.1317
vn -0.0534 0.9967 0.0610
vn -0.0758 0.9962 0.0431
vn -0.0104 0.9999 -0.0027
vn 0.0125 0.9937 -0.1118
vn -0.1539 0.9791 0.1329
vn -0.1879 0.9588 0.2131
vn -0.0076 0.9993 -0.0368
vn -0.0223 0.9997 0.0112
vn -0.1821 0.9770 0.1113
vn -0.1840 0.9737 0.1345
vn 0.0973 0.9836 -0.1517
vn -0.1495 0.9830 0.1062
vn -0.1816 0.9734 0.1400
vn -0.0798 0.9919 0.0988
vn -0.0460 0.9986 0.0269
vn -0.0149 0.9976 0.0671
vn 0.0965 0.9829 -0.1571
vn 0.1961 0.9667 -0.1646
vn 0.1941 0.9807 -0.0235
vn 0.1974 0.9629 -0.1838
vn 0.1760 0.9686 -0.1758
vn 0.2045 0.9688 -0.1401
vn 0.3006 0.9421 -0.1486
vn 0.1904 0.9806 -0.0468
vn 0.3262 0.9405 -0.0953
vn 0.2662 0.9019 -0.3401
vn 0.2198 0.9710 -0.0941
vn 0.2876 0.9554 -0.0666
vn 0.3005 0.9532 -0.0331
vn 0.1670 0.9859 0.0115
vn 0.2503 0.9628 -0.1014
vn 0.2779 0.9487 -0.1508
vn 0.2655 0.9607 -0.0810
vn 0.3418 0.9359 -0.0856
vn 0.2705 0.9561 -0.1125
vn 0.3784 0.9251 0.0322
vn 0.2600 0.9559 -0.1366
vn 0.2946 0.9518 -0.0849
vn 0.3324 0.9391 -0.0872
vn 0.1566 0.9762 -0.1500
vn 0.2376 0.9688 -0.0709
vn 0.2036 0.9783 -0.0385
vn 0.1752 0.9824 -0.0647
vn 0.1456 0.9845 -0.0978
vn 0.2388 0.9603 -0.1443
vn 0.1981 0.9797 -0.0321
vn -0.0221 0.9936 -0.1111
vn -0.0134 0.9993 -0.0345
vn 0.1426 0.9804 -0.1356
vn 0.1684 0.9851 0.0347
vn 0.0494 0.9988 0.0045
vn 0.1236 0.9923 -0.0093
vn 0.1146 0.9918 -0.0564
vn -0.0231 0.9974 -0.0683
vn 0.0936 0.9911 -0.0952
vn 0.1962 0.9726 -0.1249
vn -0.0100 0.9910 -0.1332
vn 0.2040 0.9760 0.0764
vn 0.1180 0.9906 0.0690
vn 0.2535 0.9673 -0.0055
vn 0.0912 0.9685 -0.2316
vn 0.2563 0.9663 -0.0244
vn 0.0658 0.9682 -0.2416
vn 0.1064 0.9694 -0.2214
vn 0.2270 0.9739 0.0078
vn 0.3014 0.9526 0.0424
vn 0.1280 0.9880 -0.0863
vn 0.0934 0.9950 0.0365
vn 0.2171 0.9755 0.0355
vn 0.0454 0.9955 -0.0826
vn 0.3034 0.9433 -0.1347
vn 0.0968 0.9834 0.1536
vn 0.3613 0.9160 -0.1743
vn 0.1969 0.9795 0.0435
vn 0.3237 0.9383 -0.1219
vn 0.3948 0.8744 -0.2820
vn 0.3593 0.8995 -0.2486
vn 0.2315 0.9545 -0.1877
vn 0.3220 0.9008 -0.2914
vn 0.1339 0.9849 -0.1098
vn 0.1581 0.9847 -0.0734
vn 0.1383 0.9830 -0.1207
vn 0.2161 0.9445 -0.2475
vn 0.1556 0.9813 -0.1137
vn 0.1492 0.9888 -0.0031
vn 0.1952 0.9697 -0.1469
vn 0.2200 0.9706 -0.0975
vn 0.0098 0.9993 -0.0372
vn 0.0830 0.9965 -0.0079
vn 0.0090 0.9993 -0.0367
vn 0.0830 0.9965 -0.0077
vn 0.0097 0.9993 -0.0369
vn 0.1408 0.9899 0.0131
vn 0.1574 0.9842 -0.0816
vn 0.1375 0.9861 -0.0929
vn -0.0611 0.9968 -0.0512
vn 0.3788 0.8687 0.3191
vn -0.2109 0.9770 0.0311
vn 0.0104 0.9970 0.0764
vn -0.0441 0.9977 -0.0519
vn -0.0528 0.9955 -0.0786
vn -0.0036 0.9990 -0.0453
vn 0.1539 0.9756 -0.1569
vn 0.0936 0.9566 -0.2758
vn -0.0966 0.9899 -0.1041
vn -0.0939 0.9884 -0.1190
vn 0.1530 0.9606 -0.2319
vn -0.0621 0.9743 -0.2164
vn 0.0191 0.9344 -0.3558
vn -0.1826 0.9777 -0.1038
vn -0.1566 0.9859 -0.0588
vn -0.1994 0.9718 -0.1255
vn -0.1718 0.9665 -0.1908
vn -0.1451 0.9874 -0.0638
vn -0.1820 0.9804 -0.0755
vn -0.2169 0.9755 0.0374
vn -0.1781 0.9815 -0.0697
vn -0.1627 0.9603 -0.2266
vn -0.2036 0.9717 -0.1201
vn -0.0731 0.9939 -0.0826
vn -0.2303 0.9731 -0.0105
vn -0.1306 0.9702 -0.2041
vn -0.0672 0.9862 -0.1512
vn -0.0586 0.9925 -0.1068
vn -0.0895 0.9888 -0.1194
vn -0.1674 0.9802 -0.1062
vn -0.1058 0.9737 -0.2020
vn -0.0928 0.9893 -0.1123
vn -0.1830 0.9807 -0.0683
vn 0.1576 0.9723 -0.1729
vn 0.1967 0.9659 -0.1684
vn 0.0800 0.9876 -0.1350
vn -0.1594 0.9794 -0.1239
vn 0.1743 0.9645 -0.1984
vn 0.1416 0.9637 -0.2264
vn 0.0724 0.9806 -0.1820
vn 0.0592 0.9873 -0.1474
vn -0.0292 0.9795 -0.1995
vn 0.1184 0.9716 -0.2047
vn -0.0882 0.9633 -0.2536
vn -0.0936 0.9871 -0.1298
vn -0.0680 0.9946 -0.0784
vn -0.0285 0.9959 -0.0858
vn -0.0666 0.9949 -0.0761
vn -0.0547 0.9888 -0.1386
vn -0.0835 0.9847 -0.1532
vn -0.1055 0.9772 -0.1842
vn -0.1344 0.9665 -0.2187
vn -0.1659 0.9788 -0.1201
vn -0.0990 0.9940 -0.0465
vn -0.0885 0.9956 -0.0324
vn -0.1069 0.9930 -0.0509
vn -0.1059 0.9932 -0.0485
vn -0.0942 0.9873 -0.1281
vn -0.1224 0.9871 -0.1033
vn 0.0558 0.9962 0.0670
vn 0.0552 0.9961 0.0695
vn -0.0868 0.9962 0.0082
vn 0.1240 0.9891 -0.0791
vn 0.0556 0.9980 0.0289
vn 0.0634 0.9965 0.0553
vn 0.0474 0.9988 -0.0101
vn 0.0237 0.9990 0.0367
vn 0.1032 0.9904 0.0916
vn 0.1412 0.9811 0.1321
vn 0.1606 0.9784 0.1305
vn -0.0719 0.9922 -0.1020
vn -0.2096 0.9753 -0.0695
vn -0.1761 0.9819 -0.0701
vn -0.2105 0.9751 -0.0697
vn -0.1780 0.9781 -0.1078
vn -0.1780 0.9777 -0.1112
vn -0.1949 0.9645 -0.1782
vn -0.1457 0.9755 -0.1649
vn -0.1395 0.9759 -0.1676
vn -0.1674 0.9791 -0.1159
vn -0.1427 0.9845 -0.1021
vn -0.0980 0.9946 0.0329
vn 0.0578 0.9760 0.2100
vn -0.1853 0.9655 -0.1831
vn -0.0130 0.9985 -0.0536
vn -0.1477 0.9875 -0.0552
vn -0.0980 0.9908 -0.0932
vn -0.0458 0.9976 0.0521
vn -0.0200 0.9988 -0.0450
vn -0.1967 0.9775 -0.0767
vn 0.0141 0.9993 0.0333
vn 0.1147 0.9863 0.1185
vn 0.1416 0.9813 0.1305
vn 0.1774 0.9741 0.1400
vn 0.1600 0.9839 0.0797
vn 0.1518 0.9815 0.1170
vn 0.1655 0.9807 0.1042
vn 0.2127 0.9719 0.1008
vn 0.2077 0.9706 0.1215
vn 0.1750 0.9819 0.0729
vn 0.0484 0.9936 0.1017
vn 0.1032 0.9928 0.0605
vn 0.1746 0.9805 0.0905
vn 0.1148 0.9924 0.0448
vn 0.1995 0.9733 0.1136
vn 0.1964 0.9683 0.1547
vn 0.2062 0.9701 0.1280
vn 0.1844 0.9686 0.1667
vn 0.1096 0.9788 0.1731
vn 0.1808 0.9684 0.1720
vn 0.1950 0.9747 0.1091
vn 0.1946 0.9764 0.0932
vn 0.2069 0.9721 0.1109
vn 0.1334 0.9707 0.1999
vn 0.1309 0.9741 0.1843
vn 0.0975 0.9863 0.1334
vn 0.1028 0.9850 0.1389
vn 0.1569 0.9683 0.1941
vn 0.1581 0.9586 0.2368
vn 0.2194 0.9528 0.2097
vn 0.1325 0.9712 0.1980
vn 0.0281 0.9947 0.0985
vn -0.0258 0.9967 0.0775
vn -0.0795 0.9965 0.0248
vn -0.0292 0.9980 0.0561
vn 0.0136 0.9995 0.0294
vn 0.0431 0.9952 0.0884
vn 0.0393 0.9952 0.0896
vn -0.0215 0.9993 0.0312
vn -0.0212 0.9996 0.0177
vn -0.0316 0.9992 -0.0233
vn -0.0014 0.9996 0.0277
vn 0.0120 0.9998 -0.0184
vn -0.0467 0.9945 0.0933
vn -0.0551 0.9967 0.0589
vn 0.0944 0.9862 0.1361
vn 0.0670 0.9953 0.0701
vn -0.0136 0.9976 0.0677
vn -0.0361 0.9984 0.0437
vn -0.0596 0.9968 0.0530
vn -0.0347 0.9985 0.0418
vn -0.0258 0.9992 0.0320
vn -0.0126 0.9989 0.0441
vn -0.0328 0.9981 0.0519
vn -0.0758 0.9935 0.0847
vn 0.0783 0.9948 0.0649
vn -0.0423 0.9988 0.0239
vn -0.0555 0.9944 0.0902
vn -0.0685 0.9855 0.1551
vn -0.0823 0.9919 0.0964
vn -0.0690 0.9973 0.0267
vn -0.0116 0.9993 0.0368
vn -0.0791 0.9965 0.0285
vn -0.0519 0.9943 0.0933
vn 0.0330 0.9970 0.0701
vn 0.0330 0.9970 0.0697
vn 0.0710 0.9724 0.2220
vn 0.0866 0.9673 0.2384
vn 0.0794 0.9676 0.2397
vn 0.0583 0.9691 0.2398
vn 0.0802 0.9711 0.2247
vn -0.1009 0.9710 0.2166
vn -0.0898 0.9840 0.1539
vn -0.0418 0.9904 0.1315
vn -0.0679 0.9788 0.1932
vn 0.0661 0.9780 0.1978
vn -0.3391 0.8809 -0.3302
vn -0.2939 0.8871 -0.3558
vn -0.2814 0.9036 -0.3231
vn -0.3777 0.8880 -0.2625
vn -0.2657 0.9074 -0.3257
vn -0.0030 0.9846 -0.1749
vn 0.0381 0.9687 -0.2452
vn -0.2394 0.8669 -0.4373
vn -0.1947 0.8323 -0.5190
vn -0.0798 0.9802 -0.1811
vn -0.0037 0.9920 -0.1261
vn 0.0562 0.9975 -0.0423
vn -0.0520 0.9934 -0.1018
vn -0.0365 0.9907 -0.1309
vn 0.0568 0.9976 -0.0407
vn -0.2481 0.8257 -0.5067
vn -0.1314 0.9395 -0.3164
vn -0.0599 0.9050 -0.4213
vn -0.1426 0.9398 -0.3105
vn -0.1017 0.9911 -0.0861
vn -0.0658 0.9889 -0.1330
vn -0.4329 0.8816 -0.1881
vn -0.2011 0.8777 -0.4350
vn -0.0540 0.9412 -0.3335
vn -0.1234 0.9562 -0.2655
vn -0.1006 0.9877 -0.1201
vn -0.1235 0.9625 -0.2415
vn -0.1182 0.9781 -0.1712
vn 0.0519 0.9983 0.0247
vn 0.0318 0.9993 0.0194
vn -0.0172 0.9998 -0.0090
vn -0.1051 0.9881 -0.1119
vn 0.0859 0.9962 0.0138
vn 0.1326 0.9912 -0.0014
vn 0.1297 0.9915 -0.0115
vn 0.1193 0.9860 -0.1163
vn 0.1521 0.9881 -0.0236
vn 0.1421 0.9896 0.0227
vn 0.1193 0.9921 -0.0390
vn 0.1526 0.9870 -0.0507
vn 0.0581 0.9974 0.0419
vn -0.2112 0.9734 0.0887
vn -0.3928 0.8788 -0.2711
vn -0.3684 0.8447 -0.3883
vn -0.1759 0.9480 -0.2650
vn -0.2513 0.9445 -0.2117
vn -0.3441 0.9130 -0.2190
vn -0.2070 0.9473 -0.2444
vn -0.2445 0.9284 -0.2799
vn -0.1493 0.9628 -0.2250
vn -0.1711 0.9688 -0.1793
vn -0.1297 0.9842 -0.1208
vn -0.0752 0.9841 -0.1608
vn -0.1700 0.9411 -0.2924
vn -0.1461 0.9889 0.0280
vn -0.2142 0.9731 -0.0844
vn -0.2117 0.9748 -0.0702
vn -0.2586 0.9641 0.0599
vn -0.0724 0.9944 0.0774
vn -0.1490 0.9610 0.2332
vn -0.1626 0.9839 0.0743
vn -0.1537 0.9837 0.0931
vn -0.0660 0.9975 0.0243
vn -0.0040 0.9996 0.0292
vn -0.0328 0.9897 0.1395
vn -0.0750 0.9968 0.0270
vn -0.1245 0.9921 -0.0130
vn -0.0608 0.9981 -0.0075
vn -0.0159 0.9966 0.0814
vn -0.0202 0.9963 0.0839
vn -0.0275 0.9839 0.1767
vn -0.0630 0.9888 0.1353
vn 0.0075 0.9959 0.0900
vn 0.0581 0.9929 0.1036
vn 0.0572 0.9968 0.0550
vn 0.0794 0.9967 -0.0194
vn 0.0480 0.9936 0.1018
vn 0.0485 0.9885 0.1432
vn 0.0285 0.9990 -0.0338
vn 0.0396 0.9989 -0.0268
vn 0.0357 0.9980 -0.0531
vn 0.0196 0.9981 -0.0579
vn 0.0118 0.9995 -0.0277
vn 0.0079 0.9995 0.0292
vn 0.0476 0.9988 0.0057
vn 0.0102 0.9997 -0.0231
vn -0.0193 0.9998 -0.0004
vn -0.0116 0.9983 0.0571
vn 0.0480 0.9954 0.0828
vn 0.0100 0.9971 0.0754
vn 0.0029 0.9995 0.0306
vn 0.0314 0.9933 0.1116
vn -0.0364 0.9964 0.0765
vn 0.0001 1.0000 -0.0088
vn -0.0464 0.9978 0.0479
vn -0.0150 0.9977 0.0655
vn -0.0200 0.9998 -0.0012
vn 0.0762 0.9971 0.0080
vn 0.0323 0.9994 0.0122
vn 0.0683 0.9974 -0.0248
vn -0.0933 0.9955 0.0158
vn 0.0753 0.9970 -0.0196
vn 0.0617 0.9939 -0.0916
vn 0.1367 0.9900 -0.0346
vn 0.1371 0.9900 -0.0323
vn 0.0093 0.9901 -0.1397
vn 0.0340 0.9879 -0.1515
vn 0.1036 0.9915 -0.0784
vn 0.0593 0.9901 -0.1269
vn 0.0250 0.9880 -0.1523
vn -0.0051 0.9912 -0.1320
vn -0.0106 0.9934 -0.1146
vn -0.0060 0.9987 0.0508
vn -0.0341 0.9876 0.1532
vn 0.0086 0.9830 0.1837
vn -0.0101 0.9929 0.1185
vn 0.0083 0.9829 0.1837
vn -0.4372 0.8876 -0.1452
vn -0.4690 0.8176 -0.3341
vn -0.2747 0.9066 -0.3205
vn -0.2359 0.9714 0.0256
vn -0.1314 0.9551 -0.2656
vn -0.0900 0.9935 -0.0697
vn -0.0696 0.9963 -0.0501
vn -0.0942 0.9946 -0.0434
vn -0.3027 0.9521 -0.0427
vn -0.2075 0.9714 -0.1158
vn -0.2285 0.9707 0.0748
vn -0.2149 0.7804 -0.5872
vn 0.0422 0.9326 -0.3583
vn -0.1514 0.9836 -0.0976
vn -0.4895 0.8369 -0.2448
vn -0.3931 0.8381 -0.3782
vn -0.3177 0.9407 -0.1189
vn -0.1287 0.9887 -0.0768
vn -0.3550 0.9348 -0.0109
vn -0.2018 0.9699 -0.1364
vn -0.5667 0.8048 -0.1762
vn -0.5525 0.7940 -0.2536
vn -0.2708 0.9534 -0.1328
vn -0.5695 0.8015 -0.1826
vn -0.3175 0.9322 -0.1737
vn -0.2808 0.9416 -0.1857
vn -0.3049 0.9461 -0.1094
vn -0.2814 0.9380 -0.2023
vn -0.4976 0.8425 -0.2065
vn -0.4875 0.8512 -0.1943
vn -0.3406 0.9380 -0.0641
vn -0.3497 0.9353 -0.0548
vn -0.4016 0.9102 -0.1013
vn -0.4187 0.8987 -0.1307
vn -0.3923 0.9017 -0.1820
vn -0.3121 0.9475 -0.0689
vn -0.2824 0.9491 -0.1395
vn -0.4279 0.9023 -0.0530
vn -0.4188 0.8986 -0.1307
vn -0.3284 0.9328 0.1484
vn -0.3064 0.9514 -0.0307
vn -0.3094 0.9274 -0.2103
vn -0.3009 0.9532 -0.0279
vn -0.3554 0.9345 -0.0222
vn -0.2890 0.9496 -0.1211
vn -0.1471 0.9881 -0.0443
vn -0.3571 0.9341 -0.0074
vn -0.9085 0.4152 0.0462
vn 0.0292 0.9936 0.1089
vn -0.3121 0.9272 0.2069
vn -0.1541 0.9877 0.0261
vn -0.0981 0.9880 0.1196
vn -0.0604 0.9909 0.1199
vn -0.0903 0.9757 0.1996
vn -0.0111 0.9856 0.1686
vn -0.1790 0.9829 0.0426
vn 0.1926 0.9486 -0.2509
vn 0.1830 0.9487 -0.2580
vn 0.1476 0.9524 -0.2667
vn 0.2084 0.9611 -0.1813
vn 0.1688 0.9663 -0.1945
vn 0.1967 0.9639 -0.1795
vn 0.2295 0.9523 -0.2013
vn 0.2218 0.9555 -0.1943
vn 0.2347 0.9620 -0.1393
vn 0.1012 0.9773 -0.1861
vn 0.2185 0.9543 -0.2039
vn 0.1493 0.9614 -0.2309
vn 0.1375 0.9610 -0.2401
vn 0.1525 0.9407 -0.3029
vn 0.2814 0.9325 -0.2263
vn 0.1049 0.9610 -0.2559
vn 0.2058 0.9765 -0.0633
vn -0.0605 0.9949 -0.0809
vn -0.0520 0.9936 -0.1006
vn 0.2102 0.9581 -0.1944
vn 0.0931 0.9872 -0.1292
vn 0.1347 0.9665 -0.2186
vn -0.1947 0.9799 0.0436
vn 0.1141 0.9741 0.1952
vn 0.1225 0.9560 -0.2666
vn 0.0209 0.9953 -0.0949
vn -0.0794 0.9890 0.1246
vn -0.1237 0.9821 0.1422
vn -0.1032 0.9879 0.1160
vn -0.0894 0.9867 0.1355
vn 0.0840 0.9964 -0.0104
vn -0.2162 0.9756 0.0391
vn -0.3040 0.9516 -0.0450
vn -0.0986 0.9937 0.0528
vn -0.3246 0.9158 0.2366
vn -0.0505 0.9983 -0.0291
vn 0.0019 0.9948 0.1023
vn -0.1555 0.9627 -0.2214
vn -0.0647 0.9970 -0.0420
vn -0.0644 0.9975 -0.0300
vn -0.0282 0.9990 -0.0332
vn -0.1447 0.9882 -0.0496
vn -0.1343 0.9905 -0.0280
vn -0.3344 0.9062 -0.2587
vn 0.0194 0.9994 0.0274
vn -0.0985 0.9884 0.1154
vn -0.2355 0.9692 -0.0726
vn -0.3965 0.9148 -0.0769
vn -0.2030 0.9778 -0.0523
vn -0.2143 0.9765 -0.0248
vn -0.2112 0.9760 -0.0531
vn -0.1461 0.9850 -0.0917
vn -0.0716 0.9917 -0.1068
vn -0.1567 0.9850 -0.0727
vn 0.0361 0.9992 -0.0159
vn -0.0880 0.9942 -0.0611
vn -0.1144 0.9930 -0.0300
vn -0.0907 0.9862 -0.1385
vn 0.0270 0.9996 0.0127
vn -0.0103 0.9966 -0.0823
vn -0.0235 0.9997 0.0120
vn -0.0299 0.9942 -0.1030
vn -0.2203 0.9729 -0.0707
vn -0.0473 0.9966 -0.0681
vn -0.1798 0.9837 0.0078
vn -0.2542 0.9615 -0.1045
vn -0.1303 0.9913 0.0169
vn -0.4722 0.8577 -0.2036
vn -0.2814 0.9544 -0.0997
vn -0.2368 0.9701 -0.0531
vn -0.0675 0.9970 -0.0388
vn -0.2993 0.9519 -0.0653
vn -0.0514 0.9984 -0.0226
vn -0.0102 0.9649 -0.2623
vn -0.0479 0.9547 -0.2937
vn -0.0126 0.9647 -0.2630
vn 0.0536 0.9585 -0.2800
vn -0.0536 0.9983 -0.0232
vn -0.2242 0.9728 -0.0587
vn -0.2880 0.9508 -0.1145
vn -0.3451 0.9213 -0.1793
vn -0.2997 0.9480 -0.1073
vn -0.2104 0.9757 -0.0609
vn -0.3398 0.8806 -0.3304
vn -0.1650 0.9859 -0.0292
vn 0.0223 0.9641 -0.2648
vn 0.0102 0.9553 -0.2953
vn 0.0382 0.9989 -0.0260
vn -0.0010 0.9931 -0.1174
vn 0.0429 0.9623 -0.2684
vn 0.0948 0.9375 -0.3349
vn 0.0514 0.9625 -0.2664
vn -0.0551 0.9978 -0.0365
vn 0.0148 0.9692 -0.2460
vn 0.0029 0.9564 -0.2921
vn -0.0557 0.9956 -0.0750
vn -0.5536 0.8086 -0.1993
vn -0.3387 0.9322 -0.1276
vn -0.0048 0.9622 -0.2723
vn -0.3810 0.9244 -0.0194
vn -0.4427 0.8921 -0.0904
vn -0.4999 0.8367 -0.2235
vn -0.0683 0.9974 0.0224
vn -0.0644 0.9970 0.0426
vn -0.2470 0.9640 -0.0987
vn -0.0529 0.9887 -0.1405
vn -0.0773 0.9970 0.0066
vn -0.0475 0.9965 -0.0692
vn -0.0870 0.9849 -0.1495
vn -0.1699 0.9575 -0.2332
vn -0.0584 0.9974 -0.0413
vn -0.0562 0.9967 -0.0588
vn -0.0476 0.9969 -0.0632
vn -0.0845 0.9887 -0.1236
vn -0.0453 0.9953 -0.0861
vn -0.0811 0.9819 -0.1710
vn -0.0504 0.9976 -0.0476
vn -0.0447 0.9970 -0.0631
vn -0.0640 0.9972 -0.0396
vn -0.1090 0.9917 -0.0679
vn 0.0449 0.9981 -0.0421
vn -0.0278 0.9978 -0.0609
vn -0.0393 0.9990 0.0212
vn -0.0736 0.9972 -0.0127
vn 0.0635 0.9965 0.0544
vn -0.0780 0.9917 0.1019
vn 0.0192 0.9925 0.1208
vn 0.0303 0.9973 0.0672
vn 0.0524 0.9971 0.0558
vn 0.0848 0.9937 0.0734
vn -0.0599 0.9956 0.0717
vn 0.0134 0.9999 0.0042
vn -0.0817 0.9944 -0.0671
vn -0.0042 0.9979 -0.0641
vn 0.1161 0.9637 -0.2404
vn 0.0288 0.9981 -0.0551
vn 0.0254 0.9983 0.0520
vn -0.0795 0.9967 -0.0157
vn -0.1227 0.9825 -0.1403
vn -0.2520 0.8635 -0.4369
vn -0.1062 0.9632 -0.2468
vn -0.1731 0.9661 -0.1917
vn -0.1052 0.9773 -0.1837
vn -0.0381 0.9923 -0.1178
vn -0.0954 0.9914 -0.0893
vn -0.0069 0.9975 -0.0702
vn 0.0390 0.9694 -0.2423
vn 0.0386 0.9543 -0.2965
vn 0.0475 0.9520 -0.3024
vn 0.0193 0.9683 -0.2491
vn -0.0713 0.9936 -0.0879
vn 0.0124 0.9673 -0.2532
vn 0.0299 0.9555 -0.2935
vn -0.1307 0.9726 -0.1922
vn -0.2165 0.9210 -0.3239
vn -0.2193 0.9167 -0.3340
vn -0.1327 0.9720 -0.1937
vn -0.0662 0.9913 -0.1142
vn -0.0018 0.9908 -0.1350
vn -0.0738 0.9934 -0.0875
vn 0.0190 0.9760 -0.2171
vn 0.0070 0.9816 -0.1906
vn -0.0672 0.9918 0.1090
vn 0.0037 0.9954 0.0962
vn 0.0899 0.9889 0.1187
vn 0.0003 0.9962 0.0872
vn -0.0170 0.9936 0.1113
vn -0.0395 0.9470 0.3188
vn 0.0210 0.9980 0.0593
vn -0.0529 0.9700 0.2371
vn -0.0775 0.9722 0.2208
vn -0.0713 0.9711 0.2276
vn -0.0465 0.9968 0.0656
vn 0.0603 0.9947 0.0834
vn -0.0112 0.9910 0.1337
vn -0.0137 0.9916 0.1285
vn 0.0126 0.9824 0.1864
vn -0.0087 0.9910 0.1333
vn -0.0261 0.9991 -0.0342
vn -0.0191 0.9996 -0.0187
vn -0.0088 0.9951 0.0988
vn -0.0080 0.9948 0.1012
vn -0.0322 0.9991 -0.0284
vn 0.0727 0.9948 0.0710
vn 0.0099 0.9999 -0.0075
vn 0.0234 0.9982 0.0553
vn -0.0397 0.9985 0.0364
vn -0.0475 0.9763 0.2110
vn 0.0144 0.9822 0.1872
vn -0.0479 0.9966 0.0675
vn -0.1792 0.9564 0.2305
vn -0.0184 0.9855 0.1689
vn -0.0076 0.9823 0.1871
vn -0.0738 0.9805 0.1822
vn -0.0189 0.9783 0.2062
vn 0.0078 0.9778 0.2092
vn -0.0099 0.9872 0.1590
vn 0.0096 0.9966 0.0821
vn 0.0484 0.9740 0.2213
vn -0.1581 0.9580 0.2391
vn 0.2867 0.8725 0.3956
vn -0.3108 0.9486 0.0607
vn -0.0269 0.9856 0.1668
vn -0.0646 0.9954 0.0701
vn -0.0161 0.9953 0.0950
vn -0.0572 0.9854 0.1603
vn 0.0329 0.9921 0.1208
vn 0.0139 0.9978 0.0655
vn 0.0803 0.9764 0.2005
vn 0.0103 0.9909 0.1344
vn -0.0190 0.9847 0.1733
vn -0.0161 0.9886 0.1497
vn -0.0225 0.9875 0.1563
vn 0.0219 0.9880 0.1531
vn 0.0104 0.9966 0.0812
vn -0.0331 0.9967 0.0740
vn 0.0115 0.9967 0.0807
vn -0.0516 0.9970 0.0584
vn 0.0020 0.9941 0.1084
vn -0.0080 0.9910 0.1337
vn -0.0265 0.9900 0.1387
vn -0.0242 0.9973 0.0686
vn -0.0267 0.9973 0.0681
vn 0.0094 0.9837 0.1797
vn 0.1328 0.9795 0.1512
vn -0.0090 0.9863 0.1650
vn -0.0052 0.9874 0.1580
vn -0.0778 0.9786 0.1906
vn -0.0251 0.9908 0.1328
vn -0.0068 0.9824 0.1868
vn -0.0918 0.9788 0.1833
vn -0.0269 0.9615 0.2735
vn -0.1524 0.9821 0.1104
vn -0.0063 1.0000 0.0071
vn -0.0106 0.9997 -0.0236
vn 0.0151 0.9926 0.1205
vn 0.0017 0.9995 0.0303
vn -0.0504 0.9965 0.0662
vn 0.0799 0.7727 0.6297
vn 0.0152 0.8331 0.5529
vn 0.0952 0.8093 0.5796
vn 0.0318 0.8750 0.4830
vn 0.0746 0.8116 0.5794
vn -0.0304 0.9993 0.0230
vn 0.0106 0.9981 0.0599
vn 0.1650 0.9240 0.3449
vn -0.0495 0.9980 0.0399
vn -0.0232 0.9989 0.0396
vn -0.0195 0.9905 0.1361
vn -0.1182 0.9735 0.1957
vn -0.0085 0.9999 0.0132
vn 0.0551 0.9438 0.3259
vn -0.0224 0.8229 0.5677
vn 0.4673 0.8831 0.0425
vn 0.0321 0.9985 -0.0436
vn 0.0509 0.9959 -0.0743
vn 0.0314 0.9966 -0.0761
vn -0.0403 0.9516 0.3047
vn -0.0044 0.9928 -0.1199
vn -0.2081 0.9780 0.0172
vn 0.0885 0.9951 -0.0430
vn -0.0423 0.9977 0.0527
vn 0.0586 0.9970 -0.0515
vn -0.0042 0.9998 0.0188
vn -0.0263 0.9994 0.0225
vn 0.4213 0.9000 -0.1115
vn 0.1577 0.9606 -0.2288
vn -0.0008 0.9748 -0.2229
vn -0.0684 0.9923 -0.1031
vn 0.0104 0.9999 -0.0124
vn 0.0136 0.9989 0.0449
vn -0.0383 0.9990 0.0228
vn -0.0560 0.9984 0.0095
vn -0.0012 0.9996 0.0298
vn -0.5869 0.7924 0.1662
vn -0.1906 0.9771 -0.0946
vn 0.0003 1.0000 0.0095
vn -0.0283 0.9982 -0.0526
vn 0.0069 0.9989 0.0470
vn -0.0910 0.9871 0.1314
vn 0.2366 0.8785 0.4151
vn -0.0229 0.9996 -0.0133
vn -0.1871 0.7137 0.6751
vn 0.0235 0.9575 0.2875
vn -0.0492 0.9961 0.0728
vn -0.1390 0.9038 0.4048
vn -0.1606 0.9230 0.3496
vn -0.1135 0.9244 0.3642
vn 0.0461 0.9513 0.3049
vn -0.0088 0.9770 0.2132
vn 0.1894 0.9081 0.3734
vn -0.1293 0.9337 0.3340
vn -0.0398 0.9860 0.1622
vn -0.0076 0.9994 0.0338
vn -0.0294 0.9992 0.0284
vn -0.0139 0.9995 0.0271
vn -0.0063 0.9998 0.0199
vn -0.0340 0.9963 -0.0785
vn -0.1039 0.9938 -0.0399
vn -0.0493 0.9699 0.2385
vn -0.0130 0.9976 0.0674
vn -0.0063 0.9962 0.0869
vn -0.0224 0.9997 -0.0076
vn 0.0692 0.9956 -0.0626
vn 0.0062 1.0000 -0.0015
vn -0.0207 0.9998 0.0036
vn -0.0224 0.9997 0.0037
vn 0.0727 0.9962 -0.0482
vn 0.2503 0.9434 -0.2177
vn 0.1364 0.9762 0.1687
vn 0.0019 0.9999 0.0128
vn 0.0174 0.9998 -0.0053
vn -0.0162 0.9999 0.0050
vn 0.3427 0.7179 0.6059
vn 0.2317 0.6057 0.7612
vn -0.0926 0.9914 -0.0929
vn 0.0179 0.9998 -0.0061
vn 0.0860 0.9961 0.0183
vn 0.0045 1.0000 -0.0051
vn -0.0129 0.9999 0.0042
vn 0.0708 0.9637 0.2574
vn 0.0743 0.9861 0.1489
vn 0.0753 0.9788 0.1902
vn -0.0172 0.9998 -0.0074
vn -0.0169 0.9998 0.0066
vn -0.2455 0.8300 0.5008
vn 0.0789 0.9785 0.1905
vn -0.0162 0.9997 0.0185
vn -0.1244 0.9898 0.0690
vn -0.2253 0.9718 0.0695
vn -0.0100 0.9239 0.3826
vn -0.1052 0.9930 0.0537
vn 0.0308 0.9814 0.1894
vn 0.0199 0.9949 0.0990
vn -0.0189 0.9998 0.0062
vn 0.0052 0.9397 0.3420
vn -0.0085 0.9112 0.4120
vn 0.7789 0.5377 -0.3228
vn 0.1480 0.9050 0.3988
vn -0.0273 0.9995 0.0160
vn -0.0236 0.9997 0.0085
vn 0.3740 0.9258 -0.0552
vn -0.0014 0.9988 0.0496
vn 0.1751 0.9214 0.3469
vn -0.0200 0.9991 0.0368
vn -0.0275 0.9995 0.0150
vn -0.0304 0.9266 0.3749
vn 0.2327 0.6175 0.7513
vn 0.1643 0.8775 0.4506
vn 0.2174 0.9376 0.2715
vn 0.1709 0.8422 0.5113
vn 0.0459 0.9988 0.0174
vn 0.3950 0.9010 -0.1795
vn 0.0784 0.9531 -0.2923
vn 0.4058 0.6169 -0.6744
vn 0.2736 0.6469 -0.7118
vn 0.0909 0.8487 -0.5209
vn 0.5191 0.7365 -0.4337
vn -0.2851 0.9564 0.0635
vn -0.0728 0.9853 -0.1548
vn 0.4138 0.6566 0.6306
vn 0.5526 0.7271 0.4075
vn 0.4868 0.6481 0.5856
vn 0.5073 0.6304 0.5876
vn 0.2539 0.9600 -0.1177
vn 0.4206 0.7516 0.5081
vn -0.3979 0.9155 0.0595
vn 0.3048 0.7910 0.5305
vn -0.0451 0.8486 0.5271
vn -0.0552 0.9985 -0.0067
vn 0.1034 0.6299 -0.7698
vn 0.0433 0.9911 -0.1260
vn 0.0947 0.7854 -0.6118
vn 0.0604 0.6952 -0.7163
vn -0.3311 0.8413 0.4273
vn -0.0257 0.9473 0.3194
vn -0.4497 0.8836 0.1306
vn -0.2567 0.8596 -0.4419
vn -0.1475 0.6634 -0.7336
vn -0.1513 0.6577 -0.7379
vn 0.1958 0.4215 0.8854
vn -0.0025 0.9951 0.0986
vn -0.2173 0.9490 0.2286
vn -0.1913 0.9553 0.2252
vn -0.5069 0.8399 0.1939
vn -0.7714 0.6072 0.1903
vn 0.1195 0.9624 0.2439
vn -0.0105 0.9994 0.0334
vn -0.0133 0.9998 -0.0137
vn -0.0088 0.9999 -0.0067
vn -0.0095 0.9995 0.0313
vn 0.0016 1.0000 -0.0081
vn 0.1370 0.9749 0.1753
vn -0.0125 0.9999 -0.0102
vn -0.1130 0.9933 0.0246
vn 0.0023 1.0000 -0.0053
vn -0.0091 0.9998 -0.0168
vn -0.0265 0.9984 -0.0496
vn -0.2843 0.7450 -0.6035
vn 0.1174 0.8509 -0.5120
vn -0.4104 0.7435 -0.5279
vn -0.0263 0.9957 -0.0889
vn -0.0423 0.9875 -0.1521
vn -0.1165 0.9391 -0.3234
vn 0.2103 0.9208 -0.3286
vn -0.0269 0.9945 -0.1011
vn -0.0573 0.9972 -0.0478
vn -0.1254 0.9119 -0.3909
vn -0.4959 0.7328 -0.4660
vn -0.0729 0.9230 -0.3778
vn -0.0574 0.9020 -0.4279
vn -0.1404 0.8913 -0.4311
vn 0.0006 0.9997 -0.0244
vn 0.1641 0.9846 -0.0605
vn -0.0115 0.9999 -0.0022
vn 0.0642 0.9977 0.0216
vn -0.0148 0.9999 0.0028
vn -0.0113 0.9999 0.0053
vn -0.0086 1.0000 0.0026
vn 0.4476 0.8589 0.2487
vn 0.0262 0.9996 -0.0139
vn 0.0149 0.9999 -0.0088
vn -0.0069 0.9996 0.0266
vn -0.0040 0.9998 0.0203
vn -0.0125 0.9999 0.0062
vn -0.0114 0.9999 0.0052
vn -0.0060 0.9998 0.0170
vn -0.0102 0.9998 0.0150
vn -0.0089 1.0000 -0.0027
vn 0.0056 1.0000 -0.0010
vn 0.0045 1.0000 0.0014
vn 0.0050 1.0000 -0.0028
vn 0.0009 1.0000 -0.0080
vn -0.0087 1.0000 -0.0022
vn -0.0181 0.9998 -0.0054
vn 0.0010 1.0000 -0.0088
vn -0.0008 1.0000 -0.0044
vn -0.0001 0.9999 -0.0124
vn 0.0363 0.9980 -0.0524
vn 0.0325 0.9977 -0.0601
vn 0.0732 0.9931 -0.0917
vn 0.0733 0.9930 -0.0925
vn 0.0737 0.9900 -0.1205
vn 0.0749 0.9928 -0.0932
vn -0.0658 0.9973 0.0331
vn 0.0852 0.9773 -0.1938
vn 0.0783 0.9888 -0.1272
vn 0.0118 0.9898 0.1420
vn -0.0782 0.9903 0.1151
vn -0.0496 0.9984 0.0287
vn -0.0114 0.9999 -0.0047
vn -0.0120 0.9999 -0.0051
vn -0.0448 0.9972 0.0605
vn -0.0406 0.9988 0.0266
vn -0.0439 0.9964 0.0720
vn -0.0121 0.9987 0.0495
vn -0.0258 0.9996 -0.0080
vn -0.0239 0.9996 0.0161
vn -0.0942 0.9955 0.0098
vn -0.0457 0.9989 -0.0124
vn -0.0244 0.9997 -0.0061
vn -0.0408 0.9992 0.0032
vn -0.0411 0.9989 -0.0241
vn -0.0353 0.9988 -0.0340
vn 0.1451 0.9893 -0.0176
vn -0.0020 0.9996 -0.0270
vn -0.1170 0.9930 0.0179
vn -0.0414 0.9991 0.0074
vn -0.0099 0.9971 0.0754
vn 0.0235 0.9996 -0.0137
vn 0.0006 0.9999 -0.0165
vn -0.1632 0.9856 0.0454
vn -0.1365 0.9875 0.0792
vn -0.1933 0.9811 -0.0083
vn 0.0987 0.9888 0.1124
vn 0.1584 0.9821 0.1024
vn -0.1981 0.9799 0.0225
vn -0.0451 0.9958 0.0795
vn -0.0596 0.9957 0.0714
vn 0.0540 0.9940 0.0954
vn -0.1088 0.9861 0.1258
vn 0.0217 0.9988 -0.0436
vn 0.0978 0.9750 0.1996
vn -0.1470 0.9855 -0.0853
vn -0.1869 0.9821 -0.0230
vn -0.1624 0.9856 0.0468
vn -0.1715 0.9847 -0.0300
vn -0.1440 0.9882 -0.0522
vn 0.2159 0.9607 0.1744
vn 0.2668 0.9493 0.1661
vn 0.1175 0.9609 0.2506
vn 0.1603 0.9700 0.1826
vn 0.2486 0.9632 0.1027
vn -0.0710 0.9410 0.3308
vn 0.0906 0.9719 0.2171
vn 0.1534 0.9668 0.2045
vn -0.1431 0.7580 0.6364
vn 0.1260 0.9267 0.3541
vn 0.0846 0.9170 0.3899
vn -0.1438 0.8565 0.4957
vn 0.0243 0.9036 0.4277
vn 0.0375 0.9541 0.2973
vn 0.0814 0.9168 0.3910
vn 0.0770 0.9532 0.2925
vn 0.1773 0.9377 0.2988
vn 0.2884 0.8846 0.3664
vn 0.1519 0.9653 0.2123
vn -0.0056 1.0000 -0.0006
vn 0.1921 0.9375 0.2903
vn 0.1169 0.9523 0.2818
vn 0.1381 0.9741 0.1792
vn -0.0087 0.9492 0.3146
vn 0.1498 0.9543 0.2584
vn 0.1349 0.9602 0.2445
vn -0.0499 0.9888 0.1408
vn 0.1558 0.9647 0.2121
vn -0.0422 0.9648 0.2597
vn 0.2822 0.9468 0.1546
vn 0.0403 0.9770 0.2094
vn -0.0813 0.9939 -0.0750
vn 0.0021 1.0000 0.0024
vn -0.0303 0.9913 -0.1278
vn 0.0506 0.9807 -0.1890
vn -0.0082 0.9909 -0.1345
vn 0.1723 0.9809 0.0905
vn 0.1215 0.9925 -0.0151
vn 0.1536 0.9881 0.0087
vn 0.1267 0.9919 -0.0095
vn 0.0236 0.9997 -0.0083
vn 0.1406 0.9900 0.0148
vn 0.1278 0.9853 0.1135
vn 0.0802 0.9967 -0.0146
vn 0.0912 0.9944 0.0534
vn 0.0462 0.9988 0.0136
vn -0.0051 0.9999 -0.0093
vn 0.1549 0.9864 0.0545
vn 0.1478 0.9861 0.0764
vn -0.0545 -0.9979 -0.0342
vn -0.0350 -0.9994 -0.0015
vn -0.0314 -0.9993 -0.0197
vn -0.0442 -0.9989 -0.0173
vn -0.0595 -0.9978 -0.0279
vn -0.0371 -0.9993 -0.0085
vn -0.0433 -0.9989 -0.0187
vn -0.0463 -0.9989 0.0043
vn -0.0181 -0.9997 -0.0161
vn -0.0429 -0.9989 -0.0163
vn -0.0236 -0.9997 0.0043
vn -0.0163 -0.9998 0.0145
vn -0.0433 -0.9885 0.1449
vn 0.0331 -0.9960 0.0834
vn -0.0052 0.9986 0.0517
vn 0.0585 0.9966 0.0588
vn 0.1359 0.9900 0.0364
vn 0.1954 0.9794 0.0518
vn 0.2269 0.9730 0.0420
vn 0.0456 0.9984 0.0347
vn 0.1516 0.9864 0.0633
vn 0.0230 0.9993 0.0289
vn 0.0325 0.9985 0.0446
vn -0.1398 0.9629 -0.2307
vn 0.1802 0.9835 -0.0153
vn -0.0538 0.9942 0.0936
vn 0.0532 0.9985 0.0115
vn -0.0552 0.9984 -0.0157
vn -0.0677 0.9954 -0.0684
vn -0.0347 0.9979 -0.0555
vn 0.0343 0.9993 -0.0163
vn 0.0297 0.9994 0.0149
vn 0.0095 0.9974 -0.0713
vn 0.0122 0.9998 0.0172
vn -0.0286 0.9959 -0.0855
vn -0.0036 0.9976 -0.0695
vn -0.1372 0.9901 -0.0303
vn -0.1229 0.9908 -0.0573
vn 0.0156 0.9999 -0.0037
vn 0.0164 0.9998 -0.0064
vn 0.1160 0.9903 0.0762
vn 0.2079 0.9767 -0.0524
vn 0.1375 0.9887 0.0591
vn 0.2051 0.9771 0.0568
vn 0.0390 0.9992 -0.0098
vn 0.0972 -0.9924 -0.0756
vn 0.1049 -0.9896 -0.0980
vn 0.2346 -0.9670 0.0995
vn 0.0877 -0.9960 -0.0158
vn 0.1860 -0.9813 0.0494
vn 0.1883 -0.9809 0.0497
vn -0.0513 -0.9404 0.3361
vn 0.1038 -0.9883 0.1118
vn 0.2284 -0.9727 0.0417
vn 0.0873 -0.9958 0.0260
vn 0.2098 -0.9525 0.2206
vn 0.2723 -0.9309 0.2433
vn 0.1068 -0.9943 -0.0043
vn 0.2295 -0.9680 0.1015
vn 0.0887 -0.9957 0.0282
vn 0.0984 -0.9947 0.0304
vn 0.1412 -0.9886 0.0518
vn 0.2271 -0.9731 0.0398
vn 0.1119 -0.9916 0.0642
vn 0.1685 -0.9789 0.1156
vn 0.1774 -0.9714 0.1577
vn 0.1286 -0.9741 0.1858
vn 0.2001 -0.9662 0.1625
vn 0.1450 -0.9887 0.0371
vn -0.0578 -0.9728 0.2245
vn 0.0994 -0.9138 0.3938
vn 0.0756 -0.9860 0.1486
vn -0.0282 -0.9816 0.1890
vn -0.0368 -0.9814 0.1884
vn 0.0427 -0.9983 -0.0393
vn 0.0460 -0.9971 0.0602
vn -0.0804 -0.9003 0.4278
vn 0.0705 -0.9963 0.0502
vn 0.1425 -0.9869 0.0762
vn 0.0893 -0.9897 0.1119
vn 0.0906 -0.9936 0.0674
vn 0.0880 -0.9896 0.1139
vn 0.1193 -0.9847 0.1268
vn 0.1024 -0.9931 0.0579
vn 0.1041 -0.9817 0.1594
vn -0.1095 -0.9357 0.3355
vn -0.0394 -0.9025 0.4289
vn 0.0294 -0.9885 0.1481
vn 0.1125 -0.9896 0.0896
vn 0.0576 -0.9913 -0.1180
vn -0.0249 -0.9991 0.0332
vn -0.0439 -0.9990 -0.0062
vn -0.0607 -0.9949 0.0809
vn -0.0907 -0.9895 -0.1127
vn -0.0476 -0.9989 -0.0055
vn 0.0191 -0.9958 0.0893
s 0
f 2566//1 2568//1 2567//1
f 2503//2 2501//2 2507//2
f 2456//3 2457//3 2459//3
f 3003//4 3002//4 3164//4
f 2956//5 2959//5 2953//5
f 2932//6 2918//6 2930//6
f 2983//7 2961//7 2954//7
f 2893//8 2912//8 2913//8
f 2867//9 2865//9 2854//9
f 2831//10 2834//10 2832//10
f 2807//11 2805//11 2806//11
f 2802//12 2800//12 2801//12
f 2827//13 2825//13 2828//13
f 2780//14 2776//14 2778//14
f 2792//15 2794//15 2793//15
f 2735//16 2734//16 2733//16
f 3106//17 3104//17 3103//17
f 3102//18 3101//18 3112//18
f 3099//19 3098//19 3097//19
f 3019//20 3016//20 3017//20
f 3145//21 3142//21 3144//21
f 3147//22 3148//22 3151//22
f 3120//23 3121//23 3117//23
f 2714//24 2716//24 2715//24
f 2644//25 2646//25 2645//25
f 2622//26 2625//26 2624//26
f 2615//27 2633//27 2616//27
f 2598//28 2593//28 2591//28
f 2597//29 2595//29 2596//29
f 2584//30 2583//30 2582//30
f 654//31 648//31 651//31
f 716//32 715//32 714//32
f 707//33 710//33 708//33
f 609//34 617//34 624//34
f 583//35 584//35 630//35
f 587//36 578//36 579//36
f 15//37 19//37 16//37
f 40//38 39//38 41//38
f 97//39 99//39 100//39
f 81//40 85//40 83//40
f 113//41 164//41 139//41
f 174//42 152//42 163//42
f 502//43 500//43 501//43
f 205//44 206//44 208//44
f 213//45 215//45 572//45
f 554//46 557//46 552//46
f 570//47 573//47 571//47
f 234//48 233//48 235//48
f 542//49 540//49 541//49
f 534//50 531//50 533//50
f 255//51 526//51 524//51
f 243//52 244//52 245//52
f 248//53 247//53 245//53
f 253//54 250//54 252//54
f 261//55 260//55 262//55
f 384//56 383//56 380//56
f 396//57 397//57 395//57
f 3169//58 3165//58 3168//58
f 3186//59 3188//59 3184//59
f 750//60 753//60 751//60
f 789//61 785//61 793//61
f 786//62 796//62 788//62
f 819//63 818//63 820//63
f 2176//64 2174//64 2177//64
f 2188//65 2189//65 2187//65
f 2182//66 2183//66 2185//66
f 2192//67 2191//67 2194//67
f 2193//68 2198//68 2195//68
f 2200//69 2199//69 2201//69
f 2209//70 2207//70 2206//70
f 2208//71 2209//71 2205//71
f 2207//72 2210//72 2211//72
f 2213//73 2212//73 2210//73
f 2215//74 2217//74 2218//74
f 2218//75 2217//75 2220//75
f 2223//76 2221//76 2217//76
f 2225//77 2224//77 2226//77
f 2227//78 2235//78 2232//78
f 2234//79 2238//79 2233//79
f 2265//80 2268//80 2257//80
f 2248//81 2257//81 2252//81
f 2246//82 2247//82 2254//82
f 2241//83 2237//83 2244//83
f 2267//84 2249//84 2264//84
f 2148//85 2152//85 2149//85
f 2074//86 2073//86 2072//86
f 2096//87 2097//87 2094//87
f 2098//88 2097//88 2096//88
f 2104//89 2107//89 2106//89
f 1990//90 1994//90 1991//90
f 2017//91 2016//91 2012//91
f 2363//92 2362//92 2364//92
f 2354//93 2351//93 2358//93
f 2375//94 2376//94 2373//94
f 2286//95 2289//95 2288//95
f 2332//96 2333//96 2335//96
f 1012//97 1011//97 1013//97
f 1010//98 1000//98 997//98
f 1029//99 993//99 1030//99
f 954//100 959//100 952//100
f 1153//101 1147//101 1149//101
f 1184//102 1185//102 1186//102
f 911//103 913//103 914//103
f 859//104 1053//104 1052//104
f 1066//105 1071//105 1070//105
f 1113//106 1107//106 1108//106
f 1412//107 1414//107 1423//107
f 1247//108 1249//108 1248//108
f 1611//109 1607//109 1600//109
f 1503//110 1499//110 1619//110
f 1543//111 1552//111 1544//111
f 1547//112 1541//112 1546//112
f 1533//113 1529//113 1566//113
f 1630//114 1634//114 1628//114
f 1693//115 1694//115 1696//115
f 1732//116 1733//116 1744//116
f 1660//117 1669//117 1668//117
f 1765//118 1770//118 1768//118
f 1815//119 1805//119 1816//119
f 1766//120 1763//120 1767//120
f 1904//121 1902//121 1772//121
f 1910//122 1901//122 1905//122
f 1819//123 1827//123 1820//123
f 1848//124 1850//124 1849//124
f 1933//125 1935//125 1939//125
f 2549//126 2551//126 2550//126
f 2552//127 2555//127 2553//127
f 2555//128 2554//128 2553//128
f 2549//129 2550//129 2548//129
f 2550//130 2552//130 2548//130
f 2544//131 2543//131 2545//131
f 2543//132 2549//132 2545//132
f 2547//133 2546//133 2563//133
f 2546//134 2542//134 2563//134
f 2542//135 2544//135 2545//135
f 2542//136 2545//136 2565//136
f 2548//137 2552//137 2553//137
f 2564//138 2542//138 2565//138
f 2558//139 2556//139 2557//139
f 2556//140 2547//140 2557//140
f 2561//141 2560//141 2559//141
f 2560//142 2558//142 2559//142
f 2542//143 2564//143 2563//143
f 2557//144 2547//144 2563//144
f 2549//145 2548//145 2545//145
f 2559//146 2558//146 2557//146
f 2563//147 2562//147 2557//147
f 2567//148 2570//148 2569//148
f 2567//149 2569//149 2566//149
f 2569//150 2564//150 2565//150
f 2571//151 2572//151 2567//151
f 2568//152 2571//152 2567//152
f 2569//153 2565//153 2566//153
f 2489//154 2486//154 2490//154
f 2486//155 2487//155 2488//155
f 2490//156 2486//156 2488//156
f 2491//157 2495//157 2492//157
f 2495//158 2496//158 2493//158
f 2492//159 2495//159 2494//159
f 2489//160 2490//160 2491//160
f 2493//161 2494//161 2495//161
f 2492//162 2489//162 2491//162
f 2496//163 2497//163 2499//163
f 2497//164 2505//164 2499//164
f 2499//165 2498//165 2496//165
f 2498//166 2493//166 2496//166
f 2505//167 2504//167 2500//167
f 2499//168 2505//168 2500//168
f 2504//169 2506//169 2500//169
f 2506//170 2507//170 2501//170
f 2500//171 2506//171 2502//171
f 2508//172 2509//172 2512//172
f 2509//173 2519//173 2513//173
f 2507//174 2508//174 2510//174
f 2506//175 2501//175 2502//175
f 2509//176 2513//176 2512//176
f 2519//177 2518//177 2513//177
f 2518//178 2516//178 2514//178
f 2508//179 2512//179 2510//179
f 2516//180 2521//180 2515//180
f 2521//181 2520//181 2517//181
f 2515//182 2521//182 2517//182
f 2520//183 2524//183 2517//183
f 2524//184 2523//184 2522//184
f 2517//185 2524//185 2522//185
f 2523//186 2526//186 2525//186
f 2526//187 2528//187 2527//187
f 2525//188 2526//188 2527//188
f 2530//189 2532//189 2531//189
f 2532//190 2535//190 2533//190
f 2531//191 2532//191 2533//191
f 2528//192 2530//192 2529//192
f 2537//193 2540//193 2538//193
f 2540//194 2541//194 2538//194
f 2538//195 2539//195 2536//195
f 2534//196 2533//196 2535//196
f 2538//197 2536//197 2537//197
f 2536//198 2534//198 2535//198
f 2535//199 2537//199 2536//199
f 2530//200 2531//200 2529//200
f 2529//201 2527//201 2528//201
f 2525//202 2522//202 2523//202
f 2514//203 2513//203 2518//203
f 2515//204 2514//204 2516//204
f 2510//205 2511//205 2507//205
f 2511//206 2503//206 2507//206
f 2400//207 2401//207 2398//207
f 2401//208 2402//208 2399//208
f 2398//209 2401//209 2399//209
f 2397//210 2404//210 2403//210
f 2404//211 2406//211 2405//211
f 2398//212 2397//212 2400//212
f 2403//213 2400//213 2397//213
f 2409//214 2408//214 2405//214
f 2407//215 2409//215 2405//215
f 2405//216 2403//216 2404//216
f 2406//217 2410//217 2407//217
f 2405//218 2406//218 2407//218
f 2410//219 2412//219 2411//219
f 2407//220 2410//220 2411//220
f 2414//221 2411//221 2413//221
f 2413//222 2411//222 2412//222
f 2417//223 2416//223 2418//223
f 2416//224 2415//224 2418//224
f 2415//225 2414//225 2419//225
f 2413//226 2419//226 2414//226
f 2419//227 2418//227 2415//227
f 2426//228 2425//228 2424//228
f 2424//229 2417//229 2420//229
f 2420//230 2421//230 2427//230
f 2421//231 2422//231 2430//231
f 2430//232 2422//232 2429//232
f 2417//233 2418//233 2420//233
f 2422//234 2423//234 2429//234
f 2427//235 2426//235 2424//235
f 2430//236 2427//236 2421//236
f 2433//237 2432//237 2431//237
f 2427//238 2424//238 2420//238
f 2434//239 2433//239 2431//239
f 2434//240 2431//240 2423//240
f 2431//241 2429//241 2423//241
f 2437//242 2435//242 2436//242
f 2435//243 2434//243 2436//243
f 2445//244 2444//244 2443//244
f 2444//245 2439//245 2442//245
f 2439//246 2437//246 2440//246
f 2423//247 2428//247 2434//247
f 2428//248 2436//248 2434//248
f 2437//249 2436//249 2438//249
f 2438//250 2440//250 2437//250
f 2447//251 2446//251 2448//251
f 2446//252 2445//252 2450//252
f 2444//253 2442//253 2443//253
f 2442//254 2439//254 2441//254
f 2440//255 2441//255 2439//255
f 2452//256 2447//256 2453//256
f 2446//257 2450//257 2448//257
f 2454//258 2452//258 2482//258
f 2453//259 2447//259 2448//259
f 2445//260 2443//260 2449//260
f 2449//261 2451//261 2450//261
f 2445//262 2449//262 2450//262
f 2463//263 2458//263 2462//263
f 2458//264 2456//264 2459//264
f 2461//265 2458//265 2459//265
f 2456//266 2454//266 2480//266
f 2452//267 2453//267 2483//267
f 2482//268 2452//268 2483//268
f 2482//269 2484//269 2480//269
f 2484//270 2485//270 2481//270
f 2484//271 2481//271 2480//271
f 2480//272 2454//272 2482//272
f 2456//273 2480//273 2475//273
f 2467//274 2465//274 2470//274
f 2465//275 2463//275 2466//275
f 2456//276 2475//276 2455//276
f 2475//277 2477//277 2471//277
f 2455//278 2475//278 2471//278
f 2478//279 2479//279 2476//279
f 2477//280 2478//280 2476//280
f 2476//281 2472//281 2471//281
f 2472//282 2474//282 2471//282
f 2474//283 2473//283 2471//283
f 2477//284 2476//284 2471//284
f 2468//285 2469//285 2467//285
f 2466//286 2470//286 2465//286
f 2470//287 2468//287 2467//287
f 2462//288 2464//288 2463//288
f 2464//289 2466//289 2463//289
f 2459//290 2460//290 2461//290
f 2456//291 2455//291 2457//291
f 2461//292 2462//292 2458//292
f 2982//293 2989//293 2991//293
f 2989//294 2992//294 2991//294
f 2978//295 2977//295 2981//295
f 2982//296 2991//296 2990//296
f 2979//297 2978//297 2981//297
f 2981//298 2982//298 2979//298
f 2982//299 2990//299 2984//299
f 2982//300 2984//300 2979//300
f 2990//301 2993//301 2984//301
f 2986//302 2985//302 2993//302
f 2985//303 2984//303 2993//303
f 3011//304 3008//304 3010//304
f 3008//305 2987//305 3007//305
f 3010//306 3008//306 3009//306
f 2987//307 2986//307 3007//307
f 3005//308 2993//308 2994//308
f 2986//309 2993//309 3005//309
f 3012//310 3011//310 3010//310
f 3001//311 2999//311 3000//311
f 2999//312 3164//312 3002//312
f 3000//313 2999//313 3002//313
f 2986//314 3005//314 3007//314
f 2994//315 3001//315 3004//315
f 3005//316 2994//316 3004//316
f 3007//317 3009//317 3008//317
f 3004//318 3006//318 3005//318
f 3000//319 3004//319 3001//319
f 3164//320 3162//320 3163//320
f 3162//321 3161//321 3163//321
f 3161//322 3160//322 3163//322
f 3163//323 3003//323 3164//323
f 2953//324 2949//324 2956//324
f 2949//325 2951//325 2957//325
f 2956//326 2949//326 2957//326
f 2956//327 2958//327 2959//327
f 2959//328 2962//328 2953//328
f 2962//329 3164//329 2953//329
f 3164//330 2999//330 2953//330
f 2999//331 2998//331 2953//331
f 2998//332 2997//332 2952//332
f 2952//333 2950//333 2953//333
f 2950//334 2948//334 2953//334
f 2998//335 2952//335 2953//335
f 2951//336 2949//336 2947//336
f 2949//337 2946//337 2947//337
f 2944//338 2948//338 2950//338
f 2946//339 2944//339 2947//339
f 2944//340 2950//340 2945//340
f 2942//341 2943//341 2939//341
f 2944//342 2945//342 2940//342
f 2945//343 2942//343 2940//343
f 2940//344 2947//344 2944//344
f 2937//345 2941//345 2940//345
f 2930//346 2931//346 2932//346
f 2931//347 2935//347 2933//347
f 2932//348 2931//348 2933//348
f 2937//349 2940//349 2938//349
f 2929//350 2930//350 2918//350
f 2935//351 2937//351 2936//351
f 2940//352 2942//352 2938//352
f 2942//353 2939//353 2938//353
f 2937//354 2938//354 2936//354
f 2936//355 2934//355 2935//355
f 2934//356 2933//356 2935//356
f 2977//357 2978//357 2980//357
f 2978//358 2976//358 2980//358
f 2976//359 2975//359 2980//359
f 2975//360 2972//360 2980//360
f 2972//361 2973//361 2971//361
f 2973//362 2974//362 2971//362
f 2972//363 2971//363 2969//363
f 2969//364 2970//364 2968//364
f 2968//365 2967//365 2966//365
f 2968//366 2966//366 2969//366
f 2966//367 2965//367 2969//367
f 2972//368 2969//368 2965//368
f 2983//369 2980//369 2961//369
f 2980//370 2972//370 2964//370
f 2964//371 2972//371 2965//371
f 2992//372 2989//372 2983//372
f 2995//373 2996//373 2988//373
f 2988//374 2992//374 2983//374
f 2995//375 2988//375 2954//375
f 2988//376 2983//376 2954//376
f 2952//377 2997//377 2955//377
f 2997//378 2995//378 2955//378
f 2980//379 2964//379 2961//379
f 2964//380 2963//380 2961//380
f 2954//381 2955//381 2995//381
f 2939//382 2943//382 2960//382
f 2943//383 2954//383 2960//383
f 2961//384 2960//384 2954//384
f 2899//385 2902//385 2903//385
f 2902//386 2904//386 2903//386
f 2894//387 2896//387 2888//387
f 2896//388 2897//388 2888//388
f 2899//389 2903//389 2889//389
f 2903//390 2906//390 2889//390
f 2897//391 2899//391 2886//391
f 2888//392 2897//392 2887//392
f 2891//393 2895//393 2894//393
f 2901//394 2900//394 2893//394
f 2900//395 2898//395 2893//395
f 2891//396 2894//396 2890//396
f 2911//397 2901//397 2914//397
f 2914//398 2901//398 2913//398
f 2916//399 2911//399 2914//399
f 2929//400 2918//400 2917//400
f 2917//401 2916//401 2927//401
f 2916//402 2914//402 2915//402
f 2898//403 2891//403 2892//403
f 2928//404 2929//404 2917//404
f 2927//405 2928//405 2917//405
f 2913//406 2901//406 2893//406
f 2927//407 2916//407 2915//407
f 2926//408 2927//408 2915//408
f 2925//409 2926//409 2923//409
f 2919//410 2926//410 2915//410
f 2923//411 2924//411 2925//411
f 2919//412 2923//412 2926//412
f 2921//413 2922//413 2920//413
f 2907//414 2908//414 2910//414
f 2910//415 2909//415 2868//415
f 2868//416 2866//416 2910//416
f 2866//417 2905//417 2907//417
f 2910//418 2866//418 2907//418
f 2906//419 2907//419 2905//419
f 2906//420 2905//420 2889//420
f 2871//421 2870//421 2876//421
f 2870//422 2875//422 2876//422
f 2899//423 2889//423 2871//423
f 2894//424 2888//424 2890//424
f 2899//425 2871//425 2886//425
f 2897//426 2886//426 2887//426
f 2876//427 2877//427 2885//427
f 2877//428 2884//428 2885//428
f 2885//429 2886//429 2876//429
f 2871//430 2876//430 2886//430
f 2921//431 2920//431 2919//431
f 2915//432 2921//432 2919//432
f 2891//433 2890//433 2892//433
f 2893//434 2898//434 2892//434
f 2884//435 2877//435 2872//435
f 2872//436 2875//436 2867//436
f 2875//437 2870//437 2867//437
f 2870//438 2865//438 2867//438
f 2883//439 2884//439 2872//439
f 2880//440 2882//440 2881//440
f 2881//441 2883//441 2880//441
f 2883//442 2872//442 2869//442
f 2865//443 2864//443 2854//443
f 2872//444 2867//444 2869//444
f 2864//445 2866//445 2868//445
f 2864//446 2868//446 2850//446
f 2883//447 2869//447 2873//447
f 2878//448 2880//448 2874//448
f 2873//449 2880//449 2883//449
f 2874//450 2879//450 2878//450
f 2873//451 2874//451 2880//451
f 2864//452 2850//452 2854//452
f 2850//453 2845//453 2852//453
f 2854//454 2850//454 2852//454
f 2853//455 2856//455 2857//455
f 2855//456 2858//456 2851//456
f 2858//457 2862//457 2859//457
f 2853//458 2857//458 2849//458
f 2857//459 2855//459 2849//459
f 2858//460 2859//460 2851//460
f 2862//461 2863//461 2860//461
f 2860//462 2861//462 2859//462
f 2862//463 2860//463 2859//463
f 2847//464 2849//464 2848//464
f 2849//465 2855//465 2851//465
f 2846//466 2847//466 2848//466
f 2849//467 2851//467 2848//467
f 2848//468 2843//468 2846//468
f 2843//469 2840//469 2844//469
f 2846//470 2843//470 2844//470
f 2844//471 2852//471 2845//471
f 2845//472 2846//472 2844//472
f 2833//473 2839//473 2835//473
f 2839//474 2837//474 2835//474
f 2834//475 2830//475 2832//475
f 2832//476 2833//476 2831//476
f 2833//477 2835//477 2831//477
f 2806//478 2809//478 2807//478
f 2809//479 2810//479 2807//479
f 2805//480 2804//480 2806//480
f 2800//481 2802//481 2808//481
f 2802//482 2803//482 2818//482
f 2803//483 2815//483 2814//483
f 2814//484 2813//484 2803//484
f 2813//485 2819//485 2803//485
f 2819//486 2818//486 2803//486
f 2802//487 2818//487 2808//487
f 2798//488 2797//488 2799//488
f 2799//489 2800//489 2804//489
f 2805//490 2798//490 2799//490
f 2804//491 2805//491 2799//491
f 2800//492 2808//492 2804//492
f 2818//493 2820//493 2808//493
f 2820//494 2841//494 2838//494
f 2808//495 2820//495 2812//495
f 2810//496 2809//496 2812//496
f 2812//497 2820//497 2838//497
f 2811//498 2810//498 2812//498
f 2842//499 2843//499 2840//499
f 2841//500 2842//500 2837//500
f 2838//501 2841//501 2837//501
f 2816//502 2811//502 2838//502
f 2811//503 2812//503 2838//503
f 2821//504 2817//504 2836//504
f 2817//505 2816//505 2836//505
f 2822//506 2821//506 2834//506
f 2842//507 2840//507 2839//507
f 2839//508 2837//508 2842//508
f 2836//509 2834//509 2821//509
f 2834//510 2830//510 2822//510
f 2830//511 2826//511 2822//511
f 2826//512 2828//512 2825//512
f 2823//513 2826//513 2825//513
f 2816//514 2838//514 2836//514
f 2823//515 2822//515 2826//515
f 2825//516 2824//516 2823//516
f 2828//517 2829//517 2827//517
f 2776//518 2773//518 2774//518
f 2778//519 2768//519 2780//519
f 2768//520 3116//520 2780//520
f 2776//521 2774//521 2778//521
f 2784//522 2783//522 2781//522
f 2783//523 2782//523 2781//523
f 2789//524 2788//524 2787//524
f 2788//525 2786//525 2787//525
f 2784//526 2781//526 2779//526
f 2781//527 2772//527 2779//527
f 2791//528 2789//528 2790//528
f 2786//529 2784//529 2785//529
f 2785//530 2784//530 2779//530
f 2771//531 2770//531 2769//531
f 2771//532 2769//532 2765//532
f 2765//533 2759//533 2764//533
f 2759//534 2766//534 2763//534
f 2759//535 2763//535 2764//535
f 2771//536 2765//536 2767//536
f 2765//537 2764//537 2767//537
f 2772//538 2771//538 2777//538
f 2767//539 2774//539 2773//539
f 2771//540 2767//540 2775//540
f 2793//541 2791//541 2792//541
f 2789//542 2787//542 2790//542
f 2771//543 2775//543 2777//543
f 2767//544 2773//544 2775//544
f 2795//545 2793//545 2794//545
f 2792//546 2791//546 2790//546
f 2777//547 2779//547 2772//547
f 2797//548 2795//548 2796//548
f 2797//549 2796//549 2798//549
f 2785//550 2787//550 2786//550
f 2794//551 2796//551 2795//551
f 2725//552 2723//552 2722//552
f 2722//553 2724//553 2725//553
f 2724//554 2726//554 2725//554
f 2726//555 2727//555 2728//555
f 2727//556 2729//556 2730//556
f 2729//557 2731//557 2732//557
f 2733//558 2736//558 2735//558
f 2736//559 2738//559 2737//559
f 2729//560 2732//560 2730//560
f 2732//561 2733//561 2734//561
f 2730//562 2732//562 2734//562
f 2727//563 2730//563 2728//563
f 2736//564 2737//564 2735//564
f 2738//565 2739//565 2740//565
f 2737//566 2738//566 2740//566
f 2739//567 2742//567 2740//567
f 2742//568 2744//568 2743//568
f 2746//569 2748//569 2747//569
f 2748//570 2750//570 2749//570
f 2747//571 2748//571 2749//571
f 2744//572 2746//572 2745//572
f 2751//573 2753//573 2754//573
f 2753//574 2755//574 2754//574
f 2746//575 2747//575 2745//575
f 2750//576 2751//576 2752//576
f 2750//577 2752//577 2749//577
f 2755//578 2757//578 2756//578
f 2761//579 2762//579 3115//579
f 2762//580 3112//580 3114//580
f 3115//581 2762//581 3114//581
f 3112//582 3113//582 3114//582
f 3115//583 3116//583 2766//583
f 3116//584 2768//584 2766//584
f 2760//585 2761//585 2766//585
f 2761//586 3115//586 2766//586
f 2766//587 2759//587 2758//587
f 2758//588 2756//588 2760//588
f 2756//589 2754//589 2755//589
f 2766//590 2758//590 2760//590
f 2756//591 2757//591 2760//591
f 2754//592 2752//592 2751//592
f 2745//593 2743//593 2744//593
f 2743//594 2741//594 2742//594
f 2741//595 2740//595 2742//595
f 2728//596 2725//596 2726//596
f 3103//597 3105//597 3106//597
f 3105//598 3107//598 3106//598
f 3102//599 3099//599 3101//599
f 3101//600 3107//600 3112//600
f 3107//601 3105//601 3109//601
f 3105//602 3110//602 3109//602
f 3110//603 3111//603 3109//603
f 3109//604 3112//604 3107//604
f 3112//605 2762//605 3102//605
f 3101//606 3099//606 3097//606
f 3099//607 3100//607 3098//607
f 3098//608 3073//608 3097//608
f 3073//609 3096//609 3097//609
f 3096//610 3073//610 3072//610
f 3072//611 3070//611 3069//611
f 3070//612 3071//612 3069//612
f 3069//613 3064//613 3075//613
f 3064//614 3063//614 3075//614
f 3094//615 3096//615 3095//615
f 3096//616 3072//616 3088//616
f 3088//617 3095//617 3096//617
f 3077//618 3086//618 3076//618
f 3086//619 3087//619 3076//619
f 3087//620 3088//620 3072//620
f 3072//621 3069//621 3076//621
f 3063//622 3061//622 3065//622
f 3061//623 3060//623 3065//623
f 3060//624 3059//624 3065//624
f 3059//625 3055//625 3065//625
f 3055//626 3058//626 3057//626
f 3057//627 3056//627 3054//627
f 3056//628 3053//628 3054//628
f 3053//629 3049//629 3042//629
f 3054//630 3053//630 3042//630
f 3055//631 3057//631 3054//631
f 3065//632 3055//632 3062//632
f 3069//633 3075//633 3076//633
f 3075//634 3063//634 3074//634
f 3076//635 3087//635 3072//635
f 3068//636 3074//636 3063//636
f 3063//637 3065//637 3068//637
f 3055//638 3054//638 3062//638
f 3049//639 3050//639 3041//639
f 3051//640 3052//640 3048//640
f 3066//641 3065//641 3062//641
f 3050//642 3051//642 3045//642
f 3051//643 3048//643 3045//643
f 3048//644 3046//644 3047//644
f 3048//645 3047//645 3045//645
f 3044//646 3043//646 3040//646
f 3050//647 3045//647 3044//647
f 3062//648 3067//648 3066//648
f 3050//649 3044//649 3041//649
f 3044//650 3040//650 3039//650
f 3044//651 3039//651 3041//651
f 3040//652 3037//652 3039//652
f 3042//653 3049//653 3041//653
f 3037//654 3035//654 3036//654
f 3039//655 3037//655 3038//655
f 3036//656 3038//656 3037//656
f 3033//657 3034//657 3036//657
f 3036//658 3035//658 3033//658
f 3035//659 3032//659 3033//659
f 3031//660 3033//660 3029//660
f 3030//661 3028//661 3029//661
f 3028//662 3031//662 3029//662
f 3033//663 3032//663 3029//663
f 3032//664 3026//664 3027//664
f 3027//665 3029//665 3032//665
f 3022//666 3024//666 3026//666
f 3024//667 3027//667 3026//667
f 3021//668 3023//668 3022//668
f 3014//669 3018//669 3016//669
f 3018//670 3017//670 3016//670
f 3017//671 3021//671 3019//671
f 3021//672 3022//672 3025//672
f 3025//673 3022//673 3026//673
f 3015//674 3014//674 3013//674
f 3016//675 3013//675 3014//675
f 3025//676 3020//676 3021//676
f 3020//677 3019//677 3021//677
f 3144//678 3147//678 3146//678
f 3145//679 3125//679 3142//679
f 3144//680 3146//680 3145//680
f 3085//681 3086//681 3080//681
f 3086//682 3077//682 3080//682
f 3090//683 3085//683 3084//683
f 3085//684 3080//684 3084//684
f 3079//685 3074//685 3078//685
f 3074//686 3068//686 3081//686
f 3078//687 3074//687 3081//687
f 3080//688 3079//688 3078//688
f 3084//689 3080//689 3078//689
f 3094//690 3095//690 3091//690
f 3094//691 3091//691 3103//691
f 3091//692 3090//692 3108//692
f 3103//693 3104//693 3094//693
f 3135//694 3137//694 3108//694
f 3108//695 3103//695 3091//695
f 3138//696 3135//696 3108//696
f 3123//697 3124//697 3125//697
f 3124//698 3139//698 3125//698
f 3139//699 3138//699 3090//699
f 3138//700 3108//700 3090//700
f 3068//701 3083//701 3081//701
f 3083//702 3082//702 3081//702
f 3140//703 3142//703 3125//703
f 3140//704 3125//704 3139//704
f 3140//705 3139//705 3089//705
f 3139//706 3090//706 3089//706
f 3141//707 3140//707 3092//707
f 3089//708 3093//708 3092//708
f 3090//709 3084//709 3089//709
f 3140//710 3089//710 3092//710
f 3092//711 3143//711 3141//711
f 3149//712 3158//712 3157//712
f 3143//713 3149//713 3148//713
f 3149//714 3157//714 3151//714
f 3148//715 3149//715 3151//715
f 3157//716 3156//716 3151//716
f 3151//717 3152//717 3146//717
f 3152//718 3153//718 3146//718
f 3153//719 3154//719 3155//719
f 3150//720 3146//720 3153//720
f 3146//721 3147//721 3151//721
f 3153//722 3155//722 3150//722
f 3141//723 3143//723 3148//723
f 3137//724 3135//724 3134//724
f 3137//725 3134//725 3136//725
f 3134//726 3133//726 3136//726
f 3131//727 3136//727 3133//727
f 3129//728 3132//728 3131//728
f 3130//729 3127//729 3204//729
f 3127//730 3128//730 3204//730
f 3128//731 3129//731 3122//731
f 3129//732 3131//732 3122//732
f 3128//733 3122//733 3120//733
f 3126//734 3124//734 3123//734
f 3131//735 3133//735 3122//735
f 3133//736 3126//736 3122//736
f 3204//737 3128//737 3118//737
f 3201//738 3200//738 3130//738
f 3203//739 3202//739 3130//739
f 3202//740 3201//740 3130//740
f 3204//741 3203//741 3130//741
f 3126//742 3123//742 3122//742
f 3118//743 3128//743 3120//743
f 3117//744 3119//744 3118//744
f 3118//745 3120//745 3117//745
f 2666//746 2669//746 2667//746
f 2669//747 2668//747 2667//747
f 2668//748 2671//748 2670//748
f 2667//749 2668//749 2670//749
f 2662//750 2665//750 2663//750
f 2665//751 2666//751 2664//751
f 2663//752 2665//752 2664//752
f 2648//753 2649//753 2650//753
f 2649//754 2662//754 2650//754
f 2652//755 2650//755 2662//755
f 2667//756 2664//756 2666//756
f 2663//757 2652//757 2662//757
f 2672//758 2670//758 2671//758
f 2675//759 2673//759 2672//759
f 2674//760 2677//760 2676//760
f 2672//761 2671//761 2674//761
f 2675//762 2672//762 2674//762
f 2674//763 2676//763 2675//763
f 2676//764 2678//764 2675//764
f 2678//765 2679//765 2675//765
f 2679//766 2680//766 2675//766
f 2680//767 2683//767 2684//767
f 2683//768 2682//768 2684//768
f 2686//769 2687//769 2691//769
f 2687//770 2688//770 2691//770
f 2682//771 2686//771 2689//771
f 2682//772 2689//772 2684//772
f 2688//773 2696//773 2692//773
f 2696//774 2697//774 2693//774
f 2698//775 2700//775 2695//775
f 2700//776 2701//776 2695//776
f 2699//777 2701//777 2708//777
f 2696//778 2693//778 2692//778
f 2697//779 2698//779 2694//779
f 2693//780 2697//780 2694//780
f 2675//781 2680//781 2681//781
f 2681//782 2680//782 2684//782
f 2684//783 2685//783 2681//783
f 2701//784 2699//784 2695//784
f 2701//785 2702//785 2707//785
f 2702//786 2703//786 2705//786
f 2702//787 2705//787 2706//787
f 2703//788 2704//788 2705//788
f 2686//789 2691//789 2690//789
f 2691//790 2688//790 2692//790
f 2690//791 2689//791 2686//791
f 2695//792 2694//792 2698//792
f 2708//793 2701//793 2707//793
f 2706//794 2707//794 2702//794
f 2704//795 2710//795 2709//795
f 2709//796 2705//796 2704//796
f 2713//797 2712//797 2711//797
f 2712//798 2709//798 2710//798
f 2711//799 2712//799 2710//799
f 2718//800 2717//800 2715//800
f 2715//801 2713//801 2714//801
f 2716//802 2718//802 2715//802
f 2721//803 2720//803 2719//803
f 2720//804 2716//804 2719//804
f 2713//805 2711//805 2714//805
f 2714//806 2719//806 2716//806
f 2638//807 2637//807 2639//807
f 2637//808 2635//808 2639//808
f 2639//809 2641//809 2640//809
f 2643//810 2642//810 2640//810
f 2642//811 2638//811 2640//811
f 2638//812 2639//812 2640//812
f 2640//813 2644//813 2643//813
f 2651//814 2634//814 2653//814
f 2634//815 2654//815 2653//815
f 2653//816 2649//816 2651//816
f 2649//817 2648//817 2651//817
f 2647//818 2651//818 2648//818
f 2647//819 2648//819 2645//819
f 2645//820 2643//820 2644//820
f 2646//821 2647//821 2645//821
f 2656//822 2654//822 2655//822
f 2654//823 2634//823 2655//823
f 2632//824 2629//824 2630//824
f 2629//825 2628//825 2630//825
f 2634//826 2632//826 2631//826
f 2655//827 2634//827 2631//827
f 2659//828 2657//828 2658//828
f 2657//829 2656//829 2655//829
f 2658//830 2657//830 2655//830
f 2661//831 2660//831 2659//831
f 2658//832 2661//832 2659//832
f 2628//833 2627//833 2626//833
f 2627//834 2624//834 2625//834
f 2630//835 2631//835 2632//835
f 2625//836 2626//836 2627//836
f 2626//837 2630//837 2628//837
f 2621//838 2622//838 2624//838
f 2612//839 2613//839 2614//839
f 2613//840 2617//840 2618//840
f 2614//841 2613//841 2618//841
f 2620//842 2622//842 2619//842
f 2622//843 2621//843 2619//843
f 2617//844 2620//844 2619//844
f 2590//845 2612//845 2608//845
f 2619//846 2618//846 2617//846
f 2612//847 2614//847 2611//847
f 2612//848 2611//848 2608//848
f 2589//849 2587//849 2588//849
f 2589//850 2588//850 2590//850
f 2601//851 2600//851 2602//851
f 2600//852 2592//852 2602//852
f 2592//853 2589//853 2606//853
f 2589//854 2590//854 2605//854
f 2590//855 2608//855 2605//855
f 2608//856 2604//856 2605//856
f 2589//857 2605//857 2606//857
f 2603//858 2601//858 2602//858
f 2606//859 2602//859 2592//859
f 2604//860 2609//860 2607//860
f 2605//861 2604//861 2607//861
f 2609//862 2615//862 2610//862
f 2610//863 2607//863 2609//863
f 2623//864 2616//864 2633//864
f 2616//865 2610//865 2615//865
f 2635//866 2637//866 2623//866
f 2633//867 2636//867 2623//867
f 2636//868 2635//868 2623//868
f 2591//869 2600//869 2599//869
f 2600//870 2601//870 2599//870
f 2599//871 2598//871 2591//871
f 2598//872 2599//872 2597//872
f 2595//873 2583//873 2594//873
f 2596//874 2598//874 2597//874
f 2595//875 2594//875 2596//875
f 2575//876 2574//876 2576//876
f 2574//877 2573//877 2576//877
f 2577//878 2578//878 2579//878
f 2578//879 2582//879 2580//879
f 2580//880 2582//880 2581//880
f 2573//881 2577//881 2576//881
f 2580//882 2579//882 2578//882
f 2579//883 2576//883 2577//883
f 2582//884 2585//884 2584//884
f 2581//885 2582//885 2583//885
f 2585//886 2586//886 2587//886
f 2586//887 2588//887 2587//887
f 2587//888 2584//888 2585//888
f 2584//889 2591//889 2593//889
f 2593//890 2594//890 2583//890
f 2593//891 2583//891 2584//891
f 648//892 644//892 646//892
f 651//893 653//893 654//893
f 653//894 652//894 655//894
f 654//895 653//895 655//895
f 648//896 646//896 651//896
f 716//897 714//897 712//897
f 714//898 713//898 712//898
f 716//899 712//899 717//899
f 717//900 719//900 718//900
f 718//901 720//901 721//901
f 722//902 723//902 724//902
f 718//903 721//903 662//903
f 721//904 722//904 662//904
f 716//905 717//905 718//905
f 662//906 716//906 718//906
f 722//907 724//907 726//907
f 662//908 722//908 645//908
f 724//909 725//909 726//909
f 726//910 641//910 645//910
f 645//911 722//911 726//911
f 663//912 662//912 645//912
f 664//913 663//913 658//913
f 639//914 640//914 634//914
f 640//915 636//915 637//915
f 663//916 645//916 656//916
f 641//917 639//917 638//917
f 645//918 641//918 642//918
f 667//919 666//919 668//919
f 666//920 665//920 668//920
f 665//921 664//921 661//921
f 640//922 637//922 634//922
f 632//923 631//923 633//923
f 637//924 632//924 634//924
f 663//925 656//925 658//925
f 635//926 639//926 634//926
f 632//927 633//927 634//927
f 639//928 635//928 638//928
f 642//929 641//929 638//929
f 650//930 652//930 653//930
f 649//931 646//931 647//931
f 646//932 644//932 638//932
f 650//933 653//933 649//933
f 647//934 650//934 649//934
f 646//935 638//935 647//935
f 644//936 643//936 638//936
f 643//937 642//937 638//937
f 659//938 664//938 658//938
f 656//939 657//939 658//939
f 664//940 659//940 660//940
f 672//941 667//941 669//941
f 665//942 661//942 668//942
f 660//943 661//943 664//943
f 668//944 669//944 667//944
f 669//945 670//945 672//945
f 670//946 671//946 673//946
f 672//947 670//947 673//947
f 677//948 676//948 674//948
f 674//949 672//949 673//949
f 673//950 675//950 674//950
f 679//951 680//951 678//951
f 680//952 683//952 681//952
f 678//953 680//953 681//953
f 677//954 674//954 675//954
f 677//955 675//955 679//955
f 682//956 681//956 683//956
f 678//957 677//957 679//957
f 683//958 684//958 682//958
f 684//959 685//959 682//959
f 691//960 688//960 692//960
f 688//961 686//961 690//961
f 692//962 688//962 690//962
f 686//963 682//963 685//963
f 687//964 689//964 690//964
f 686//965 685//965 687//965
f 693//966 691//966 692//966
f 699//967 698//967 700//967
f 698//968 695//968 696//968
f 695//969 693//969 694//969
f 694//970 693//970 692//970
f 686//971 687//971 690//971
f 698//972 696//972 700//972
f 696//973 695//973 694//973
f 702//974 699//974 701//974
f 694//975 697//975 696//975
f 700//976 701//976 699//976
f 701//977 704//977 702//977
f 704//978 706//978 705//978
f 704//979 705//979 703//979
f 702//980 704//980 703//980
f 709//981 708//981 710//981
f 708//982 703//982 705//982
f 707//983 708//983 705//983
f 707//984 711//984 710//984
f 617//985 625//985 623//985
f 625//986 622//986 623//986
f 623//987 624//987 617//987
f 624//988 611//988 609//988
f 608//989 600//989 611//989
f 600//990 609//990 611//990
f 615//991 613//991 614//991
f 613//992 610//992 612//992
f 612//993 607//993 608//993
f 607//994 605//994 606//994
f 607//995 612//995 610//995
f 602//996 607//996 606//996
f 621//997 620//997 627//997
f 620//998 618//998 627//998
f 607//999 602//999 608//999
f 618//1000 615//1000 616//1000
f 614//1001 613//1001 612//1001
f 602//1002 592//1002 600//1002
f 592//1003 598//1003 600//1003
f 626//1004 627//1004 618//1004
f 630//1005 629//1005 622//1005
f 629//1006 628//1006 622//1006
f 628//1007 626//1007 619//1007
f 626//1008 618//1008 616//1008
f 619//1009 626//1009 616//1009
f 600//1010 608//1010 602//1010
f 580//1011 582//1011 581//1011
f 582//1012 584//1012 583//1012
f 581//1013 582//1013 583//1013
f 615//1014 614//1014 616//1014
f 622//1015 625//1015 630//1015
f 625//1016 583//1016 630//1016
f 619//1017 622//1017 628//1017
f 603//1018 604//1018 601//1018
f 604//1019 599//1019 598//1019
f 601//1020 604//1020 592//1020
f 597//1021 596//1021 593//1021
f 596//1022 595//1022 594//1022
f 593//1023 596//1023 594//1023
f 599//1024 597//1024 598//1024
f 606//1025 605//1025 601//1025
f 605//1026 603//1026 601//1026
f 598//1027 592//1027 604//1027
f 597//1028 593//1028 598//1028
f 590//1029 598//1029 591//1029
f 591//1030 598//1030 593//1030
f 589//1031 585//1031 586//1031
f 585//1032 587//1032 579//1032
f 586//1033 585//1033 581//1033
f 591//1034 589//1034 590//1034
f 587//1035 588//1035 578//1035
f 590//1036 589//1036 586//1036
f 580//1037 581//1037 579//1037
f 579//1038 581//1038 585//1038
f 1//1039 3//1039 2//1039
f 2//1040 4//1040 1//1040
f 4//1041 6//1041 7//1041
f 1//1042 4//1042 5//1042
f 9//1043 11//1043 10//1043
f 11//1044 14//1044 13//1044
f 13//1045 14//1045 16//1045
f 14//1046 15//1046 16//1046
f 10//1047 11//1047 12//1047
f 5//1048 4//1048 7//1048
f 23//1049 24//1049 25//1049
f 24//1050 26//1050 27//1050
f 25//1051 24//1051 27//1051
f 26//1052 29//1052 28//1052
f 29//1053 31//1053 30//1053
f 28//1054 29//1054 30//1054
f 31//1055 34//1055 33//1055
f 33//1056 32//1056 31//1056
f 32//1057 30//1057 31//1057
f 28//1058 27//1058 26//1058
f 15//1059 23//1059 19//1059
f 8//1060 7//1060 9//1060
f 7//1061 6//1061 9//1061
f 13//1062 12//1062 11//1062
f 10//1063 8//1063 9//1063
f 23//1064 25//1064 22//1064
f 23//1065 22//1065 19//1065
f 19//1066 21//1066 20//1066
f 20//1067 18//1067 19//1067
f 18//1068 17//1068 16//1068
f 18//1069 16//1069 19//1069
f 46//1070 47//1070 49//1070
f 47//1071 50//1071 48//1071
f 47//1072 48//1072 49//1072
f 50//1073 52//1073 51//1073
f 48//1074 50//1074 51//1074
f 44//1075 45//1075 43//1075
f 45//1076 46//1076 43//1076
f 41//1077 44//1077 42//1077
f 44//1078 43//1078 42//1078
f 43//1079 46//1079 49//1079
f 62//1080 65//1080 64//1080
f 66//1081 67//1081 61//1081
f 67//1082 68//1082 63//1082
f 61//1083 67//1083 63//1083
f 62//1084 64//1084 66//1084
f 57//1085 62//1085 60//1085
f 62//1086 66//1086 61//1086
f 68//1087 71//1087 73//1087
f 71//1088 74//1088 73//1088
f 62//1089 61//1089 60//1089
f 54//1090 57//1090 55//1090
f 68//1091 73//1091 69//1091
f 68//1092 69//1092 70//1092
f 69//1093 75//1093 72//1093
f 68//1094 70//1094 63//1094
f 75//1095 79//1095 77//1095
f 79//1096 80//1096 78//1096
f 77//1097 79//1097 78//1097
f 77//1098 76//1098 75//1098
f 76//1099 72//1099 75//1099
f 72//1100 70//1100 69//1100
f 37//1101 36//1101 35//1101
f 40//1102 38//1102 35//1102
f 38//1103 37//1103 35//1103
f 42//1104 40//1104 41//1104
f 53//1105 51//1105 52//1105
f 55//1106 56//1106 54//1106
f 56//1107 53//1107 54//1107
f 59//1108 58//1108 60//1108
f 58//1109 55//1109 57//1109
f 60//1110 58//1110 57//1110
f 54//1111 53//1111 52//1111
f 40//1112 35//1112 39//1112
f 103//1113 104//1113 102//1113
f 104//1114 101//1114 102//1114
f 100//191 98//191 97//191
f 98//1115 96//1115 97//1115
f 99//1116 102//1116 100//1116
f 102//1117 101//1117 100//1117
f 84//1118 96//1118 95//1118
f 96//1119 97//1119 95//1119
f 95//1120 92//1120 84//1120
f 92//1121 93//1121 84//1121
f 78//1122 80//1122 82//1122
f 80//1122 84//1122 82//1122
f 83//1123 82//1123 81//1123
f 87//1124 86//1124 85//1124
f 86//1125 83//1125 85//1125
f 82//1126 84//1126 93//1126
f 81//1127 82//1127 93//1127
f 94//1128 93//1128 92//1128
f 106//1129 103//1129 105//1129
f 103//1130 104//1130 105//1130
f 94//1131 92//1131 106//1131
f 109//1132 94//1132 108//1132
f 94//1133 106//1133 107//1133
f 106//1134 105//1134 107//1134
f 94//1135 107//1135 108//1135
f 108//1136 112//1136 109//1136
f 112//1137 113//1137 109//1137
f 111//1138 109//1138 113//1138
f 91//1139 111//1139 114//1139
f 111//1140 113//1140 139//1140
f 165//1141 113//1141 166//1141
f 166//1142 168//1142 169//1142
f 113//1143 165//1143 164//1143
f 165//1144 166//1144 169//1144
f 87//1145 85//1145 88//1145
f 165//1146 169//1146 167//1146
f 89//1147 87//1147 88//1147
f 169//1148 170//1148 171//1148
f 111//1149 139//1149 110//1149
f 89//1150 88//1150 90//1150
f 88//1151 91//1151 90//1151
f 117//1152 116//1152 118//1152
f 116//1153 90//1153 118//1153
f 171//1154 167//1154 169//1154
f 90//1155 91//1155 115//1155
f 115//1156 118//1156 90//1156
f 111//1157 110//1157 114//1157
f 164//1158 162//1158 139//1158
f 162//1159 161//1159 141//1159
f 114//1160 115//1160 91//1160
f 161//1161 160//1161 157//1161
f 141//1162 138//1162 139//1162
f 138//1163 137//1163 139//1163
f 161//1164 157//1164 141//1164
f 162//1165 141//1165 139//1165
f 124//1166 121//1166 119//1166
f 121//1167 120//1167 119//1167
f 120//1168 116//1168 117//1168
f 120//1169 117//1169 119//1169
f 123//1170 124//1170 122//1170
f 131//1171 128//1171 146//1171
f 128//1172 126//1172 127//1172
f 131//1173 146//1173 143//1173
f 124//1174 119//1174 122//1174
f 130//1175 131//1175 143//1175
f 126//1176 123//1176 125//1176
f 123//1177 122//1177 125//1177
f 143//1178 146//1178 142//1178
f 126//1179 125//1179 127//1179
f 128//1180 127//1180 129//1180
f 146//1181 128//1181 129//1181
f 155//1182 154//1182 149//1182
f 154//1183 145//1183 147//1183
f 145//1184 142//1184 144//1184
f 144//1185 142//1185 146//1185
f 156//1186 155//1186 475//1186
f 154//1187 147//1187 149//1187
f 474//1188 159//1188 156//1188
f 476//1189 475//1189 155//1189
f 475//1190 474//1190 156//1190
f 481//1191 479//1191 480//1191
f 479//1192 477//1192 478//1192
f 478//1193 480//1193 479//1193
f 477//1194 476//1194 158//1194
f 158//1195 476//1195 149//1195
f 129//1196 133//1196 132//1196
f 478//1197 477//1197 158//1197
f 149//1198 476//1198 155//1198
f 135//1199 137//1199 136//1199
f 137//1200 138//1200 136//1200
f 133//1201 135//1201 134//1201
f 135//1202 136//1202 134//1202
f 145//1203 144//1203 147//1203
f 133//1204 134//1204 132//1204
f 129//1205 132//1205 148//1205
f 146//1206 129//1206 148//1206
f 132//1207 140//1207 148//1207
f 153//1208 157//1208 160//1208
f 148//1209 140//1209 150//1209
f 140//1210 153//1210 150//1210
f 152//1211 151//1211 153//1211
f 151//1212 150//1212 153//1212
f 153//1213 160//1213 152//1213
f 160//1214 163//1214 152//1214
f 172//1215 167//1215 171//1215
f 163//1216 172//1216 173//1216
f 172//1217 171//1217 173//1217
f 173//1218 174//1218 163//1218
f 174//1219 175//1219 152//1219
f 182//1220 181//1220 183//1220
f 181//1221 180//1221 186//1221
f 176//1222 178//1222 177//1222
f 184//1223 182//1223 192//1223
f 181//1224 186//1224 183//1224
f 180//1225 176//1225 179//1225
f 176//1226 177//1226 485//1226
f 180//1227 179//1227 187//1227
f 177//1228 487//1228 488//1228
f 489//1229 493//1229 494//1229
f 177//1230 488//1230 483//1230
f 489//1231 494//1231 495//1231
f 179//1232 176//1232 485//1232
f 488//1233 489//1233 486//1233
f 189//1234 185//1234 200//1234
f 185//1235 184//1235 197//1235
f 200//1236 185//1236 197//1236
f 182//1237 183//1237 190//1237
f 489//1238 495//1238 491//1238
f 495//1239 496//1239 492//1239
f 498//1240 499//1240 497//1240
f 499//1241 501//1241 500//1241
f 497//1242 499//1242 500//1242
f 495//1243 492//1243 491//1243
f 496//1244 498//1244 497//1244
f 204//1245 201//1245 200//1245
f 201//1246 189//1246 200//1246
f 496//1247 497//1247 492//1247
f 186//1248 180//1248 187//1248
f 209//1249 207//1249 199//1249
f 207//1250 203//1250 199//1250
f 203//1251 200//1251 198//1251
f 200//1252 197//1252 198//1252
f 501//1253 503//1253 502//1253
f 503//1254 506//1254 504//1254
f 506//1255 507//1255 505//1255
f 507//1256 510//1256 508//1256
f 505//1257 507//1257 508//1257
f 512//1258 514//1258 513//1258
f 514//1259 516//1259 518//1259
f 514//1260 518//1260 513//1260
f 520//1261 521//1261 519//1261
f 521//1262 461//1262 519//1262
f 518//1263 520//1263 517//1263
f 517//1264 520//1264 519//1264
f 510//1265 512//1265 511//1265
f 518//1266 517//1266 513//1266
f 483//1267 488//1267 486//1267
f 198//1268 199//1268 203//1268
f 461//1269 463//1269 459//1269
f 519//1270 461//1270 462//1270
f 196//1271 195//1271 194//1271
f 195//1272 197//1272 194//1272
f 463//1273 464//1273 458//1273
f 466//1274 468//1274 467//1274
f 468//1275 470//1275 469//1275
f 194//1276 197//1276 184//1276
f 190//1277 193//1277 192//1277
f 192//1278 194//1278 184//1278
f 159//1279 474//1279 473//1279
f 473//1280 471//1280 472//1280
f 471//1281 469//1281 470//1281
f 472//1282 471//1282 470//1282
f 467//1283 465//1283 466//1283
f 465//1284 458//1284 464//1284
f 472//1285 159//1285 473//1285
f 468//1286 469//1286 467//1286
f 191//1287 190//1287 183//1287
f 190//1288 192//1288 182//1288
f 464//1289 466//1289 465//1289
f 458//1290 460//1290 459//1290
f 463//1291 458//1291 459//1291
f 459//1292 462//1292 461//1292
f 179//1293 188//1293 187//1293
f 511//1294 512//1294 513//1294
f 517//1295 515//1295 513//1295
f 482//1296 484//1296 483//1296
f 484//1297 485//1297 483//1297
f 491//1298 490//1298 489//1298
f 490//1299 486//1299 489//1299
f 483//1300 485//1300 177//1300
f 511//1301 509//1301 510//1301
f 509//1302 508//1302 510//1302
f 506//1303 505//1303 504//1303
f 503//1304 504//1304 502//1304
f 210//1305 207//1305 211//1305
f 207//1306 209//1306 211//1306
f 211//1307 212//1307 208//1307
f 206//1308 210//1308 208//1308
f 210//1309 211//1309 208//1309
f 208//1310 202//1310 205//1310
f 202//1311 201//1311 204//1311
f 205//1312 202//1312 204//1312
f 225//1313 222//1313 221//1313
f 222//1314 219//1314 221//1314
f 576//1315 577//1315 572//1315
f 577//1316 221//1316 572//1316
f 567//1317 569//1317 215//1317
f 569//1318 572//1318 215//1318
f 221//1319 219//1319 212//1319
f 219//1320 216//1320 212//1320
f 217//1321 218//1321 214//1321
f 572//1322 221//1322 213//1322
f 213//1323 221//1323 212//1323
f 216//1324 217//1324 214//1324
f 214//1325 208//1325 212//1325
f 214//1326 212//1326 216//1326
f 559//1327 558//1327 557//1327
f 558//1328 552//1328 557//1328
f 552//1329 549//1329 551//1329
f 549//1330 548//1330 550//1330
f 551//1331 549//1331 550//1331
f 551//1332 554//1332 552//1332
f 554//1333 555//1333 557//1333
f 555//1334 553//1334 557//1334
f 566//1335 569//1335 567//1335
f 564//1336 562//1336 563//1336
f 562//1337 560//1337 561//1337
f 566//1338 567//1338 564//1338
f 568//1339 566//1339 564//1339
f 560//1340 558//1340 559//1340
f 560//1341 559//1341 561//1341
f 575//1342 574//1342 230//1342
f 574//1343 571//1343 573//1343
f 577//1344 576//1344 230//1344
f 576//1345 575//1345 230//1345
f 239//1346 577//1346 230//1346
f 222//1347 225//1347 224//1347
f 225//1348 226//1348 224//1348
f 220//1349 224//1349 223//1349
f 224//1350 226//1350 223//1350
f 218//1351 217//1351 220//1351
f 230//1352 228//1352 239//1352
f 228//1353 227//1353 239//1353
f 227//1354 223//1354 226//1354
f 223//1355 218//1355 220//1355
f 227//1356 226//1356 239//1356
f 573//1357 230//1357 574//1357
f 562//1358 561//1358 563//1358
f 568//1359 564//1359 556//1359
f 564//1360 563//1360 565//1360
f 565//1361 553//1361 556//1361
f 553//1362 555//1362 556//1362
f 564//1363 565//1363 556//1363
f 571//1364 568//1364 570//1364
f 568//1365 556//1365 570//1365
f 240//1366 241//1366 237//1366
f 237//1367 236//1367 235//1367
f 236//1368 234//1368 235//1368
f 232//1369 223//1369 229//1369
f 223//1370 227//1370 229//1370
f 240//1371 237//1371 235//1371
f 238//1372 242//1372 243//1372
f 234//1373 232//1373 233//1373
f 233//1374 232//1374 231//1374
f 229//1375 231//1375 232//1375
f 238//1376 243//1376 240//1376
f 235//1377 238//1377 240//1377
f 537//1378 539//1378 538//1378
f 541//1379 544//1379 543//1379
f 537//1380 538//1380 540//1380
f 538//1381 541//1381 540//1381
f 536//1382 535//1382 537//1382
f 540//1383 536//1383 537//1383
f 541//1384 543//1384 545//1384
f 542//1385 541//1385 545//1385
f 545//1386 546//1386 542//1386
f 546//1387 547//1387 542//1387
f 530//1388 529//1388 533//1388
f 533//1389 535//1389 534//1389
f 535//1390 536//1390 534//1390
f 536//1391 532//1391 534//1391
f 532//1392 525//1392 528//1392
f 534//1393 532//1393 528//1393
f 531//1394 530//1394 533//1394
f 522//1395 523//1395 524//1395
f 523//1396 255//1396 524//1396
f 255//1397 254//1397 256//1397
f 529//1398 530//1398 527//1398
f 257//1399 529//1399 527//1399
f 255//1400 256//1400 526//1400
f 256//1401 257//1401 526//1401
f 528//1402 525//1402 522//1402
f 257//1403 527//1403 526//1403
f 528//1404 522//1404 524//1404
f 243//1405 242//1405 244//1405
f 244//1406 246//1406 245//1406
f 246//1407 248//1407 245//1407
f 250//1408 247//1408 252//1408
f 252//1409 254//1409 253//1409
f 254//1410 255//1410 253//1410
f 288//1411 289//1411 286//1411
f 286//1412 287//1412 288//1412
f 287//1413 276//1413 281//1413
f 288//1414 287//1414 281//1414
f 273//1415 270//1415 271//1415
f 270//1416 269//1416 264//1416
f 276//1417 273//1417 275//1417
f 281//1418 276//1418 277//1418
f 277//1419 278//1419 281//1419
f 277//1420 276//1420 275//1420
f 269//1421 265//1421 261//1421
f 265//1422 268//1422 261//1422
f 270//1423 264//1423 271//1423
f 261//1424 268//1424 263//1424
f 267//1425 266//1425 263//1425
f 268//1426 267//1426 263//1426
f 264//1427 269//1427 262//1427
f 272//1428 274//1428 273//1428
f 274//1429 275//1429 273//1429
f 259//1430 258//1430 251//1430
f 258//1431 252//1431 249//1431
f 251//1432 258//1432 249//1432
f 252//1433 247//1433 248//1433
f 248//1434 249//1434 252//1434
f 261//1435 259//1435 260//1435
f 271//1436 272//1436 273//1436
f 259//1437 251//1437 260//1437
f 262//1438 269//1438 261//1438
f 375//1439 374//1439 373//1439
f 374//1440 371//1440 373//1440
f 371//1441 372//1441 370//1441
f 371//1442 370//1442 369//1442
f 370//1443 368//1443 369//1443
f 376//1444 375//1444 373//1444
f 359//1445 361//1445 360//1445
f 359//1446 360//1446 362//1446
f 360//1447 356//1447 362//1447
f 364//1448 359//1448 362//1448
f 356//1449 355//1449 357//1449
f 357//1450 355//1450 347//1450
f 352//1451 354//1451 353//1451
f 339//1452 343//1452 341//1452
f 341//1453 342//1453 336//1453
f 341//1454 336//1454 340//1454
f 336//1455 335//1455 337//1455
f 340//1456 336//1456 337//1456
f 344//1457 339//1457 340//1457
f 339//1458 341//1458 340//1458
f 333//1459 331//1459 332//1459
f 331//1460 328//1460 330//1460
f 348//1461 344//1461 345//1461
f 331//1462 330//1462 332//1462
f 328//1463 329//1463 327//1463
f 330//1464 328//1464 327//1464
f 344//1465 340//1465 345//1465
f 335//1466 333//1466 334//1466
f 352//1467 353//1467 351//1467
f 350//1468 352//1468 351//1468
f 350//1469 351//1469 348//1469
f 346//1470 350//1470 348//1470
f 329//1471 325//1471 326//1471
f 346//1472 348//1472 347//1472
f 329//1473 326//1473 327//1473
f 325//1474 323//1474 324//1474
f 325//1475 324//1475 326//1475
f 323//1476 320//1476 322//1476
f 324//1477 323//1477 322//1477
f 388//1478 386//1478 387//1478
f 386//1479 384//1479 385//1479
f 390//1480 389//1480 387//1480
f 389//1481 388//1481 387//1481
f 395//1482 394//1482 396//1482
f 394//1483 392//1483 393//1483
f 396//1484 394//1484 393//1484
f 392//1485 390//1485 391//1485
f 391//1486 390//1486 387//1486
f 386//1487 385//1487 387//1487
f 384//1488 380//1488 382//1488
f 385//1489 384//1489 382//1489
f 408//1490 407//1490 406//1490
f 407//1491 405//1491 406//1491
f 415//1492 416//1492 410//1492
f 405//1493 403//1493 404//1493
f 417//1494 415//1494 410//1494
f 417//1495 410//1495 413//1495
f 410//1496 408//1496 409//1496
f 413//1497 410//1497 409//1497
f 420//1498 418//1498 419//1498
f 418//1499 417//1499 419//1499
f 431//1500 426//1500 430//1500
f 426//1501 420//1501 424//1501
f 435//1502 433//1502 434//1502
f 433//1503 431//1503 430//1503
f 432//1504 433//1504 430//1504
f 437//1505 439//1505 434//1505
f 439//1506 435//1506 434//1506
f 419//1507 417//1507 414//1507
f 447//1508 449//1508 448//1508
f 446//1509 447//1509 438//1509
f 447//1510 448//1510 438//1510
f 451//1511 446//1511 442//1511
f 446//1512 438//1512 441//1512
f 436//1513 438//1513 437//1513
f 438//1514 436//1514 440//1514
f 443//1515 450//1515 451//1515
f 455//1516 457//1516 456//1516
f 455//1517 456//1517 450//1517
f 456//1518 451//1518 450//1518
f 450//1519 443//1519 452//1519
f 450//1520 452//1520 453//1520
f 452//1521 454//1521 453//1521
f 451//1522 442//1522 445//1522
f 320//1523 319//1523 321//1523
f 315//1524 314//1524 312//1524
f 314//1525 313//1525 312//1525
f 319//1526 315//1526 317//1526
f 442//1527 446//1527 441//1527
f 306//1528 300//1528 301//1528
f 300//1529 297//1529 299//1529
f 297//1530 298//1530 292//1530
f 290//1531 286//1531 289//1531
f 297//1532 292//1532 291//1532
f 292//1533 290//1533 291//1533
f 290//1534 289//1534 294//1534
f 291//1535 290//1535 293//1535
f 441//1536 438//1536 440//1536
f 443//1537 451//1537 445//1537
f 445//1538 444//1538 443//1538
f 279//1539 278//1539 280//1539
f 278//1540 277//1540 280//1540
f 280//1541 282//1541 279//1541
f 282//1542 283//1542 295//1542
f 279//1543 295//1543 284//1543
f 295//1544 279//1544 282//1544
f 283//1545 285//1545 295//1545
f 285//1546 303//1546 302//1546
f 302//1547 296//1547 285//1547
f 296//1548 295//1548 285//1548
f 294//1549 284//1549 293//1549
f 293//1550 284//1550 295//1550
f 436//1551 437//1551 434//1551
f 294//1552 293//1552 290//1552
f 424//1553 430//1553 426//1553
f 432//1554 434//1554 433//1554
f 297//1555 291//1555 299//1555
f 300//1556 299//1556 301//1556
f 301//1557 305//1557 304//1557
f 306//1558 301//1558 304//1558
f 306//1559 304//1559 307//1559
f 308//1560 306//1560 307//1560
f 309//1561 311//1561 310//1561
f 311//1562 312//1562 313//1562
f 310//1563 311//1563 313//1563
f 312//1564 316//1564 315//1564
f 316//1565 317//1565 315//1565
f 317//1566 318//1566 319//1566
f 308//1567 307//1567 309//1567
f 310//1568 308//1568 309//1568
f 318//1569 321//1569 319//1569
f 321//1570 322//1570 320//1570
f 422//1571 424//1571 420//1571
f 332//1572 334//1572 333//1572
f 334//1573 338//1573 335//1573
f 419//1574 422//1574 420//1574
f 419//1575 414//1575 421//1575
f 338//1576 337//1576 335//1576
f 427//1577 429//1577 428//1577
f 427//1578 428//1578 425//1578
f 355//1579 346//1579 347//1579
f 348//1580 345//1580 347//1580
f 347//1581 349//1581 358//1581
f 366//1582 364//1582 365//1582
f 356//1583 357//1583 363//1583
f 362//1584 356//1584 363//1584
f 347//1585 358//1585 357//1585
f 365//1586 367//1586 366//1586
f 367//1587 369//1587 368//1587
f 366//1588 367//1588 368//1588
f 362//1589 365//1589 364//1589
f 378//1590 379//1590 380//1590
f 379//1591 381//1591 380//1591
f 369//1592 373//1592 371//1592
f 427//1593 425//1593 423//1593
f 425//1594 421//1594 423//1594
f 373//1595 378//1595 376//1595
f 396//1596 398//1596 397//1596
f 398//1597 399//1597 400//1597
f 397//1598 398//1598 400//1598
f 399//1599 401//1599 400//1599
f 401//1600 402//1600 400//1600
f 376//1601 378//1601 377//1601
f 377//1602 378//1602 380//1602
f 414//1603 423//1603 421//1603
f 413//1604 414//1604 417//1604
f 380//1605 381//1605 382//1605
f 412//1606 411//1606 409//1606
f 412//1607 409//1607 406//1607
f 409//1608 408//1608 406//1608
f 404//1609 406//1609 405//1609
f 402//1610 404//1610 403//1610
f 402//1611 403//1611 400//1611
f 392//1612 391//1612 393//1612
f 3194//1613 3195//1613 3196//1613
f 3194//1614 3196//1614 3185//1614
f 3171//1615 3193//1615 3192//1615
f 3192//1616 3194//1616 3181//1616
f 3194//1617 3185//1617 3181//1617
f 3172//1618 3173//1618 3171//1618
f 3171//1619 3192//1619 3172//1619
f 3192//1620 3181//1620 3174//1620
f 3177//1621 3180//1621 3179//1621
f 3192//1622 3174//1622 3168//1622
f 3181//1623 3177//1623 3178//1623
f 3174//1624 3181//1624 3178//1624
f 3168//1625 3172//1625 3192//1625
f 3167//1626 3166//1626 3165//1626
f 3166//1627 3168//1627 3165//1627
f 3169//1628 3170//1628 3165//1628
f 3177//1629 3179//1629 3178//1629
f 3178//1630 3175//1630 3174//1630
f 3175//1631 3176//1631 3174//1631
f 3174//1632 3169//1632 3168//1632
f 3197//1633 3196//1633 3195//1633
f 3198//1634 3199//1634 3187//1634
f 3199//1635 3186//1635 3187//1635
f 3197//1636 3195//1636 3198//1636
f 3187//1637 3197//1637 3198//1637
f 3186//1638 3189//1638 3188//1638
f 3189//1639 3190//1639 3188//1639
f 3179//1640 3180//1640 3183//1640
f 3180//1641 3182//1641 3183//1641
f 3182//1642 3187//1642 3184//1642
f 3187//1643 3186//1643 3184//1643
f 3190//1644 3191//1644 3188//1644
f 3183//1645 3182//1645 3184//1645
f 741//1646 743//1646 742//1646
f 743//1647 744//1647 745//1647
f 742//1648 743//1648 745//1648
f 738//1649 739//1649 737//1649
f 739//1650 741//1650 740//1650
f 737//1651 739//1651 740//1651
f 733//1652 735//1652 734//1652
f 735//1653 738//1653 736//1653
f 736//1654 738//1654 737//1654
f 728//1655 730//1655 727//1655
f 730//1656 731//1656 727//1656
f 731//1657 733//1657 732//1657
f 727//1658 729//1658 728//1658
f 736//1659 734//1659 735//1659
f 734//1660 732//1660 733//1660
f 732//1661 727//1661 731//1661
f 742//1662 740//1662 741//1662
f 746//1663 745//1663 744//1663
f 749//1664 748//1664 747//1664
f 748//1665 746//1665 747//1665
f 749//1666 747//1666 750//1666
f 751//1667 749//1667 750//1667
f 756//1668 757//1668 754//1668
f 756//1669 754//1669 753//1669
f 754//1670 751//1670 753//1670
f 759//1671 758//1671 756//1671
f 760//1672 752//1672 755//1672
f 752//1673 759//1673 753//1673
f 755//1674 752//1674 753//1674
f 755//1675 761//1675 760//1675
f 759//1676 756//1676 753//1676
f 746//1677 744//1677 747//1677
f 787//1678 782//1678 779//1678
f 787//1679 779//1679 775//1679
f 789//1680 787//1680 781//1680
f 787//1681 775//1681 772//1681
f 770//1682 771//1682 772//1682
f 775//1683 770//1683 772//1683
f 772//1684 777//1684 787//1684
f 777//1685 780//1685 781//1685
f 777//1686 781//1686 787//1686
f 795//1687 791//1687 794//1687
f 791//1688 790//1688 794//1688
f 790//1689 789//1689 793//1689
f 789//1690 781//1690 784//1690
f 789//1691 784//1691 785//1691
f 793//1692 794//1692 790//1692
f 785//1693 792//1693 793//1693
f 804//1694 768//1694 776//1694
f 768//1695 767//1695 776//1695
f 767//1696 765//1696 776//1696
f 776//1697 802//1697 803//1697
f 803//1698 804//1698 776//1698
f 762//1699 763//1699 764//1699
f 765//1700 762//1700 764//1700
f 764//1701 766//1701 765//1701
f 766//1702 771//1702 773//1702
f 771//1703 770//1703 773//1703
f 773//1704 774//1704 776//1704
f 765//1705 773//1705 776//1705
f 766//1706 773//1706 765//1706
f 778//1707 776//1707 774//1707
f 783//1708 778//1708 769//1708
f 778//1709 774//1709 769//1709
f 769//1710 779//1710 782//1710
f 798//1711 801//1711 796//1711
f 801//1712 788//1712 796//1712
f 783//1713 769//1713 782//1713
f 797//1714 798//1714 796//1714
f 788//1715 783//1715 786//1715
f 783//1716 782//1716 786//1716
f 786//1717 791//1717 795//1717
f 786//1718 795//1718 796//1718
f 815//1719 816//1719 814//1719
f 815//1720 814//1720 812//1720
f 798//1721 797//1721 800//1721
f 797//1722 799//1722 800//1722
f 799//1723 815//1723 812//1723
f 799//1724 812//1724 806//1724
f 812//1725 811//1725 806//1725
f 768//1726 804//1726 805//1726
f 804//1727 800//1727 805//1727
f 800//1728 799//1728 806//1728
f 808//1729 810//1729 809//1729
f 811//1730 808//1730 807//1730
f 806//1731 811//1731 807//1731
f 806//1732 805//1732 800//1732
f 808//1733 809//1733 813//1733
f 809//1734 817//1734 813//1734
f 808//1735 813//1735 807//1735
f 820//1736 827//1736 819//1736
f 827//1737 828//1737 822//1737
f 819//1738 827//1738 822//1738
f 817//1739 820//1739 818//1739
f 813//1740 817//1740 821//1740
f 828//1741 831//1741 829//1741
f 831//1742 834//1742 829//1742
f 834//1743 833//1743 830//1743
f 830//1744 833//1744 832//1744
f 817//1745 818//1745 821//1745
f 824//1746 823//1746 813//1746
f 821//1747 826//1747 825//1747
f 825//1748 824//1748 813//1748
f 833//1749 837//1749 835//1749
f 832//1750 833//1750 835//1750
f 840//1751 843//1751 841//1751
f 843//1752 844//1752 842//1752
f 841//1753 843//1753 842//1753
f 837//1754 840//1754 836//1754
f 846//1755 849//1755 847//1755
f 849//1756 850//1756 847//1756
f 844//1757 846//1757 845//1757
f 847//1758 848//1758 845//1758
f 846//1759 847//1759 845//1759
f 840//1760 841//1760 838//1760
f 845//1761 842//1761 844//1761
f 838//1762 839//1762 836//1762
f 840//1763 838//1763 836//1763
f 821//1764 825//1764 813//1764
f 836//1765 835//1765 837//1765
f 830//1766 829//1766 834//1766
f 829//1767 822//1767 828//1767
f 2180//1768 2182//1768 2179//1768
f 2179//1769 2178//1769 2180//1769
f 2178//1770 2176//1770 2181//1770
f 2180//1771 2178//1771 2181//1771
f 2176//1772 2175//1772 2174//1772
f 2177//1773 2181//1773 2176//1773
f 2187//1774 2185//1774 2188//1774
f 2188//1775 2190//1775 2189//1775
f 2184//1776 2188//1776 2183//1776
f 2188//1777 2185//1777 2183//1777
f 2185//1778 2186//1778 2182//1778
f 2186//1779 2179//1779 2182//1779
f 2192//1780 2187//1780 2191//1780
f 2187//1781 2189//1781 2191//1781
f 2191//1782 2193//1782 2194//1782
f 2198//1783 2199//1783 2196//1783
f 2196//1784 2197//1784 2198//1784
f 2197//1785 2195//1785 2198//1785
f 2195//1786 2194//1786 2193//1786
f 2201//1787 2203//1787 2200//1787
f 2203//1788 2202//1788 2200//1788
f 2200//1789 2196//1789 2199//1789
f 2206//1790 2202//1790 2204//1790
f 2202//1791 2203//1791 2204//1791
f 2204//1792 2205//1792 2206//1792
f 2205//1793 2209//1793 2206//1793
f 2209//1794 2210//1794 2207//1794
f 2210//1795 2212//1795 2211//1795
f 2213//1796 2214//1796 2212//1796
f 2219//1797 2214//1797 2218//1797
f 2214//1798 2213//1798 2216//1798
f 2218//1799 2214//1799 2215//1799
f 2216//1800 2215//1800 2214//1800
f 2224//1801 2223//1801 2217//1801
f 2223//1802 2222//1802 2221//1802
f 2221//1803 2220//1803 2217//1803
f 2227//1804 2229//1804 2228//1804
f 2229//1805 2225//1805 2226//1805
f 2225//1806 2223//1806 2224//1806
f 2226//1807 2228//1807 2229//1807
f 2234//1808 2231//1808 2235//1808
f 2231//1809 2232//1809 2235//1809
f 2230//1810 2229//1810 2227//1810
f 2232//1811 2230//1811 2227//1811
f 2239//1812 2237//1812 2238//1812
f 2237//1813 2236//1813 2238//1813
f 2233//1814 2231//1814 2234//1814
f 2236//1815 2233//1815 2238//1815
f 2268//1816 2270//1816 2269//1816
f 2269//1817 2257//1817 2268//1817
f 2257//1818 2249//1818 2265//1818
f 2249//1819 2266//1819 2265//1819
f 2248//1820 2249//1820 2257//1820
f 2252//1821 2253//1821 2248//1821
f 2253//1822 2247//1822 2248//1822
f 2247//1823 2253//1823 2254//1823
f 2254//1824 2255//1824 2246//1824
f 2255//1825 2256//1825 2251//1825
f 2246//1826 2255//1826 2251//1826
f 2251//1827 2244//1827 2245//1827
f 2246//1828 2251//1828 2245//1828
f 2243//1829 2236//1829 2242//1829
f 2236//1830 2237//1830 2241//1830
f 2242//1831 2236//1831 2241//1831
f 2240//1832 2251//1832 2244//1832
f 2237//1833 2240//1833 2244//1833
f 2250//1834 2258//1834 2261//1834
f 2258//1835 2259//1835 2262//1835
f 2261//1836 2258//1836 2262//1836
f 2259//1837 2260//1837 2262//1837
f 2261//1838 2263//1838 2250//1838
f 2263//1839 2264//1839 2250//1839
f 2266//1840 2249//1840 2267//1840
f 2249//1841 2250//1841 2264//1841
f 2109//1842 2108//1842 2110//1842
f 2112//1843 2113//1843 2116//1843
f 2113//1844 2115//1844 2118//1844
f 2109//1845 2110//1845 2111//1845
f 2110//1846 2112//1846 2111//1846
f 2114//1847 2111//1847 2112//1847
f 2116//1848 2114//1848 2112//1848
f 2113//1849 2118//1849 2168//1849
f 2116//1850 2113//1850 2168//1850
f 2117//1851 2116//1851 2119//1851
f 2118//1852 2166//1852 2169//1852
f 2166//1853 2165//1853 2164//1853
f 2120//1854 2117//1854 2121//1854
f 2116//1855 2168//1855 2119//1855
f 2166//1856 2164//1856 2170//1856
f 2166//1857 2170//1857 2169//1857
f 2168//1858 2118//1858 2169//1858
f 2122//1859 2124//1859 2123//1859
f 2164//1860 2163//1860 2171//1860
f 2122//1861 2123//1861 2120//1861
f 2119//1862 2121//1862 2117//1862
f 2121//1863 2122//1863 2120//1863
f 2168//1864 2167//1864 2119//1864
f 2173//1865 2172//1865 2163//1865
f 2172//1866 2171//1866 2163//1866
f 2171//1867 2170//1867 2164//1867
f 2162//1868 2161//1868 2174//1868
f 2161//1869 2160//1869 2159//1869
f 2174//1870 2161//1870 2159//1870
f 2163//1871 2162//1871 2173//1871
f 2174//1872 2175//1872 2173//1872
f 2156//1873 2158//1873 2155//1873
f 2158//1874 2159//1874 2157//1874
f 2155//1875 2158//1875 2157//1875
f 2174//1876 2173//1876 2162//1876
f 2160//1877 2157//1877 2159//1877
f 2154//1878 2156//1878 2153//1878
f 2153//1879 2156//1879 2155//1879
f 2149//1880 2147//1880 2148//1880
f 2147//1881 2088//1881 2146//1881
f 2147//1882 2146//1882 2148//1882
f 2088//1883 2090//1883 2144//1883
f 2146//1884 2088//1884 2144//1884
f 2153//1885 2149//1885 2154//1885
f 2090//1886 2145//1886 2144//1886
f 2152//1887 2154//1887 2149//1887
f 2150//1888 2151//1888 2152//1888
f 2148//1889 2150//1889 2152//1889
f 2084//1890 2083//1890 2082//1890
f 2083//1891 2080//1891 2082//1891
f 2080//1892 2081//1892 2077//1892
f 2080//1893 2077//1893 2076//1893
f 2077//1894 2075//1894 2076//1894
f 2068//1895 2078//1895 2075//1895
f 2078//1896 2076//1896 2075//1896
f 2068//1897 2075//1897 2072//1897
f 2076//1898 2082//1898 2080//1898
f 2075//1899 2074//1899 2072//1899
f 2094//1900 2092//1900 2095//1900
f 2095//1901 2096//1901 2094//1901
f 2064//1902 2066//1902 2065//1902
f 2064//1903 2065//1903 2063//1903
f 2065//1904 2067//1904 2063//1904
f 2061//1905 2060//1905 2064//1905
f 2078//1906 2068//1906 2079//1906
f 2068//1907 2063//1907 2067//1907
f 2079//1908 2068//1908 2093//1908
f 2063//1909 2061//1909 2064//1909
f 2067//1910 2069//1910 2093//1910
f 2069//1911 2070//1911 2141//1911
f 2070//1912 2071//1912 2141//1912
f 2071//1913 2140//1913 2139//1913
f 2140//1914 2138//1914 2139//1914
f 2136//1915 2137//1915 2133//1915
f 2136//1916 2133//1916 2134//1916
f 2133//1917 2132//1917 2134//1917
f 2132//1918 2129//1918 2131//1918
f 2134//1919 2132//1919 2131//1919
f 2129//1920 2128//1920 2130//1920
f 2128//1921 2127//1921 2125//1921
f 2126//1922 2122//1922 2124//1922
f 2128//1923 2125//1923 2130//1923
f 2127//1924 2126//1924 2125//1924
f 2138//1925 2136//1925 2135//1925
f 2068//1926 2067//1926 2093//1926
f 2093//1927 2069//1927 2143//1927
f 2083//1928 2084//1928 2085//1928
f 2084//1929 2079//1929 2085//1929
f 2086//1930 2087//1930 2085//1930
f 2079//1931 2093//1931 2091//1931
f 2126//1932 2124//1932 2125//1932
f 2130//1933 2131//1933 2129//1933
f 2085//1934 2079//1934 2091//1934
f 2147//1935 2088//1935 2089//1935
f 2088//1936 2086//1936 2089//1936
f 2086//1937 2085//1937 2092//1937
f 2089//1938 2086//1938 2095//1938
f 2092//1939 2095//1939 2086//1939
f 2136//1940 2134//1940 2135//1940
f 2091//1941 2092//1941 2085//1941
f 2138//1942 2135//1942 2139//1942
f 2141//1943 2142//1943 2069//1943
f 2142//1944 2143//1944 2069//1944
f 2139//1945 2141//1945 2071//1945
f 2098//1946 2097//1946 2101//1946
f 2097//1947 2093//1947 2102//1947
f 2101//1948 2097//1948 2102//1948
f 2099//1949 2098//1949 2101//1949
f 2100//1950 2099//1950 2101//1950
f 2102//1951 2103//1951 2101//1951
f 2093//1952 2143//1952 2102//1952
f 2106//1953 2100//1953 2104//1953
f 2104//1954 2100//1954 2105//1954
f 2107//1955 2109//1955 2108//1955
f 2101//1956 2105//1956 2100//1956
f 2107//1957 2108//1957 2106//1957
f 2003//1958 2008//1958 2007//1958
f 2008//1959 2009//1959 2007//1959
f 2001//1960 2002//1960 2004//1960
f 2002//1961 2003//1961 2004//1961
f 1995//1962 2000//1962 1999//1962
f 2003//1963 2007//1963 2004//1963
f 1995//1964 1999//1964 1993//1964
f 1999//1965 2001//1965 1996//1965
f 1993//1966 1999//1966 1996//1966
f 1990//1967 1992//1967 1994//1967
f 1994//1968 1995//1968 1993//1968
f 2004//1969 2005//1969 2001//1969
f 2005//1970 1997//1970 1996//1970
f 2001//1971 2005//1971 1996//1971
f 1991//1972 1989//1972 1990//1972
f 1989//1973 1987//1973 1990//1973
f 1987//1974 1986//1974 1988//1974
f 1993//1975 1991//1975 1994//1975
f 1988//1976 1990//1976 1987//1976
f 2013//1977 2009//1977 2010//1977
f 2009//1978 2008//1978 2010//1978
f 2013//1979 2010//1979 2025//1979
f 2010//1980 2028//1980 2027//1980
f 2010//1981 2027//1981 2026//1981
f 2028//1982 2029//1982 2027//1982
f 2031//1983 2037//1983 2030//1983
f 2037//1984 2036//1984 2030//1984
f 2036//1985 2038//1985 2053//1985
f 2039//1986 2036//1986 2053//1986
f 2055//1987 2056//1987 2054//1987
f 2054//1988 2053//1988 2038//1988
f 2053//1989 2051//1989 2039//1989
f 2051//1990 2050//1990 2052//1990
f 2059//1991 2062//1991 2057//1991
f 2062//1992 2061//1992 2060//1992
f 2051//1993 2052//1993 2039//1993
f 2052//1994 2059//1994 2040//1994
f 2055//1995 2054//1995 2038//1995
f 2062//1996 2060//1996 2057//1996
f 2052//1997 2040//1997 2039//1997
f 2057//1998 2058//1998 2040//1998
f 2059//1999 2057//1999 2040//1999
f 2036//2000 2039//2000 2030//2000
f 2029//2001 2031//2001 2030//2001
f 2026//2002 2025//2002 2010//2002
f 2029//2003 2030//2003 2027//2003
f 2025//2004 2024//2004 2013//2004
f 2013//2005 2024//2005 2022//2005
f 2032//2006 2034//2006 2033//2006
f 2024//2007 2032//2007 2022//2007
f 2022//2008 2032//2008 2033//2008
f 2014//2009 2022//2009 2021//2009
f 2022//2010 2033//2010 2021//2010
f 2035//2011 2042//2011 2041//2011
f 2042//2012 2043//2012 2041//2012
f 2033//2013 2035//2013 2021//2013
f 2006//2014 2011//2014 1998//2014
f 2011//2015 2012//2015 2016//2015
f 2012//2016 2014//2016 2019//2016
f 2041//2017 2045//2017 2044//2017
f 2044//2018 2046//2018 2048//2018
f 2046//2019 2047//2019 2048//2019
f 2048//2020 2049//2020 2023//2020
f 2035//2021 2041//2021 2023//2021
f 2041//2022 2044//2022 2048//2022
f 2023//2023 2041//2023 2048//2023
f 2014//2024 2021//2024 2020//2024
f 2021//2025 2035//2025 2023//2025
f 2011//2026 2016//2026 2015//2026
f 1997//2027 2005//2027 2006//2027
f 2015//2028 1998//2028 2011//2028
f 1998//2029 1997//2029 2006//2029
f 2014//2030 2020//2030 2019//2030
f 2019//2031 2018//2031 2017//2031
f 2017//2032 2012//2032 2019//2032
f 2371//2033 2366//2033 2373//2033
f 2366//2034 2363//2034 2368//2034
f 2361//2035 2359//2035 2360//2035
f 2359//2036 2356//2036 2360//2036
f 2368//2037 2373//2037 2366//2037
f 2356//2038 2355//2038 2354//2038
f 2360//2039 2356//2039 2358//2039
f 2365//2040 2368//2040 2363//2040
f 2369//2041 2370//2041 2364//2041
f 2370//2042 2367//2042 2364//2042
f 2367//2043 2365//2043 2364//2043
f 2365//2044 2363//2044 2364//2044
f 2363//2045 2361//2045 2362//2045
f 2362//2046 2361//2046 2360//2046
f 2354//2047 2358//2047 2356//2047
f 2379//2048 2371//2048 2377//2048
f 2371//2049 2373//2049 2376//2049
f 2377//2050 2371//2050 2376//2050
f 2382//2051 2379//2051 2381//2051
f 2387//2052 2388//2052 2386//2052
f 2380//2053 2381//2053 2379//2053
f 2381//2054 2384//2054 2382//2054
f 2384//2055 2387//2055 2386//2055
f 2372//2056 2370//2056 2369//2056
f 2374//2057 2358//2057 2357//2057
f 2358//2058 2351//2058 2357//2058
f 2372//2059 2369//2059 2374//2059
f 2383//2060 2372//2060 2389//2060
f 2372//2061 2374//2061 2390//2061
f 2389//2062 2372//2062 2390//2062
f 2351//2063 2352//2063 2353//2063
f 2357//2064 2351//2064 2353//2064
f 2357//2065 2396//2065 2391//2065
f 2391//2066 2394//2066 2392//2066
f 2394//2067 2395//2067 2393//2067
f 2392//2068 2394//2068 2393//2068
f 2357//2069 2391//2069 2374//2069
f 2374//2070 2391//2070 2390//2070
f 2391//2071 2392//2071 2390//2071
f 2389//2072 2378//2072 2375//2072
f 2378//2073 2376//2073 2375//2073
f 2375//2074 2383//2074 2389//2074
f 2384//2075 2386//2075 2385//2075
f 2384//2076 2385//2076 2382//2076
f 2377//2077 2380//2077 2379//2077
f 2289//2078 2292//2078 2290//2078
f 2288//2079 2283//2079 2285//2079
f 2289//2080 2290//2080 2288//2080
f 2288//2081 2285//2081 2286//2081
f 2290//2082 2292//2082 2291//2082
f 2298//2083 2290//2083 2296//2083
f 2290//2084 2291//2084 2293//2084
f 2302//2085 2303//2085 2301//2085
f 2303//2086 2300//2086 2301//2086
f 2300//2087 2298//2087 2297//2087
f 2290//2088 2293//2088 2296//2088
f 2300//2089 2297//2089 2299//2089
f 2306//2090 2302//2090 2304//2090
f 2301//2091 2300//2091 2299//2091
f 2310//2092 2309//2092 2307//2092
f 2309//2093 2308//2093 2307//2093
f 2308//2094 2306//2094 2305//2094
f 2307//2095 2308//2095 2305//2095
f 2315//2096 2314//2096 2313//2096
f 2314//2097 2311//2097 2313//2097
f 2324//2098 2321//2098 2322//2098
f 2321//2099 2320//2099 2322//2099
f 2326//2100 2325//2100 2324//2100
f 2331//2101 2330//2101 2327//2101
f 2330//2102 2329//2102 2327//2102
f 2329//2103 2326//2103 2328//2103
f 2326//2104 2324//2104 2323//2104
f 2329//2105 2328//2105 2327//2105
f 2335//2106 2331//2106 2332//2106
f 2341//2107 2342//2107 2337//2107
f 2331//2108 2327//2108 2332//2108
f 2323//2109 2324//2109 2322//2109
f 2340//2110 2341//2110 2337//2110
f 2320//2111 2315//2111 2319//2111
f 2340//2112 2337//2112 2334//2112
f 2337//2113 2335//2113 2334//2113
f 2340//2114 2334//2114 2336//2114
f 2338//2115 2340//2115 2336//2115
f 2345//2116 2346//2116 2343//2116
f 2285//2117 2283//2117 2280//2117
f 2283//2118 2279//2118 2280//2118
f 2278//2119 2276//2119 2277//2119
f 2276//2120 2275//2120 2271//2120
f 2279//2121 2278//2121 2277//2121
f 2287//2122 2285//2122 2281//2122
f 2279//2123 2277//2123 2280//2123
f 2276//2124 2271//2124 2274//2124
f 2277//2125 2276//2125 2274//2125
f 2271//2126 2273//2126 2272//2126
f 2272//2127 2274//2127 2271//2127
f 2280//2128 2281//2128 2285//2128
f 2281//2129 2282//2129 2287//2129
f 2282//2130 2284//2130 2291//2130
f 2287//2131 2282//2131 2291//2131
f 2284//2132 2295//2132 2293//2132
f 2295//2133 2294//2133 2293//2133
f 2296//2134 2297//2134 2298//2134
f 2284//2135 2293//2135 2291//2135
f 2301//2136 2304//2136 2302//2136
f 2304//2137 2305//2137 2306//2137
f 2307//2138 2312//2138 2310//2138
f 2311//2139 2310//2139 2312//2139
f 2311//2140 2312//2140 2313//2140
f 2316//2141 2317//2141 2318//2141
f 2315//2142 2313//2142 2316//2142
f 2347//2143 2345//2143 2344//2143
f 2345//2144 2343//2144 2344//2144
f 2349//2145 2350//2145 2347//2145
f 2344//2146 2348//2146 2347//2146
f 2348//2147 2349//2147 2347//2147
f 2315//2148 2316//2148 2318//2148
f 2315//2149 2318//2149 2319//2149
f 2339//2150 2344//2150 2343//2150
f 2319//2151 2322//2151 2320//2151
f 2323//2152 2328//2152 2326//2152
f 2339//2153 2343//2153 2338//2153
f 2333//2154 2334//2154 2335//2154
f 2336//2155 2339//2155 2338//2155
f 1016//2156 1017//2156 1018//2156
f 1016//2157 1018//2157 1013//2157
f 1018//2158 1019//2158 1015//2158
f 1013//2159 1018//2159 1015//2159
f 1021//2160 1022//2160 1020//2160
f 1019//2161 1021//2161 1020//2161
f 1019//2162 1020//2162 1015//2162
f 1000//2163 1010//2163 1009//2163
f 1010//2164 1011//2164 1009//2164
f 1008//2165 1007//2165 1009//2165
f 1007//2166 1000//2166 1009//2166
f 1012//2167 1009//2167 1011//2167
f 1015//2168 1012//2168 1013//2168
f 1033//2169 1032//2169 1034//2169
f 1034//2170 1038//2170 1039//2170
f 1039//2171 1040//2171 1036//2171
f 1040//2172 1041//2172 1042//2172
f 1042//2173 1043//2173 1036//2173
f 1043//2174 1046//2174 1037//2174
f 1036//2175 1043//2175 1037//2175
f 1040//2176 1042//2176 1036//2176
f 1033//2177 1034//2177 1026//2177
f 1034//2178 1039//2178 1035//2178
f 1026//2179 1034//2179 1035//2179
f 988//2180 1027//2180 1024//2180
f 1027//2181 1026//2181 1024//2181
f 1024//2182 1026//2182 1025//2182
f 1026//2183 1035//2183 1025//2183
f 1046//2184 1047//2184 1044//2184
f 1044//2185 1045//2185 1037//2185
f 1044//2186 1037//2186 1046//2186
f 994//2187 986//2187 987//2187
f 987//2188 988//2188 1024//2188
f 1039//2189 1036//2189 1035//2189
f 994//2190 987//2190 995//2190
f 995//2191 987//2191 1014//2191
f 1024//2192 1023//2192 1014//2192
f 1023//2193 1017//2193 1016//2193
f 1023//2194 1016//2194 1014//2194
f 987//2195 1024//2195 1014//2195
f 1000//2196 998//2196 997//2196
f 997//2197 995//2197 1010//2197
f 1014//2198 1010//2198 995//2198
f 963//2199 953//2199 964//2199
f 953//2200 961//2200 964//2200
f 968//2201 966//2201 970//2201
f 966//2202 965//2202 967//2202
f 965//2203 963//2203 964//2203
f 965//2204 964//2204 967//2204
f 969//2205 968//2205 970//2205
f 966//2206 967//2206 970//2206
f 973//2207 972//2207 971//2207
f 972//2208 969//2208 971//2208
f 971//2209 969//2209 970//2209
f 978//2210 976//2210 1002//2210
f 976//2211 974//2211 1001//2211
f 1002//2212 976//2212 1001//2212
f 974//2213 973//2213 977//2213
f 1001//2214 974//2214 981//2214
f 981//2215 974//2215 979//2215
f 1003//2216 1001//2216 996//2216
f 996//2217 1001//2217 981//2217
f 1005//2218 1004//2218 1003//2218
f 1000//2219 1006//2219 998//2219
f 1006//2220 1005//2220 998//2220
f 999//2221 998//2221 1005//2221
f 986//2222 994//2222 982//2222
f 994//2223 996//2223 981//2223
f 982//2224 994//2224 981//2224
f 984//2225 986//2225 982//2225
f 984//2226 982//2226 983//2226
f 996//2227 999//2227 1003//2227
f 999//2228 1005//2228 1003//2228
f 973//2229 971//2229 975//2229
f 977//2230 980//2230 979//2230
f 973//2231 975//2231 977//2231
f 974//2232 977//2232 979//2232
f 985//2233 992//2233 991//2233
f 984//2234 983//2234 989//2234
f 983//2235 985//2235 989//2235
f 1029//2236 1028//2236 993//2236
f 1028//2237 990//2237 993//2237
f 990//2238 984//2238 989//2238
f 985//2239 991//2239 989//2239
f 989//2240 993//2240 990//2240
f 1032//2241 1033//2241 1031//2241
f 1030//2242 1032//2242 1031//2242
f 1031//2243 1029//2243 1030//2243
f 948//2244 949//2244 945//2244
f 949//2245 957//2245 956//2245
f 949//2246 956//2246 955//2246
f 943//2247 949//2247 955//2247
f 943//2248 945//2248 949//2248
f 940//2249 939//2249 943//2249
f 946//2250 940//2250 943//2250
f 947//2251 946//2251 943//2251
f 950//2252 951//2252 947//2252
f 961//2253 953//2253 952//2253
f 952//2254 950//2254 954//2254
f 950//2255 947//2255 955//2255
f 954//2256 950//2256 955//2256
f 947//2257 943//2257 955//2257
f 954//2258 958//2258 959//2258
f 961//2259 952//2259 959//2259
f 1135//2260 1136//2260 1134//2260
f 1136//2261 1133//2261 1134//2261
f 1131//2262 1130//2262 962//2262
f 1130//2263 960//2263 962//2263
f 1138//2264 1135//2264 1137//2264
f 960//2265 957//2265 949//2265
f 962//2266 960//2266 949//2266
f 1133//2267 1131//2267 1132//2267
f 962//2268 1132//2268 1131//2268
f 1132//2269 1134//2269 1133//2269
f 1135//2270 1134//2270 1137//2270
f 1141//2271 1140//2271 1138//2271
f 1144//2272 1145//2272 1143//2272
f 1143//2273 1141//2273 1139//2273
f 1141//2274 1138//2274 1139//2274
f 1144//2275 1143//2275 1142//2275
f 1142//2276 1143//2276 1139//2276
f 1150//2277 1151//2277 1146//2277
f 1146//2278 1144//2278 1142//2278
f 1138//2279 1137//2279 1139//2279
f 1150//2280 1146//2280 1147//2280
f 1153//2281 1152//2281 1147//2281
f 1152//2282 1150//2282 1147//2282
f 1148//2283 1154//2283 1153//2283
f 1158//2284 1156//2284 1155//2284
f 1156//2285 1148//2285 1149//2285
f 1155//2286 1156//2286 1149//2286
f 1160//2287 944//2287 1159//2287
f 944//2288 1158//2288 1159//2288
f 1148//2289 1153//2289 1149//2289
f 1159//2290 1158//2290 1155//2290
f 1149//2291 1157//2291 1155//2291
f 1146//2292 1142//2292 1147//2292
f 1177//2293 1178//2293 1176//2293
f 1178//2294 1174//2294 1173//2294
f 1173//2295 1172//2295 1171//2295
f 1178//2296 1173//2296 1176//2296
f 1177//2297 1176//2297 1175//2297
f 1180//2298 1181//2298 1179//2298
f 1173//2299 1171//2299 1176//2299
f 1183//2300 1180//2300 1182//2300
f 1180//2301 1179//2301 1182//2301
f 1179//2302 1177//2302 1175//2302
f 1171//2303 1170//2303 1169//2303
f 1179//2304 1175//2304 1182//2304
f 1170//2305 1168//2305 1169//2305
f 1176//2306 1171//2306 1169//2306
f 1168//2307 937//2307 1167//2307
f 933//2308 930//2308 932//2308
f 930//2309 926//2309 928//2309
f 937//2310 933//2310 934//2310
f 930//2311 928//2311 932//2311
f 926//2312 923//2312 922//2312
f 926//2313 922//2313 925//2313
f 922//2314 927//2314 925//2314
f 926//2315 925//2315 928//2315
f 927//2316 931//2316 925//2316
f 918//2317 917//2317 915//2317
f 921//2318 944//2318 942//2318
f 944//2319 1160//2319 942//2319
f 918//2320 915//2320 921//2320
f 924//2321 918//2321 921//2321
f 924//2322 921//2322 942//2322
f 935//2323 924//2323 941//2323
f 1161//2324 1155//2324 1157//2324
f 924//2325 942//2325 941//2325
f 1160//2326 1161//2326 1163//2326
f 942//2327 1160//2327 1163//2327
f 1161//2328 1157//2328 1162//2328
f 1162//2329 1164//2329 1163//2329
f 1161//2330 1162//2330 1163//2330
f 1188//2331 1187//2331 1186//2331
f 1191//2332 1192//2332 1188//2332
f 1196//2333 1195//2333 1197//2333
f 1195//2334 1193//2334 1190//2334
f 1193//2335 1191//2335 1189//2335
f 1191//2336 1188//2336 1186//2336
f 1191//2337 1186//2337 1185//2337
f 1198//2338 1196//2338 1197//2338
f 1195//2339 1190//2339 1194//2339
f 1197//2340 1195//2340 1194//2340
f 1202//2341 1201//2341 1200//2341
f 1201//2342 1198//2342 1199//2342
f 1203//2343 1204//2343 1202//2343
f 1199//2344 1200//2344 1201//2344
f 1200//2345 1203//2345 1202//2345
f 1197//2346 1199//2346 1198//2346
f 1185//2347 1189//2347 1191//2347
f 1189//2348 1190//2348 1193//2348
f 1182//2349 1185//2349 1183//2349
f 1166//2350 1165//2350 936//2350
f 1165//2351 1167//2351 936//2351
f 932//2352 934//2352 933//2352
f 934//2353 936//2353 937//2353
f 936//2354 1167//2354 937//2354
f 1167//2355 1169//2355 1168//2355
f 1183//2356 1185//2356 1184//2356
f 943//2357 939//2357 938//2357
f 939//2358 929//2358 938//2358
f 941//2359 938//2359 929//2359
f 941//2360 929//2360 935//2360
f 929//2361 925//2361 931//2361
f 931//2362 935//2362 929//2362
f 905//2363 906//2363 866//2363
f 866//2364 864//2364 868//2364
f 902//2365 900//2365 901//2365
f 900//2366 886//2366 901//2366
f 905//2367 866//2367 868//2367
f 905//2368 868//2368 904//2368
f 868//2369 902//2369 903//2369
f 904//2370 868//2370 903//2370
f 886//2371 879//2371 881//2371
f 903//2372 902//2372 901//2372
f 909//2373 910//2373 907//2373
f 907//2374 904//2374 908//2374
f 886//2375 881//2375 897//2375
f 897//2376 896//2376 899//2376
f 896//2377 895//2377 899//2377
f 899//2378 898//2378 897//2378
f 898//2379 901//2379 886//2379
f 886//2380 897//2380 898//2380
f 909//2381 907//2381 908//2381
f 904//2382 903//2382 908//2382
f 922//2383 923//2383 920//2383
f 923//2384 919//2384 920//2384
f 919//2385 909//2385 916//2385
f 909//2386 908//2386 911//2386
f 916//2387 920//2387 919//2387
f 915//2388 917//2388 914//2388
f 914//2389 916//2389 909//2389
f 909//2390 911//2390 914//2390
f 911//2391 912//2391 913//2391
f 913//2392 915//2392 914//2392
f 881//2393 879//2393 878//2393
f 879//2394 870//2394 878//2394
f 870//2395 865//2395 871//2395
f 865//2396 867//2396 869//2396
f 871//2397 865//2397 869//2397
f 880//2398 878//2398 870//2398
f 880//2399 870//2399 871//2399
f 882//2400 880//2400 877//2400
f 877//2401 880//2401 873//2401
f 884//2402 882//2402 883//2402
f 860//2403 862//2403 863//2403
f 862//2404 861//2404 863//2404
f 864//2405 866//2405 863//2405
f 861//2406 864//2406 863//2406
f 860//2407 863//2407 857//2407
f 855//2408 860//2408 857//2408
f 854//2409 852//2409 853//2409
f 852//2410 851//2410 853//2410
f 855//2411 857//2411 854//2411
f 869//2412 855//2412 856//2412
f 855//2413 854//2413 856//2413
f 854//2414 853//2414 856//2414
f 869//2415 856//2415 858//2415
f 869//2416 858//2416 1048//2416
f 858//2417 859//2417 1052//2417
f 859//2418 1055//2418 1053//2418
f 1055//2419 1054//2419 1053//2419
f 895//2420 896//2420 893//2420
f 889//2421 890//2421 885//2421
f 890//2422 891//2422 887//2422
f 885//2423 888//2423 889//2423
f 883//2424 885//2424 884//2424
f 884//2425 885//2425 887//2425
f 877//2426 883//2426 882//2426
f 894//2427 895//2427 893//2427
f 894//2428 893//2428 892//2428
f 891//2429 894//2429 892//2429
f 891//2430 892//2430 887//2430
f 874//2431 876//2431 875//2431
f 874//2432 875//2432 873//2432
f 872//2433 874//2433 873//2433
f 1048//2434 1049//2434 871//2434
f 871//2435 872//2435 873//2435
f 871//2436 873//2436 880//2436
f 1051//2437 1050//2437 1048//2437
f 1048//2438 871//2438 869//2438
f 890//2439 887//2439 885//2439
f 1051//2440 1048//2440 858//2440
f 858//2441 1052//2441 1051//2441
f 1065//2442 1111//2442 1110//2442
f 1103//2443 1101//2443 1097//2443
f 1101//2444 1099//2444 1097//2444
f 1065//2445 1110//2445 1103//2445
f 1062//2446 1063//2446 1061//2446
f 1063//2447 1064//2447 1061//2447
f 1064//2448 1065//2448 1069//2448
f 1065//2449 1103//2449 1069//2449
f 1097//2450 1090//2450 1091//2450
f 1091//2451 1109//2451 1069//2451
f 1097//2452 1091//2452 1103//2452
f 1091//2453 1069//2453 1103//2453
f 1057//2454 1060//2454 1061//2454
f 1054//2455 1055//2455 1068//2455
f 1055//2456 1057//2456 1068//2456
f 1054//2457 1068//2457 1067//2457
f 1058//2458 1059//2458 1056//2458
f 1056//2459 1054//2459 1067//2459
f 1057//2460 1061//2460 1064//2460
f 1064//2461 1069//2461 1068//2461
f 1057//2462 1064//2462 1068//2462
f 1073//2463 1074//2463 1058//2463
f 1058//2464 1056//2464 1072//2464
f 1066//2465 1076//2465 1071//2465
f 1076//2466 1077//2466 1071//2466
f 1056//2467 1067//2467 1070//2467
f 1056//2468 1070//2468 1072//2468
f 1067//2469 1066//2469 1070//2469
f 1072//2470 1073//2470 1058//2470
f 1090//2471 1097//2471 1094//2471
f 1094//2472 1093//2472 1083//2472
f 1093//2473 1092//2473 1082//2473
f 1093//2474 1082//2474 1081//2474
f 1083//2475 1093//2475 1081//2475
f 1084//2476 1090//2476 1094//2476
f 1083//2477 1084//2477 1094//2477
f 1082//2478 1086//2478 1081//2478
f 1081//2479 1086//2479 1080//2479
f 1086//2480 1087//2480 1085//2480
f 1081//2481 1080//2481 1079//2481
f 1086//2482 1085//2482 1080//2482
f 1087//2483 1088//2483 1089//2483
f 1085//2484 1087//2484 1089//2484
f 1071//2485 1077//2485 1075//2485
f 1077//2486 1078//2486 1075//2486
f 1096//2487 1095//2487 1098//2487
f 1102//2488 1104//2488 1105//2488
f 1104//2489 1106//2489 1107//2489
f 1105//2490 1104//2490 1107//2490
f 1096//2491 1098//2491 1100//2491
f 1098//2492 1102//2492 1089//2492
f 1100//2493 1098//2493 1089//2493
f 1106//2494 1108//2494 1107//2494
f 1108//2495 1112//2495 1116//2495
f 1116//2496 1115//2496 1108//2496
f 1115//2497 1117//2497 1113//2497
f 1117//2498 1118//2498 1114//2498
f 1118//2499 1119//2499 1114//2499
f 1115//2500 1113//2500 1108//2500
f 1089//2501 1102//2501 1105//2501
f 1088//2502 1100//2502 1089//2502
f 1113//2503 1117//2503 1114//2503
f 1078//2504 1079//2504 1080//2504
f 1075//2505 1078//2505 1080//2505
f 1124//2506 1125//2506 1126//2506
f 1126//2507 1127//2507 1128//2507
f 1128//2508 1129//2508 1126//2508
f 1129//2509 1123//2509 1124//2509
f 1126//2510 1129//2510 1124//2510
f 1123//2511 1121//2511 1122//2511
f 1121//2512 1120//2512 1122//2512
f 1120//2513 1114//2513 1119//2513
f 1122//2514 1120//2514 1119//2514
f 1122//2515 1124//2515 1123//2515
f 1319//2516 1317//2516 1323//2516
f 1319//2517 1323//2517 1326//2517
f 1321//2518 1320//2518 1326//2518
f 1320//2519 1319//2519 1326//2519
f 1322//2520 1321//2520 1326//2520
f 1326//2521 1329//2521 1322//2521
f 1331//2522 1332//2522 1333//2522
f 1332//2523 1604//2523 1340//2523
f 1332//2524 1340//2524 1333//2524
f 1322//2525 1329//2525 1330//2525
f 1329//2526 1331//2526 1330//2526
f 1331//2527 1333//2527 1334//2527
f 1337//2528 1330//2528 1335//2528
f 1330//2529 1331//2529 1335//2529
f 1335//2530 1331//2530 1334//2530
f 1352//2531 1353//2531 1350//2531
f 1352//2532 1350//2532 1347//2532
f 1350//2533 1337//2533 1347//2533
f 1354//2534 1352//2534 1347//2534
f 1337//2535 1335//2535 1336//2535
f 1337//2536 1336//2536 1347//2536
f 1365//2537 1362//2537 1355//2537
f 1355//2538 1354//2538 1359//2538
f 1354//2539 1347//2539 1348//2539
f 1354//2540 1348//2540 1359//2540
f 1366//2541 1365//2541 1364//2541
f 1365//2542 1355//2542 1361//2542
f 1364//2543 1365//2543 1361//2543
f 1371//2544 1370//2544 1369//2544
f 1370//2545 1368//2545 1369//2545
f 1368//2546 1366//2546 1367//2546
f 1367//2547 1366//2547 1364//2547
f 1406//2548 1405//2548 1403//2548
f 1405//2549 1386//2549 1403//2549
f 1399//2550 1400//2550 1393//2550
f 1400//2551 1403//2551 1393//2551
f 1403//2552 1386//2552 1387//2552
f 1386//2553 1373//2553 1384//2553
f 1387//2554 1386//2554 1384//2554
f 1403//2555 1387//2555 1393//2555
f 1373//2556 1371//2556 1369//2556
f 1351//2557 1356//2557 1357//2557
f 1357//2558 1376//2558 1375//2558
f 1376//2559 1377//2559 1374//2559
f 1377//2560 1378//2560 1374//2560
f 1374//2561 1375//2561 1376//2561
f 1375//2562 1363//2562 1357//2562
f 1360//2563 1358//2563 1349//2563
f 1358//2564 1359//2564 1348//2564
f 1349//2565 1358//2565 1348//2565
f 1363//2566 1360//2566 1351//2566
f 1351//2567 1357//2567 1363//2567
f 1360//2568 1349//2568 1351//2568
f 1359//2569 1361//2569 1355//2569
f 1420//2570 1421//2570 1418//2570
f 1419//2571 1420//2571 1418//2571
f 1419//2572 1418//2572 1417//2572
f 1418//2573 1413//2573 1417//2573
f 1423//2574 1422//2574 1417//2574
f 1417//2575 1413//2575 1423//2575
f 1413//2576 1411//2576 1423//2576
f 1423//2577 1411//2577 1412//2577
f 1411//2578 1410//2578 1409//2578
f 1425//2579 1426//2579 1424//2579
f 1424//2580 1423//2580 1414//2580
f 1411//2581 1409//2581 1412//2581
f 1410//2582 1404//2582 1407//2582
f 1409//2583 1410//2583 1407//2583
f 1428//2584 1427//2584 1425//2584
f 1425//2585 1424//2585 1428//2585
f 1429//2586 1428//2586 1414//2586
f 1414//2587 1428//2587 1424//2587
f 1452//2588 1453//2588 1450//2588
f 1449//2589 1451//2589 1450//2589
f 1451//2590 1452//2590 1450//2590
f 1446//2591 1448//2591 1435//2591
f 1448//2592 1449//2592 1435//2592
f 1435//2593 1449//2593 1450//2593
f 1454//2594 1455//2594 1447//2594
f 1455//2595 1446//2595 1447//2595
f 1456//2596 1457//2596 1454//2596
f 1447//2597 1456//2597 1454//2597
f 1445//2598 1447//2598 1446//2598
f 1444//2599 1445//2599 1433//2599
f 1445//2600 1446//2600 1433//2600
f 1443//2601 1441//2601 1442//2601
f 1441//2602 1439//2602 1440//2602
f 1439//2603 1444//2603 1434//2603
f 1434//2604 1433//2604 1431//2604
f 1446//2605 1435//2605 1433//2605
f 1444//2606 1433//2606 1434//2606
f 1431//2607 1430//2607 1432//2607
f 1439//2608 1434//2608 1438//2608
f 1440//2609 1442//2609 1441//2609
f 1437//2610 1436//2610 1434//2610
f 1436//2611 1438//2611 1434//2611
f 1438//2612 1440//2612 1439//2612
f 1369//2613 1372//2613 1373//2613
f 1372//2614 1385//2614 1384//2614
f 1373//2615 1372//2615 1384//2615
f 1368//2616 1367//2616 1369//2616
f 1387//2617 1392//2617 1393//2617
f 1401//2618 1399//2618 1396//2618
f 1399//2619 1393//2619 1394//2619
f 1395//2620 1399//2620 1394//2620
f 1396//2621 1397//2621 1401//2621
f 1397//2622 1398//2622 1402//2622
f 1395//2623 1396//2623 1399//2623
f 1402//2624 1401//2624 1397//2624
f 1398//2625 1408//2625 1402//2625
f 1408//2626 1407//2626 1402//2626
f 1404//2627 1402//2627 1407//2627
f 1432//2628 1434//2628 1431//2628
f 1414//2629 1415//2629 1429//2629
f 1415//2630 1416//2630 1429//2630
f 1416//2631 1432//2631 1430//2631
f 1416//2632 1430//2632 1429//2632
f 1323//2633 1317//2633 1324//2633
f 1317//2634 1316//2634 1314//2634
f 1317//2635 1314//2635 1324//2635
f 1324//2636 1314//2636 1325//2636
f 1314//2637 1312//2637 1325//2637
f 1325//2638 1312//2638 1327//2638
f 1312//2639 1305//2639 1311//2639
f 1327//2640 1312//2640 1311//2640
f 1304//2641 1303//2641 1310//2641
f 1303//2642 1302//2642 1310//2642
f 1305//2643 1304//2643 1311//2643
f 1594//2644 1591//2644 1328//2644
f 1328//2645 1327//2645 1592//2645
f 1327//2646 1311//2646 1313//2646
f 1592//2647 1594//2647 1328//2647
f 1313//2648 1595//2648 1593//2648
f 1593//2649 1592//2649 1327//2649
f 1304//2650 1310//2650 1311//2650
f 1302//2651 1297//2651 1309//2651
f 1310//2652 1302//2652 1309//2652
f 1297//2653 1296//2653 1298//2653
f 1296//2654 1295//2654 1298//2654
f 1313//2655 1593//2655 1327//2655
f 1297//2656 1298//2656 1299//2656
f 1297//2657 1299//2657 1309//2657
f 1307//2658 1308//2658 1301//2658
f 1308//2659 1309//2659 1299//2659
f 1301//2660 1308//2660 1299//2660
f 1300//2661 1294//2661 1286//2661
f 1294//2662 1287//2662 1286//2662
f 1307//2663 1301//2663 1306//2663
f 1301//2664 1300//2664 1306//2664
f 1286//2665 1285//2665 1277//2665
f 1285//2666 1284//2666 1268//2666
f 1277//2667 1285//2667 1268//2667
f 1282//2668 1283//2668 1260//2668
f 1283//2669 1258//2669 1260//2669
f 1300//2670 1286//2670 1277//2670
f 1284//2671 1282//2671 1268//2671
f 1268//2672 1282//2672 1266//2672
f 1253//2673 1251//2673 1259//2673
f 1251//2674 1248//2674 1259//2674
f 1258//2675 1253//2675 1260//2675
f 1306//2676 1300//2676 1292//2676
f 1292//2677 1300//2677 1277//2677
f 1277//2678 1293//2678 1292//2678
f 1266//2679 1282//2679 1260//2679
f 1248//2680 1246//2680 1247//2680
f 1246//2681 1244//2681 1245//2681
f 1247//2682 1246//2682 1245//2682
f 1240//2683 1241//2683 1235//2683
f 1244//2684 1240//2684 1242//2684
f 1240//2685 1235//2685 1237//2685
f 1237//2686 1235//2686 1236//2686
f 1235//2687 1233//2687 1236//2687
f 1233//2688 1231//2688 1232//2688
f 1216//2689 1217//2689 1221//2689
f 1217//2690 1214//2690 1221//2690
f 1213//2691 1211//2691 1212//2691
f 1211//2692 1209//2692 1212//2692
f 1214//2693 1213//2693 1220//2693
f 1220//2694 1213//2694 1215//2694
f 1209//2695 1207//2695 1208//2695
f 1207//2696 1206//2696 1205//2696
f 1208//2697 1210//2697 1209//2697
f 1210//2698 1212//2698 1209//2698
f 1207//2699 1205//2699 1208//2699
f 1212//2700 1215//2700 1213//2700
f 1220//2701 1219//2701 1214//2701
f 1221//2702 1222//2702 1216//2702
f 1222//2703 1224//2703 1216//2703
f 1219//2704 1221//2704 1214//2704
f 1224//2705 1225//2705 1223//2705
f 1227//2706 1229//2706 1228//2706
f 1229//2707 1230//2707 1228//2707
f 1224//2708 1223//2708 1218//2708
f 1223//2709 1227//2709 1218//2709
f 1218//2710 1216//2710 1224//2710
f 1232//2711 1234//2711 1233//2711
f 1234//2712 1236//2712 1233//2712
f 1226//2713 1218//2713 1227//2713
f 1228//2714 1226//2714 1227//2714
f 1237//2715 1239//2715 1240//2715
f 1239//2716 1238//2716 1242//2716
f 1238//2717 1243//2717 1242//2717
f 1239//2718 1242//2718 1240//2718
f 1231//2719 1228//2719 1230//2719
f 1231//2720 1230//2720 1232//2720
f 1260//2721 1253//2721 1259//2721
f 1263//2722 1266//2722 1262//2722
f 1264//2723 1265//2723 1263//2723
f 1260//2724 1261//2724 1262//2724
f 1262//2725 1264//2725 1263//2725
f 1249//2726 1250//2726 1256//2726
f 1250//2727 1252//2727 1254//2727
f 1256//2728 1250//2728 1254//2728
f 1252//2729 1255//2729 1254//2729
f 1256//2730 1257//2730 1249//2730
f 1257//2731 1259//2731 1249//2731
f 1249//2732 1259//2732 1248//2732
f 1260//2733 1262//2733 1266//2733
f 1244//2734 1242//2734 1245//2734
f 1276//2735 1459//2735 1458//2735
f 1461//2736 1465//2736 1464//2736
f 1458//2737 1461//2737 1463//2737
f 1461//2738 1464//2738 1463//2738
f 1463//2739 1460//2739 1458//2739
f 1460//2740 1462//2740 1458//2740
f 1462//2741 1466//2741 1468//2741
f 1458//2742 1462//2742 1276//2742
f 1466//2743 1469//2743 1468//2743
f 1468//2744 1467//2744 1271//2744
f 1276//2745 1468//2745 1271//2745
f 1468//2746 1276//2746 1462//2746
f 1470//2747 1471//2747 1472//2747
f 1470//2748 1472//2748 1281//2748
f 1472//2749 1473//2749 1478//2749
f 1470//2750 1274//2750 1467//2750
f 1271//2751 1270//2751 1276//2751
f 1274//2752 1470//2752 1275//2752
f 1473//2753 1474//2753 1478//2753
f 1270//2754 1271//2754 1269//2754
f 1467//2755 1274//2755 1271//2755
f 1273//2756 1272//2756 1269//2756
f 1272//2757 1270//2757 1269//2757
f 1271//2758 1267//2758 1269//2758
f 1275//2759 1470//2759 1281//2759
f 1474//2760 1476//2760 1479//2760
f 1281//2761 1472//2761 1482//2761
f 1477//2762 1484//2762 1481//2762
f 1484//2763 1483//2763 1485//2763
f 1481//2764 1484//2764 1485//2764
f 1483//2765 1486//2765 1485//2765
f 1478//2766 1474//2766 1475//2766
f 1279//2767 1275//2767 1278//2767
f 1278//2768 1280//2768 1279//2768
f 1290//2769 1289//2769 1288//2769
f 1289//2770 1281//2770 1288//2770
f 1281//2771 1278//2771 1275//2771
f 1476//2772 1477//2772 1480//2772
f 1482//2773 1472//2773 1478//2773
f 1486//2774 1489//2774 1487//2774
f 1489//2775 1490//2775 1488//2775
f 1474//2776 1479//2776 1475//2776
f 1476//2777 1480//2777 1479//2777
f 1490//2778 1492//2778 1491//2778
f 1492//2779 1494//2779 1491//2779
f 1489//2780 1488//2780 1487//2780
f 1288//2781 1281//2781 1482//2781
f 1480//2782 1477//2782 1481//2782
f 1490//2783 1491//2783 1488//2783
f 1291//2784 1288//2784 1482//2784
f 1315//2785 1318//2785 1599//2785
f 1599//2786 1291//2786 1598//2786
f 1487//2787 1485//2787 1486//2787
f 1595//2788 1313//2788 1315//2788
f 1595//2789 1315//2789 1598//2789
f 1315//2790 1599//2790 1598//2790
f 1482//2791 1613//2791 1291//2791
f 1613//2792 1611//2792 1291//2792
f 1600//2793 1598//2793 1291//2793
f 1607//2794 1601//2794 1600//2794
f 1291//2795 1611//2795 1600//2795
f 1388//2796 1389//2796 1380//2796
f 1380//2797 1378//2797 1379//2797
f 1378//2798 1377//2798 1379//2798
f 1390//2799 1388//2799 1381//2799
f 1388//2800 1380//2800 1381//2800
f 1391//2801 1390//2801 1382//2801
f 1380//2802 1379//2802 1381//2802
f 1381//2803 1382//2803 1390//2803
f 1383//2804 1614//2804 1345//2804
f 1391//2805 1382//2805 1615//2805
f 1382//2806 1383//2806 1612//2806
f 1619//2807 1618//2807 1617//2807
f 1617//2808 1391//2808 1616//2808
f 1382//2809 1612//2809 1615//2809
f 1383//2810 1345//2810 1612//2810
f 1620//2811 1619//2811 1499//2811
f 1619//2812 1617//2812 1503//2812
f 1503//2813 1617//2813 1616//2813
f 1621//2814 1622//2814 1620//2814
f 1624//2815 1623//2815 1625//2815
f 1623//2816 1621//2816 1632//2816
f 1631//2817 1625//2817 1632//2817
f 1632//2818 1625//2818 1623//2818
f 1621//2819 1620//2819 1632//2819
f 1391//2820 1615//2820 1616//2820
f 1345//2821 1343//2821 1610//2821
f 1612//2822 1345//2822 1610//2822
f 1500//2823 1635//2823 1633//2823
f 1633//2824 1632//2824 1497//2824
f 1632//2825 1620//2825 1498//2825
f 1498//2826 1620//2826 1499//2826
f 1343//2827 1341//2827 1344//2827
f 1341//2828 1342//2828 1339//2828
f 1342//2829 1338//2829 1339//2829
f 1339//2830 1344//2830 1341//2830
f 1346//2831 1606//2831 1605//2831
f 1344//2832 1346//2832 1609//2832
f 1343//2833 1344//2833 1609//2833
f 1343//2834 1609//2834 1610//2834
f 1501//2835 1500//2835 1633//2835
f 1492//2836 1493//2836 1496//2836
f 1493//2837 1495//2837 1496//2837
f 1495//2838 1501//2838 1633//2838
f 1346//2839 1605//2839 1608//2839
f 1495//2840 1633//2840 1496//2840
f 1496//2841 1494//2841 1492//2841
f 1605//2842 1603//2842 1601//2842
f 1603//2843 1602//2843 1596//2843
f 1596//2844 1597//2844 1603//2844
f 1597//2845 1601//2845 1603//2845
f 1601//2846 1607//2846 1605//2846
f 1607//2847 1608//2847 1605//2847
f 1608//2848 1609//2848 1346//2848
f 1497//2849 1496//2849 1633//2849
f 1498//2850 1497//2850 1632//2850
f 1537//2851 1536//2851 1532//2851
f 1532//2852 1539//2852 1540//2852
f 1539//2853 1542//2853 1541//2853
f 1532//2854 1540//2854 1538//2854
f 1541//2855 1540//2855 1539//2855
f 1544//2856 1537//2856 1543//2856
f 1537//2857 1532//2857 1531//2857
f 1543//2858 1537//2858 1531//2858
f 1560//2859 1558//2859 1557//2859
f 1558//2860 1555//2860 1557//2860
f 1569//2861 1563//2861 1567//2861
f 1563//2862 1561//2862 1567//2862
f 1561//2863 1557//2863 1559//2863
f 1557//2864 1555//2864 1559//2864
f 1555//2865 1544//2865 1554//2865
f 1559//2866 1555//2866 1554//2866
f 1572//2867 1573//2867 1574//2867
f 1574//2868 1567//2868 1575//2868
f 1567//2869 1561//2869 1565//2869
f 1565//2870 1561//2870 1559//2870
f 1575//2871 1572//2871 1574//2871
f 1568//2872 1576//2872 1565//2872
f 1576//2873 1575//2873 1567//2873
f 1565//2874 1576//2874 1567//2874
f 1532//2875 1538//2875 1531//2875
f 1553//2876 1552//2876 1543//2876
f 1552//2877 1554//2877 1544//2877
f 1585//2878 1586//2878 1584//2878
f 1587//2879 1585//2879 1549//2879
f 1585//2880 1584//2880 1549//2880
f 1590//2881 1588//2881 1589//2881
f 1588//2882 1587//2882 1551//2882
f 1589//2883 1588//2883 1551//2883
f 1584//2884 1583//2884 1550//2884
f 1549//2885 1584//2885 1548//2885
f 1582//2886 1581//2886 1578//2886
f 1581//2887 1580//2887 1578//2887
f 1551//2888 1587//2888 1549//2888
f 1580//2889 1579//2889 1578//2889
f 1579//2890 1577//2890 1578//2890
f 1548//2891 1584//2891 1547//2891
f 1577//2892 1576//2892 1568//2892
f 1578//2893 1577//2893 1568//2893
f 1583//2894 1582//2894 1550//2894
f 1556//2895 1552//2895 1553//2895
f 1582//2896 1578//2896 1556//2896
f 1550//2897 1582//2897 1553//2897
f 1556//2898 1553//2898 1582//2898
f 1584//2899 1550//2899 1547//2899
f 1546//2900 1545//2900 1547//2900
f 1545//2901 1548//2901 1547//2901
f 1541//2902 1542//2902 1546//2902
f 1528//2903 1530//2903 1535//2903
f 1530//2904 1532//2904 1536//2904
f 1535//2905 1530//2905 1536//2905
f 1525//2906 1527//2906 1534//2906
f 1527//2907 1528//2907 1534//2907
f 1516//2908 1526//2908 1524//2908
f 1526//2909 1525//2909 1524//2909
f 1515//2910 1517//2910 1514//2910
f 1517//2911 1516//2911 1514//2911
f 1564//2912 1525//2912 1562//2912
f 1528//2913 1535//2913 1534//2913
f 1525//2914 1564//2914 1529//2914
f 1525//2915 1534//2915 1562//2915
f 1562//2916 1558//2916 1560//2916
f 1516//2917 1524//2917 1520//2917
f 1562//2918 1560//2918 1564//2918
f 1514//2919 1516//2919 1520//2919
f 1564//2920 1566//2920 1529//2920
f 1566//2921 1563//2921 1569//2921
f 1570//2922 1573//2922 1571//2922
f 1573//2923 1572//2923 1571//2923
f 1566//2924 1569//2924 1533//2924
f 1569//2925 1570//2925 1533//2925
f 1511//2926 1515//2926 1513//2926
f 1504//2927 1506//2927 1505//2927
f 1506//2928 1508//2928 1505//2928
f 1505//2929 1510//2929 1504//2929
f 1509//2930 1507//2930 1508//2930
f 1507//2931 1505//2931 1508//2931
f 1518//2932 1519//2932 1513//2932
f 1513//2933 1509//2933 1511//2933
f 1511//2934 1509//2934 1508//2934
f 1514//2935 1518//2935 1515//2935
f 1518//2936 1513//2936 1515//2936
f 1524//2937 1521//2937 1520//2937
f 1529//2938 1524//2938 1525//2938
f 1571//2939 1533//2939 1570//2939
f 1692//2940 1691//2940 1523//2940
f 1691//2941 1689//2941 1523//2941
f 1688//2942 1690//2942 1639//2942
f 1689//2943 1688//2943 1522//2943
f 1688//2944 1639//2944 1638//2944
f 1688//2945 1638//2945 1522//2945
f 1522//2946 1523//2946 1689//2946
f 1504//2947 1510//2947 1634//2947
f 1510//2948 1512//2948 1634//2948
f 1512//2949 1522//2949 1628//2949
f 1628//2950 1638//2950 1636//2950
f 1522//2951 1638//2951 1628//2951
f 1636//2952 1640//2952 1637//2952
f 1636//2953 1637//2953 1629//2953
f 1502//2954 1504//2954 1634//2954
f 1635//2955 1500//2955 1502//2955
f 1634//2956 1635//2956 1502//2956
f 1634//2957 1512//2957 1628//2957
f 1636//2958 1629//2958 1628//2958
f 1627//2959 1626//2959 1630//2959
f 1626//2960 1625//2960 1631//2960
f 1630//2961 1626//2961 1631//2961
f 1628//2962 1627//2962 1630//2962
f 1737//2963 1740//2963 1644//2963
f 1740//2964 1648//2964 1644//2964
f 1646//2965 1647//2965 1645//2965
f 1648//2966 1646//2966 1645//2966
f 1644//2967 1648//2967 1643//2967
f 1704//2968 1738//2968 1701//2968
f 1738//2969 1736//2969 1701//2969
f 1648//2970 1645//2970 1642//2970
f 1736//2971 1737//2971 1690//2971
f 1701//2972 1736//2972 1696//2972
f 1701//2973 1703//2973 1704//2973
f 1698//2974 1700//2974 1699//2974
f 1700//2975 1701//2975 1697//2975
f 1697//2976 1699//2976 1700//2976
f 1692//2977 1695//2977 1691//2977
f 1695//2978 1696//2978 1694//2978
f 1691//2979 1695//2979 1694//2979
f 1696//2980 1697//2980 1701//2980
f 1696//2981 1736//2981 1693//2981
f 1648//2982 1642//2982 1643//2982
f 1642//2983 1641//2983 1643//2983
f 1641//2984 1637//2984 1643//2984
f 1637//2985 1640//2985 1643//2985
f 1644//2986 1639//2986 1737//2986
f 1639//2987 1690//2987 1737//2987
f 1693//2988 1736//2988 1690//2988
f 1652//2989 1651//2989 1649//2989
f 1651//2990 1650//2990 1649//2990
f 1649//2991 1648//2991 1683//2991
f 1648//2992 1740//2992 1683//2992
f 1655//2993 1654//2993 1653//2993
f 1653//2994 1652//2994 1682//2994
f 1652//2995 1649//2995 1682//2995
f 1682//2996 1649//2996 1683//2996
f 1740//2997 1742//2997 1743//2997
f 1740//2998 1743//2998 1683//2998
f 1655//2999 1653//2999 1680//2999
f 1657//3000 1658//3000 1656//3000
f 1656//3001 1655//3001 1670//3001
f 1743//3002 1745//3002 1683//3002
f 1745//3003 1744//3003 1687//3003
f 1683//3004 1745//3004 1684//3004
f 1657//3005 1656//3005 1669//3005
f 1653//3006 1682//3006 1680//3006
f 1669//3007 1659//3007 1657//3007
f 1670//3008 1669//3008 1656//3008
f 1741//3009 1739//3009 1738//3009
f 1741//3010 1738//3010 1727//3010
f 1738//3011 1704//3011 1706//3011
f 1704//3012 1705//3012 1707//3012
f 1704//3013 1707//3013 1702//3013
f 1744//3014 1741//3014 1732//3014
f 1738//3015 1706//3015 1708//3015
f 1674//3016 1672//3016 1671//3016
f 1673//3017 1674//3017 1671//3017
f 1673//3018 1671//3018 1670//3018
f 1676//3019 1673//3019 1679//3019
f 1673//3020 1670//3020 1679//3020
f 1738//3021 1708//3021 1727//3021
f 1704//3022 1702//3022 1706//3022
f 1680//3023 1670//3023 1655//3023
f 1679//3024 1747//3024 1677//3024
f 1679//3025 1677//3025 1676//3025
f 1680//3026 1678//3026 1679//3026
f 1680//3027 1679//3027 1670//3027
f 1711//3028 1710//3028 1719//3028
f 1710//3029 1717//3029 1718//3029
f 1741//3030 1727//3030 1732//3030
f 1708//3031 1711//3031 1724//3031
f 1727//3032 1708//3032 1724//3032
f 1710//3033 1718//3033 1719//3033
f 1719//3034 1724//3034 1711//3034
f 1686//3035 1685//3035 1684//3035
f 1686//3036 1745//3036 1687//3036
f 1686//3037 1684//3037 1745//3037
f 1733//3038 1734//3038 1744//3038
f 1734//3039 1687//3039 1744//3039
f 1724//3040 1719//3040 1720//3040
f 1724//3041 1720//3041 1721//3041
f 1720//3042 1722//3042 1721//3042
f 1721//3043 1722//3043 1723//3043
f 1722//3044 1725//3044 1723//3044
f 1728//3045 1726//3045 1723//3045
f 1728//3046 1723//3046 1725//3046
f 1731//3047 1730//3047 1729//3047
f 1730//3048 1728//3048 1725//3048
f 1748//3049 1749//3049 1731//3049
f 1687//3050 1734//3050 1735//3050
f 1735//3051 1748//3051 1681//3051
f 1748//3052 1731//3052 1681//3052
f 1730//3053 1725//3053 1729//3053
f 1746//3054 1687//3054 1735//3054
f 1731//3055 1729//3055 1750//3055
f 1746//3056 1735//3056 1681//3056
f 1747//3057 1679//3057 1681//3057
f 1731//3058 1750//3058 1753//3058
f 1750//3059 1751//3059 1752//3059
f 1731//3060 1753//3060 1754//3060
f 1751//3061 1757//3061 1752//3061
f 1752//3062 1753//3062 1750//3062
f 1681//3063 1731//3063 1754//3063
f 1747//3064 1681//3064 1754//3064
f 1754//3065 1896//3065 1747//3065
f 1896//3066 1773//3066 1892//3066
f 1773//3067 1771//3067 1894//3067
f 1771//3068 1897//3068 1894//3068
f 1896//3069 1892//3069 1890//3069
f 1773//3070 1894//3070 1892//3070
f 1889//3071 1747//3071 1890//3071
f 1890//3072 1747//3072 1896//3072
f 1888//3073 1889//3073 1891//3073
f 1890//3074 1891//3074 1889//3074
f 1891//3075 1665//3075 1888//3075
f 1665//3076 1666//3076 1664//3076
f 1663//3077 1662//3077 1668//3077
f 1662//3078 1661//3078 1668//3078
f 1665//3079 1664//3079 1888//3079
f 1664//3080 1663//3080 1675//3080
f 1888//3081 1664//3081 1675//3081
f 1661//3082 1660//3082 1668//3082
f 1672//3083 1674//3083 1675//3083
f 1660//3084 1659//3084 1669//3084
f 1675//3085 1663//3085 1672//3085
f 1668//3086 1672//3086 1663//3086
f 1756//3087 1752//3087 1755//3087
f 1752//3088 1757//3088 1760//3088
f 1755//3089 1752//3089 1760//3089
f 1758//3090 1759//3090 1760//3090
f 1757//3091 1758//3091 1760//3091
f 1897//3092 1771//3092 1770//3092
f 1771//3093 1768//3093 1770//3093
f 1761//3094 1763//3094 1764//3094
f 1761//3095 1764//3095 1762//3095
f 1756//3096 1755//3096 1761//3096
f 1895//3097 1897//3097 1770//3097
f 1768//3098 1756//3098 1762//3098
f 1756//3099 1761//3099 1762//3099
f 1762//3100 1765//3100 1768//3100
f 1805//3101 1815//3101 1813//3101
f 1812//3102 1809//3102 1808//3102
f 1805//3103 1813//3103 1804//3103
f 1813//3104 1812//3104 1804//3104
f 1799//3105 1802//3105 1797//3105
f 1802//3106 1803//3106 1797//3106
f 1803//3107 1805//3107 1804//3107
f 1812//3108 1808//3108 1806//3108
f 1806//3109 1807//3109 1804//3109
f 1801//3110 1800//3110 1798//3110
f 1812//3111 1806//3111 1804//3111
f 1804//3112 1801//3112 1803//3112
f 1801//3113 1798//3113 1797//3113
f 1801//3114 1797//3114 1803//3114
f 1792//3115 1799//3115 1797//3115
f 1794//3116 1795//3116 1796//3116
f 1795//3117 1792//3117 1796//3117
f 1785//3118 1788//3118 1786//3118
f 1788//3119 1787//3119 1789//3119
f 1786//3120 1788//3120 1789//3120
f 1787//3121 1794//3121 1791//3121
f 1797//3122 1796//3122 1792//3122
f 1791//3123 1793//3123 1790//3123
f 1796//3124 1791//3124 1794//3124
f 1791//3125 1790//3125 1787//3125
f 1790//3126 1789//3126 1787//3126
f 1782//3127 1785//3127 1784//3127
f 1784//3128 1785//3128 1786//3128
f 1781//3129 1782//3129 1783//3129
f 1782//3130 1784//3130 1783//3130
f 1780//3131 1781//3131 1779//3131
f 1781//3132 1783//3132 1779//3132
f 1714//3133 1715//3133 1716//3133
f 1716//3134 1780//3134 1778//3134
f 1780//3135 1779//3135 1778//3135
f 1778//3136 1777//3136 1776//3136
f 1713//3137 1714//3137 1776//3137
f 1714//3138 1716//3138 1776//3138
f 1707//3139 1705//3139 1709//3139
f 1705//3140 1712//3140 1709//3140
f 1712//3141 1713//3141 1774//3141
f 1774//3142 1713//3142 1776//3142
f 1716//3143 1778//3143 1776//3143
f 1776//3144 1775//3144 1774//3144
f 1709//3145 1712//3145 1717//3145
f 1717//3146 1710//3146 1709//3146
f 1774//3147 1931//3147 1717//3147
f 1930//3148 1929//3148 1928//3148
f 1712//3149 1774//3149 1717//3149
f 1931//3150 1930//3150 1927//3150
f 1930//3151 1928//3151 1927//3151
f 1927//3152 1926//3152 1766//3152
f 1926//3153 1769//3153 1766//3153
f 1767//3154 1760//3154 1759//3154
f 1759//3155 1717//3155 1931//3155
f 1931//3156 1927//3156 1759//3156
f 1766//3157 1764//3157 1763//3157
f 1927//3158 1766//3158 1767//3158
f 1767//3159 1759//3159 1927//3159
f 1923//3160 1924//3160 1906//3160
f 1924//3161 1922//3161 1906//3161
f 1922//3162 1921//3162 1920//3162
f 1919//3163 1918//3163 1908//3163
f 1918//3164 1916//3164 1908//3164
f 1922//3165 1920//3165 1906//3165
f 1920//3166 1919//3166 1907//3166
f 1920//3167 1907//3167 1906//3167
f 1919//3168 1908//3168 1907//3168
f 1925//3169 1923//3169 1904//3169
f 1769//3170 1926//3170 1925//3170
f 1895//3171 1770//3171 1772//3171
f 1772//3172 1769//3172 1904//3172
f 1769//3173 1925//3173 1904//3173
f 1923//3174 1906//3174 1904//3174
f 1895//3175 1772//3175 1902//3175
f 1902//3176 1893//3176 1895//3176
f 1861//3177 1862//3177 1881//3177
f 1862//3178 1860//3178 1882//3178
f 1881//3179 1862//3179 1882//3179
f 1864//3180 1863//3180 1880//3180
f 1863//3181 1861//3181 1880//3181
f 1866//3182 1865//3182 1878//3182
f 1865//3183 1864//3183 1880//3183
f 1878//3184 1865//3184 1880//3184
f 1868//3185 1867//3185 1866//3185
f 1870//3186 1871//3186 1869//3186
f 1869//3187 1868//3187 1872//3187
f 1868//3188 1866//3188 1873//3188
f 1872//3189 1868//3189 1873//3189
f 1873//3190 1866//3190 1878//3190
f 1870//3191 1869//3191 1872//3191
f 1860//3192 1859//3192 1883//3192
f 1876//3193 1875//3193 1874//3193
f 1874//3194 1873//3194 1878//3194
f 1880//3195 1861//3195 1881//3195
f 1857//3196 1858//3196 1667//3196
f 1876//3197 1874//3197 1877//3197
f 1877//3198 1874//3198 1878//3198
f 1880//3199 1879//3199 1878//3199
f 1859//3200 1857//3200 1884//3200
f 1860//3201 1883//3201 1882//3201
f 1883//3202 1859//3202 1884//3202
f 1667//3203 1665//3203 1891//3203
f 1884//3204 1857//3204 1885//3204
f 1857//3205 1667//3205 1886//3205
f 1885//3206 1857//3206 1886//3206
f 1667//3207 1891//3207 1886//3207
f 1891//3208 1893//3208 1905//3208
f 1886//3209 1891//3209 1887//3209
f 1893//3210 1902//3210 1903//3210
f 1893//3211 1903//3211 1905//3211
f 1887//3212 1891//3212 1905//3212
f 1909//3213 1908//3213 1916//3213
f 1887//3214 1905//3214 1899//3214
f 1905//3215 1909//3215 1912//3215
f 1899//3216 1905//3216 1898//3216
f 1898//3217 1900//3217 1899//3217
f 1898//3218 1905//3218 1901//3218
f 1909//3219 1916//3219 1914//3219
f 1916//3220 1917//3220 1915//3220
f 1914//3221 1916//3221 1915//3221
f 1914//3222 1913//3222 1912//3222
f 1910//3223 1911//3223 1901//3223
f 1914//3224 1912//3224 1909//3224
f 1912//3225 1910//3225 1905//3225
f 1834//3226 1838//3226 1836//3226
f 1833//3227 1832//3227 1831//3227
f 1832//3228 1827//3228 1822//3228
f 1831//3229 1832//3229 1830//3229
f 1834//3230 1836//3230 1833//3230
f 1824//3231 1835//3231 1830//3231
f 1835//3232 1831//3232 1830//3232
f 1831//3233 1834//3233 1833//3233
f 1827//3234 1829//3234 1828//3234
f 1822//3235 1830//3235 1832//3235
f 1827//3236 1828//3236 1820//3236
f 1822//3237 1827//3237 1819//3237
f 1820//3238 1817//3238 1819//3238
f 1817//3239 1818//3239 1819//3239
f 1849//3240 1847//3240 1848//3240
f 1847//3241 1846//3241 1845//3241
f 1846//3242 1841//3242 1844//3242
f 1841//3243 1842//3243 1844//3243
f 1842//3244 1837//3244 1844//3244
f 1847//3245 1845//3245 1848//3245
f 1845//3246 1846//3246 1844//3246
f 1823//3247 1825//3247 1811//3247
f 1825//3248 1826//3248 1811//3248
f 1810//3249 1809//3249 1814//3249
f 1809//3250 1812//3250 1814//3250
f 1823//3251 1811//3251 1810//3251
f 1837//3252 1823//3252 1839//3252
f 1823//3253 1810//3253 1821//3253
f 1814//3254 1817//3254 1810//3254
f 1817//3255 1818//3255 1810//3255
f 1821//3256 1824//3256 1839//3256
f 1824//3257 1835//3257 1839//3257
f 1818//3258 1821//3258 1810//3258
f 1823//3259 1821//3259 1839//3259
f 1855//3260 1856//3260 1853//3260
f 1856//3261 1851//3261 1853//3261
f 1852//3262 1854//3262 1853//3262
f 1853//3263 1851//3263 1852//3263
f 1851//3264 1849//3264 1850//3264
f 1850//3265 1852//3265 1851//3265
f 1840//3266 1838//3266 1843//3266
f 1838//3267 1836//3267 1843//3267
f 1840//3268 1843//3268 1837//3268
f 1843//3269 1844//3269 1837//3269
f 1839//3270 1840//3270 1837//3270
f 1933//3271 1934//3271 1935//3271
f 1934//3272 1932//3272 1935//3272
f 1968//3273 1967//3273 1964//3273
f 1967//3274 1966//3274 1964//3274
f 1971//3275 1970//3275 1969//3275
f 1970//3276 1968//3276 1969//3276
f 1978//3277 1974//3277 1973//3277
f 1978//3278 1973//3278 1979//3278
f 1973//3279 1971//3279 1972//3279
f 1979//3280 1973//3280 1975//3280
f 1981//3281 1980//3281 1979//3281
f 1980//3282 1978//3282 1979//3282
f 1975//3283 1976//3283 1979//3283
f 1968//3284 1964//3284 1969//3284
f 1966//3285 1960//3285 1961//3285
f 1964//3286 1966//3286 1961//3286
f 1972//3287 1975//3287 1973//3287
f 1969//3288 1972//3288 1971//3288
f 1955//3289 1961//3289 1960//3289
f 1952//3290 1953//3290 1950//3290
f 1953//3291 1955//3291 1954//3291
f 1949//3292 1952//3292 1947//3292
f 1953//3293 1954//3293 1950//3293
f 1954//3294 1955//3294 1960//3294
f 1951//3295 1949//3295 1947//3295
f 1956//3296 1951//3296 1942//3296
f 1952//3297 1950//3297 1947//3297
f 1951//3298 1947//3298 1941//3298
f 1951//3299 1941//3299 1942//3299
f 1941//3300 1933//3300 1939//3300
f 1942//3301 1941//3301 1939//3301
f 1958//3302 1956//3302 1948//3302
f 1982//3303 1983//3303 1977//3303
f 1985//3304 1984//3304 1982//3304
f 1959//3305 1963//3305 1962//3305
f 1963//3306 1965//3306 1977//3306
f 1962//3307 1963//3307 1977//3307
f 1965//3308 1985//3308 1982//3308
f 1982//3309 1977//3309 1965//3309
f 1957//3310 1959//3310 1962//3310
f 1942//3311 1948//3311 1956//3311
f 1948//3312 1957//3312 1958//3312
f 1958//3313 1957//3313 1962//3313
f 1940//3314 1944//3314 1946//3314
f 1946//3315 1945//3315 1943//3315
f 1943//3316 1937//3316 1940//3316
f 1937//3317 1936//3317 1938//3317
f 1937//3318 1938//3318 1940//3318
f 1936//3319 1935//3319 1932//3319
f 1938//3320 1936//3320 1932//3320
f 1940//3321 1946//3321 1943//3321
l 3158 3159
