# Blender 4.1.1
# www.blender.org
mtllib CaveC.mtl
o CaveCNavMesh_ScaledMesh
v -46.613525 4.574144 21.619675
v -46.343811 4.524263 20.758400
v -45.876038 4.580247 21.377060
v -45.783386 4.479082 20.286888
v -46.194580 4.415666 20.138725
v -44.786560 4.400041 19.646324
v -42.648132 4.213838 19.685188
v -44.146118 4.103487 18.668961
v -45.262024 4.612398 21.960693
v -41.388977 4.183244 19.647095
v -40.202026 4.144914 18.768776
v -39.669189 4.120409 18.075302
v -40.502869 4.141054 18.517174
v -45.547729 4.662142 23.749763
v -45.617188 4.655336 23.154106
v -45.556946 4.635988 22.574585
v -46.020508 4.617418 22.518555
v -46.359497 5.032625 24.060318
v -46.515015 5.073442 25.236404
v -46.888611 5.099413 25.891716
v -47.289429 4.204988 26.809021
v -48.014038 3.737429 27.505310
v -47.377075 3.727877 27.503777
v -46.058960 3.972124 27.678062
v -48.227356 3.716875 28.297295
v -48.810547 3.652941 27.564209
v -48.587830 3.865694 28.891525
v -49.156433 3.665377 26.916954
v -45.597229 3.872164 28.233627
v -43.961060 3.763567 28.415436
v -44.727966 3.656374 29.021561
v -45.334106 3.666323 29.020027
v -44.797852 3.582827 29.907570
v -44.415100 3.616274 29.446205
v -42.706665 3.656267 29.320107
v -41.867981 3.637805 30.292252
v -41.526184 3.644351 30.950165
v -36.406921 4.412966 33.871758
v -37.255371 4.095400 34.625580
v -35.763245 4.494189 33.635139
v -34.027588 4.499056 34.101173
v -37.532593 4.025104 35.560890
v -37.388000 4.058551 36.575623
v -36.856506 4.108218 37.478226
v -34.070496 4.493380 33.888588
v -34.413635 4.488863 32.830490
v -32.224548 4.525760 35.091400
v -32.630615 4.538318 35.408218
v -32.994690 4.563067 35.881004
v -30.961182 4.567996 35.150726
v -33.017700 4.603580 36.448494
v -30.390747 4.572527 34.522438
v -29.892212 4.552783 33.527039
v -29.846558 4.500155 32.536148
v -34.375916 4.511721 31.986145
v -34.129395 4.552065 32.388542
v -33.952881 4.539904 31.167465
v -33.041626 4.503726 30.306190
v -31.993347 4.513155 30.437042
v -31.442505 4.516085 31.280876
v -30.920044 4.478014 31.585968
v -31.226990 4.406801 25.946739
v -31.844543 4.410677 26.553261
v -31.138916 4.427889 26.946640
v -30.621887 4.425097 26.494789
v -28.448059 4.427614 26.308029
v -28.361328 4.377718 25.094322
v -27.795105 4.449358 27.187462
v -27.781799 4.347307 24.133980
v -27.150635 4.456423 27.691429
v -27.050720 4.376528 23.480621
v -25.932861 4.402987 27.706818
v -23.976135 4.381335 28.873940
v -24.905701 4.370577 26.747406
v -23.388489 4.376635 28.070534
v -23.701355 4.345782 30.340797
v -24.448608 4.378496 26.088905
v -21.015869 4.414446 27.220627
v -21.499878 4.430162 27.621704
v -20.875366 4.399767 26.620079
v -19.927124 4.371431 25.788483
v -24.564575 4.448381 24.865219
v -25.662292 4.402086 23.720741
v -37.970337 4.127946 15.670891
v -38.641846 4.138185 14.849213
v -38.613403 4.080324 16.151085
v -39.186829 4.055909 15.485199
v -40.214478 4.094392 17.359978
v -40.813049 4.041246 16.829987
v -41.615784 3.910997 15.870377
v -42.141296 3.860734 15.120979
v -41.094238 3.843843 14.176132
v -41.366821 3.775422 13.602234
v -42.284241 3.707231 13.431114
v -30.147522 3.872041 10.502968
v -30.714417 3.822526 9.653229
v -28.681030 3.930176 10.623947
v -30.897339 3.767808 8.426109
v -27.772461 3.939606 10.596962
v -28.205383 3.920869 10.332436
v -26.867310 3.920197 10.808754
v -31.941772 3.584916 6.833374
v -32.665649 3.443680 5.742195
v -25.266846 3.983888 11.660110
v -23.958496 4.018006 11.855804
v -22.302490 4.009782 12.002930
v -20.632751 4.290360 13.877106
v -20.225220 4.247392 14.963760
v -20.052551 4.389741 14.493401
v -21.875244 4.438753 19.322235
v -22.264465 4.470186 18.765625
v -20.697937 4.451234 19.332542
v -22.551575 4.391481 17.995926
v -20.265869 4.466600 18.690681
v -21.958069 4.379304 17.110291
v -21.012939 4.335329 16.903076
v -20.527954 4.529207 17.997604
v -20.575439 4.427675 17.423683
v -19.283447 4.282716 15.501930
v -19.367615 4.352235 15.188271
v -18.223816 4.266572 15.983078
v -17.643860 4.314302 16.011894
v -17.697754 4.384019 16.590019
v -18.314941 4.381517 17.039307
v -17.682922 4.407228 17.808998
v -17.204773 4.439317 19.149055
v -16.904175 4.452409 17.950394
v -16.972839 4.426240 17.513168
v -16.378784 4.420351 17.679985
v -15.900085 4.472337 19.297600
v -16.354858 4.409715 20.030304
v -15.524414 4.430788 19.095459
v -15.429688 4.419115 18.614479
v -16.591858 4.436479 20.982674
v -17.092468 4.443605 21.829124
v -16.344666 4.416872 22.512398
v -17.885315 4.411165 25.060272
v -18.603821 4.382662 25.439026
v -16.577820 4.410967 25.219536
v -13.914307 4.365755 22.328568
v -15.529114 4.588015 26.215424
v -15.298523 4.608797 27.087662
v -13.006470 4.378832 22.355164
v -13.221863 4.362001 22.042709
v -13.487366 4.455629 23.111809
v -13.613708 4.653826 24.966034
v -12.592102 4.683016 26.976067
v -15.596375 4.593096 27.445610
v -11.459839 4.721956 27.895691
v -11.643250 4.699205 27.425659
v -11.950256 4.697100 29.242355
v -16.538574 4.440569 28.336494
v -13.212402 4.492510 30.308563
v -11.948547 4.575198 30.330261
v -14.247192 3.973803 31.332428
v -16.732239 4.362994 28.751595
v -17.487183 4.189822 29.345154
v -14.174011 3.958834 32.648361
v -19.533264 4.211855 30.513519
v -20.796509 4.066363 31.322617
v -22.124023 3.936907 31.489677
v -13.148743 3.890124 33.559158
v -11.899536 3.928195 36.275246
v -11.652954 4.006747 33.878151
v -11.331543 3.924167 37.255684
v -11.231934 4.118625 35.768990
v -10.736084 3.885730 37.932480
v -10.655884 4.216357 34.898201
v -9.925842 4.287478 36.399391
v -11.030396 4.134890 33.385323
v -9.951233 4.223514 35.781906
v -9.704163 4.222720 35.834312
v -10.415039 4.220583 34.442856
v -10.312256 4.224825 33.701683
v -10.735901 4.174349 33.269531
v -10.653259 4.089098 32.363991
v -10.489258 4.137316 32.405617
v -9.743652 4.000644 38.127625
v -9.629089 4.030169 38.547005
v -8.909546 4.031024 37.779106
v -9.184570 4.110538 37.467331
v -7.928101 4.068591 38.248787
v -8.082703 4.086474 38.584274
v -9.181824 4.302112 39.901329
v -9.243835 4.179782 39.245102
v -9.681091 4.334384 40.685585
v -11.206543 4.252323 42.415703
v -9.417542 4.329822 41.311142
v -10.250793 4.277683 42.333328
v -12.420471 3.834323 42.429260
v -13.233337 3.584674 43.257744
v -13.462708 3.813449 44.076675
v -13.055359 3.741657 43.694855
v -13.243347 4.007511 44.624603
v -13.279968 4.127109 45.211777
v -12.816345 4.143772 45.825455
v -11.145691 4.055912 46.946297
v -20.610535 4.085285 48.393719
v -20.375122 4.116337 49.020214
v -20.653687 4.149708 49.801369
v -20.791992 4.185551 50.792889
v -21.447327 4.098362 47.681580
v -21.182922 4.226505 51.749393
v -22.815002 4.110203 47.612946
v -23.908081 4.117680 48.164795
v -24.845825 4.105167 49.498501
v -23.110657 4.164294 30.941605
v -33.552429 4.607379 37.188477
v -24.852539 4.443744 43.149948
v -24.903381 4.436191 44.005676
v -25.570679 4.513263 42.514885
v -25.197083 4.360370 44.577324
v -26.573914 4.510807 42.617271
v -27.150024 4.450962 42.983810
v -26.523499 4.369709 44.718231
v -27.430847 4.348651 44.069252
v -32.212219 4.302555 44.469414
v -32.047974 4.390872 43.283524
v -32.270203 4.479099 41.718140
v -32.479248 4.440540 42.577446
v -32.524414 4.548953 40.356277
v -33.473022 4.589694 39.695549
v -35.198975 4.515735 39.735413
v -34.590454 4.605838 37.662895
v -35.829407 4.359408 37.718246
v -35.865601 4.172946 41.042358
v -36.130371 3.981265 42.272919
v -35.653259 4.263584 44.516930
v -40.105896 3.734805 35.948288
v -39.838562 3.786060 42.695091
v -38.390076 4.292911 44.561279
v -38.356567 4.310733 45.749668
v -38.841614 4.069263 43.564018
v -38.124329 4.303852 46.251526
v -37.974365 4.283527 47.411034
v -35.209045 4.230426 45.766487
v -34.922852 4.234409 45.375668
v -34.408386 4.255252 46.510418
v -38.401672 4.296207 48.131104
v -39.350708 4.439442 48.829659
v -39.226746 4.451496 49.643532
v -39.359009 4.466480 50.143513
v -39.833008 4.550419 49.900635
v -38.686157 4.468616 50.906693
v -38.693359 4.518848 51.277306
v -38.038574 4.531727 51.600853
v -37.132202 4.590733 52.377354
v -37.075256 4.777393 53.470276
v -37.230835 5.034260 55.169514
v -37.444336 4.958546 54.605434
v -37.158264 5.210377 56.172928
v -36.883850 5.362492 57.225697
v -36.536987 5.236592 56.698318
v -35.532959 5.153111 56.468643
v -34.122681 5.221150 56.797485
v -33.749268 4.459827 52.168140
v -34.196045 4.602985 53.074291
v -33.651123 4.874669 54.820667
v -32.686523 4.403645 51.635937
v -31.634155 4.331654 51.192860
v -32.478882 5.037846 56.112740
v -30.394592 4.289875 51.231030
v -33.878296 5.550633 57.920830
v -33.477905 5.595082 58.019588
v -32.830444 5.609211 58.687462
v -31.279053 4.971684 56.095848
v -33.479919 5.750875 60.090099
v -29.808655 4.723576 55.339764
v -33.866882 5.763555 61.122272
v -34.458740 5.744435 60.358315
v -34.537842 5.779546 61.118187
v -34.985229 5.759068 60.731010
v -35.719421 6.065129 62.318607
v -35.994446 5.828511 60.370029
v -36.296021 5.987813 61.368649
v -32.986938 5.835576 61.650925
v -32.067139 5.808202 62.182529
v -31.618896 5.958257 63.080345
v -29.792358 5.731099 61.692318
v -31.240906 5.608312 60.507915
v -30.690552 5.772481 61.213982
v -30.618164 5.655568 60.025902
v -29.837585 5.791981 59.716026
v -29.494507 5.717213 59.148251
v -28.695068 5.587666 59.071991
v -28.181946 5.623417 59.953327
v -28.958923 5.746617 61.020679
v -29.126282 4.560368 54.405334
v -28.639038 4.476017 53.304405
v -24.899963 5.717916 63.149857
v -23.589050 5.784673 63.678047
v -22.784668 5.855184 64.708115
v -26.306091 5.830846 63.706867
v -21.646851 5.839482 64.967995
v -22.932312 5.888249 65.049942
v -21.165955 5.752767 64.271400
v -20.547363 5.697103 63.920830
v -19.498352 5.760640 63.676624
v -19.005859 5.680028 63.807568
v -18.696716 5.677556 63.204498
v -18.101990 5.340856 61.752579
v -18.268311 5.537953 62.620102
v -17.668945 5.190755 61.097294
v -18.622192 5.059194 60.068062
v -18.623840 4.888539 58.926884
v -17.340332 4.726994 58.003483
v -16.847900 4.779744 57.063828
v -16.045837 4.634434 56.169624
v -22.397766 4.232166 52.039162
v -23.890686 4.220173 51.811298
v -24.820190 4.177525 50.894295
v -15.323975 4.423146 54.888187
v -15.243835 4.365849 54.068199
v -14.541199 4.325093 53.733803
v -15.625488 4.486485 55.666344
v -15.132751 4.466145 55.236599
v -15.434509 4.604741 56.131229
v -15.644287 4.715184 56.395061
v -13.783752 4.197895 53.425297
v -13.772461 4.297749 54.178444
v -12.636047 4.157261 52.487888
v -11.688477 4.133472 51.745800
v -11.974915 4.135303 52.639164
v -12.308289 4.154957 52.894150
v -10.694580 4.072025 50.739326
v -10.106445 4.086277 49.950573
v -48.426392 4.291247 34.848541
v -48.228699 4.316592 33.942085
v -47.601868 4.089861 33.372597
v -48.008789 4.220416 33.108643
v -48.318787 4.295397 33.661613
v -47.253723 3.874835 32.912010
v -48.067200 4.211596 32.482719
v -46.882080 3.746294 32.975983
v -45.984497 3.593707 32.525116
v -46.230225 3.687564 33.223427
v -45.665100 3.643313 32.923958
v -43.964600 3.618090 32.314331
v -44.804260 3.616488 31.941124
v -44.167664 3.622012 31.905258
v -44.110352 3.652041 33.872536
v -43.561035 3.639056 33.395477
v -42.839294 3.633578 32.410789
v -42.350403 3.665911 33.186913
v -42.135925 3.635958 32.123817
v -40.897949 3.679171 33.210075
v -40.316040 3.681124 33.660645
v -40.082947 3.715518 34.770515
v -40.965271 3.785769 36.849907
v -42.311035 3.783069 36.932236
v -41.124268 3.768253 42.858261
v -41.893921 3.852252 43.346710
v -42.409485 3.907779 44.210327
v -43.022461 3.931324 45.706192
v -44.082336 4.089389 44.982117
v -43.439880 3.971744 45.776901
v -43.774231 4.129886 43.546738
v -43.711670 4.136173 42.568726
v -44.800476 4.152286 40.746445
v -44.380005 4.139713 41.546967
v -44.502136 4.214679 42.592880
v -44.851501 4.054889 39.420517
v -45.557007 4.306582 40.397675
v -45.622253 4.273364 39.899475
v -44.125977 3.846881 37.904510
v -43.225342 3.757144 36.627144
v -44.087463 3.731402 36.453094
v -43.884644 3.685366 35.837585
v -44.145203 3.690661 34.942955
v -94.501648 11.730814 123.792526
v -95.298279 11.957651 123.815239
v -95.128052 11.959833 123.272545
v -95.332336 11.960657 122.384071
v -96.120392 12.200342 124.166473
v -95.883148 12.145990 124.729828
v -96.891968 12.452250 123.755013
v -98.918762 13.111704 123.848465
v -96.570892 12.201821 119.738045
v -94.571838 11.683115 121.607635
v -97.308533 12.398293 119.740257
v -95.631409 11.731027 119.262291
v -94.686096 11.275537 118.942780
v -94.097595 10.872552 118.138527
v -98.412781 13.019663 121.051567
v -98.114960 12.913416 120.481544
v -99.700684 13.709787 121.230080
v -100.767578 13.976633 121.017014
v -100.691071 13.760263 122.347618
v -99.760956 13.417337 124.016945
v -99.772095 13.433634 124.478073
v -101.553314 14.002024 122.461632
v -102.625244 14.214945 122.776512
v -101.608673 14.368982 120.783234
v -102.084747 14.688776 120.130798
v -103.049225 14.462029 119.889473
v -103.502075 14.414804 122.842285
v -103.601349 14.455010 119.590218
v -104.032257 14.561152 120.008049
v -105.000671 14.814753 120.044914
v -104.487885 14.697336 122.603149
v -105.440704 14.840799 122.498436
v -106.239105 14.902597 122.010231
v -107.185913 14.918039 122.174355
v -108.666687 14.935755 121.988991
v -109.486328 14.999125 121.614059
v -106.542511 15.093179 118.916763
v -105.659271 14.989266 119.177223
v -110.177673 15.106104 121.729416
v -108.188324 14.934304 119.525681
v -107.433960 15.031503 119.160172
v -109.096161 14.999597 119.683228
v -108.597961 15.183923 119.349373
v -110.376343 15.594171 119.714195
v -111.455566 15.777596 119.472382
v -111.016632 15.661371 120.964424
v -110.574951 15.357218 121.521362
v -110.895325 15.699717 121.599709
v -111.437012 15.952311 120.657578
v -112.077881 15.909479 120.068916
v -112.192749 16.620523 118.585602
v -112.932892 16.053888 119.931580
v -113.809937 15.751107 119.468781
v -112.783844 16.005610 118.098236
v -113.327301 15.529229 118.730347
v -114.441620 15.181146 118.197563
v -114.313263 15.764855 119.566383
v -116.130676 14.810464 117.144058
v -115.720398 14.999612 119.543068
v -115.572144 14.811059 115.696632
v -115.491333 14.908120 116.348564
v -116.451233 14.697137 115.417786
v -117.587799 14.577752 115.442390
v -118.345612 14.361550 115.198341
v -118.661255 14.284722 114.414764
v -117.420746 14.940042 119.367531
v -116.768005 15.036294 119.788483
v -118.415253 14.728478 118.569069
v -117.912750 15.055032 119.254738
v -119.395813 14.556329 118.191727
v -120.153839 14.388864 117.664169
v -120.395691 14.155206 117.006256
v -121.448303 13.974694 115.773987
v -122.441467 13.815820 115.469696
v -122.824036 13.824075 115.551964
v -123.055145 13.575921 113.975655
v -122.995178 13.294152 112.545769
v -122.818298 13.273187 111.415817
v -123.100342 13.175698 112.099335
v -118.420105 14.230233 112.275879
v -117.691223 14.413049 112.879799
v -117.872803 14.466226 113.628265
v -117.121735 14.543710 113.136642
v -116.739349 14.692666 113.890358
v -118.434265 14.271920 111.164146
v -118.128387 14.230309 110.271477
v -118.348969 14.088067 109.095055
v -119.003906 14.129570 107.215866
v -122.674347 13.161355 108.536499
v -123.112274 13.090966 110.412216
v -121.095245 13.641914 107.310326
v -123.098694 13.102319 107.465347
v -120.237915 13.960243 106.392754
v -119.600555 14.080086 106.392319
v -122.591705 13.327583 107.123482
v -123.272339 13.331291 106.674118
v -34.020081 54.580711 282.672821
v -34.171936 54.307045 281.411499
v -32.774414 54.176003 281.719421
v -34.730164 54.843391 283.225128
v -34.243347 54.691612 283.175110
v -35.761902 55.236595 283.922913
v -35.080872 55.047462 283.929321
v -35.982239 55.394218 284.481445
v -35.725769 54.228951 280.325012
v -34.898010 54.069542 280.504913
v -36.914490 54.238899 279.367706
v -38.081848 54.504234 279.491089
v -37.751282 54.378761 279.139587
v -38.790710 54.599281 279.374268
v -40.380249 54.698051 278.534576
v -36.886414 55.488350 285.401520
v -37.524353 55.558479 285.498016
v -36.982117 55.507286 285.803162
v -38.581665 55.732353 286.187805
v -38.860046 55.723213 286.720276
v -39.715881 55.801094 286.787933
v -39.937622 55.839165 286.566895
v -41.616821 55.760872 286.655151
v -41.926819 55.869835 286.624481
v -42.124878 56.050453 284.594971
v -42.898254 56.059669 283.812012
v -44.156982 55.988609 283.764771
v -40.829285 54.502735 277.516479
v -43.850098 54.720448 275.057312
v -43.778931 55.859184 282.341156
v -44.360291 55.849678 281.876404
v -44.152649 55.870003 282.859467
v -44.424438 55.787788 281.217163
v -44.816040 55.903542 283.544800
v -44.407898 55.891014 282.700562
v -45.140320 56.015800 284.080200
v -44.841919 56.221306 284.199402
v -46.072632 56.041405 284.330444
v -47.299316 56.002724 284.198120
v -47.098450 56.161034 285.094238
v -48.016968 56.085350 285.944702
v -49.140991 55.804070 286.844604
v -48.991455 55.986900 285.060547
v -47.754456 56.023857 283.894287
v -49.527222 55.965782 284.911377
v -50.277222 55.948006 285.087769
v -51.798462 55.912804 285.100159
v -50.281006 55.795860 288.728760
v -49.434814 55.972633 287.829834
v -51.476746 55.880165 288.854248
v -50.598145 55.846535 288.897369
v -50.343933 55.911644 289.499878
v -50.155762 56.007851 289.262482
v -52.744019 55.876076 287.198242
v -52.659119 55.964119 284.417419
v -53.698853 55.938576 286.314880
v -53.714966 55.865257 288.377625
v -51.991882 55.899651 289.597992
v -51.985779 55.834007 290.329285
v -52.688416 55.669594 290.918762
v -54.669495 55.612587 290.966309
v -54.221069 55.641014 291.162048
v -53.387390 55.657982 291.276245
v -54.818542 55.623299 291.403778
v -55.291443 55.663872 290.231293
v -56.061096 55.699760 289.726227
v -54.747009 55.868858 287.778320
v -56.721985 55.745918 288.711243
v -56.652222 55.668297 290.163879
v -57.832275 55.705132 288.066406
v -54.205933 56.001366 286.921936
v -52.675232 56.001442 282.642395
v -54.008362 56.020546 281.538269
v -53.851196 55.996223 280.700928
v -52.511414 56.043571 280.131042
v -52.010498 56.007530 279.130096
v -50.925842 55.944527 278.051941
v -59.412537 55.769493 286.230774
v -60.007629 55.821190 285.351257
v -61.254272 55.946144 284.414734
v -58.991028 55.735039 287.258362
v -61.988831 56.013817 284.305389
v -63.103699 55.880272 283.851166
v -58.708191 55.726845 287.904297
v -59.224609 55.739403 287.873535
v -58.285583 55.722481 288.351440
v -66.380188 55.762550 285.331970
v -63.766479 55.858269 284.468933
v -65.541565 55.761635 285.887878
v -67.199951 55.731117 285.408875
v -64.545288 55.831917 285.724182
v -63.438904 55.902657 284.951050
v -64.826233 55.828728 286.127502
v -65.218262 55.749352 286.413269
v -64.514099 55.792839 286.583801
v -68.552368 55.801613 281.981079
v -69.668457 55.719551 283.613159
v -68.301025 55.666161 285.129333
v -69.172241 55.635201 285.395996
v -68.947937 55.786110 282.052612
v -69.852112 55.739265 282.798889
v -68.459656 55.806328 281.425568
v -70.021545 55.683571 284.253784
v -68.754761 55.815651 280.682678
v -68.747742 55.799339 281.540161
v -69.902588 55.656563 284.841675
v -70.419189 55.666786 284.592133
v -69.802490 55.647697 285.529968
v -69.479553 55.659737 285.742157
v -70.015442 55.839069 277.692261
v -69.377747 55.808891 279.727600
v -70.032837 55.807640 279.072632
v -70.568481 55.827858 278.385437
v -71.350830 55.817741 279.130554
v -71.505554 55.836113 278.776001
v -72.019531 55.799782 279.723267
v -71.982483 55.836189 278.684753
v -72.259155 55.801262 279.387268
v -69.111023 55.833836 277.005463
v -66.805420 55.904625 278.189972
v -67.751648 55.882313 277.067749
v -67.176514 55.927052 276.492096
v -66.132324 55.932377 277.894440
v -68.316650 55.841908 275.764771
v -68.833008 55.841846 276.289551
v -68.021240 55.854572 274.753723
v -66.360291 55.892200 273.316071
v -66.031250 55.938969 276.970825
v -66.436218 55.892017 272.660278
v -65.311584 55.880222 271.021912
v -64.612610 55.837772 270.642639
v -62.541870 56.074436 274.854553
v -61.821167 55.969303 273.887634
v -62.408813 56.123463 275.127686
v -61.906250 56.098911 275.305969
v -63.369873 56.022236 275.796753
v -63.107910 56.069019 276.723297
v -61.649475 56.073063 275.628571
v -61.012085 55.961964 274.804871
v -61.840088 56.022999 276.723877
v -58.611206 55.981770 274.673157
v -59.550781 56.019917 274.364014
v -60.339355 56.069096 273.513245
v -57.762024 55.961765 274.186188
v -60.700378 55.951939 272.416016
v -56.841614 56.004353 273.304443
v -60.624756 55.929737 271.862183
v -61.117065 55.918476 270.944244
v -56.610168 56.002399 272.186829
v -63.793152 55.845341 269.760681
v -64.473572 55.830433 269.869812
v -61.104736 55.907887 269.729065
v -57.064331 56.002872 271.455872
v -61.948120 55.841846 268.595276
v -63.028870 55.824741 268.911987
v -60.982788 55.943577 269.004822
v -61.826172 55.877140 267.988037
v -60.499084 55.940983 268.990906
v -59.963501 55.980091 268.144226
v -59.649475 55.871876 268.805969
v -59.776489 55.938801 267.296570
v -60.316650 55.962132 267.607605
v -58.123962 55.875370 268.516052
v -58.911621 55.911716 267.248077
v -57.035706 55.950321 267.473114
v -57.383728 55.874439 268.903381
v -57.841125 56.023487 266.339172
v -57.983459 56.118137 265.839020
v -57.695557 56.197987 265.823547
v -56.022766 55.932148 267.932922
v -54.731384 55.885334 267.837463
v -54.320862 55.962040 267.193542
v -54.091675 56.065617 266.420105
v -53.632507 55.928974 265.472595
v -53.192932 55.788502 265.163239
v -52.222107 55.611057 264.018433
v -51.697327 55.409916 263.021790
v -51.672485 55.395237 262.410522
v -50.347290 55.280064 260.705261
v -51.183167 55.375797 261.626343
v -51.176392 55.444584 261.322113
v -49.425720 55.117481 258.872375
v -49.256104 55.108814 257.359344
v -49.686340 55.043659 256.194611
v -49.284912 54.799412 255.799164
v -47.736938 54.199406 255.812988
v -49.548157 54.650089 254.858246
v -47.279602 54.469624 257.605408
v -47.027100 54.358051 258.037537
v -46.816833 54.336384 258.865540
v -47.678223 54.194172 254.810593
v -47.052063 54.293888 259.716705
v -47.519348 54.318729 260.878235
v -47.128723 54.052433 260.445068
v -48.070129 54.376362 261.892365
v -48.281067 54.163990 263.092529
v -48.240051 54.067310 264.260010
v -48.408569 54.285099 265.286560
v -48.125916 54.241352 266.697205
v -48.175964 54.179737 265.780731
v -48.230713 54.427525 268.286377
v -47.882202 54.183048 267.466614
v -47.641663 54.323750 268.738617
v -53.896484 55.758579 269.251526
v -53.719238 55.710896 270.195984
v -54.710938 55.863209 268.983002
v -55.948914 55.920689 270.110535
v -57.023926 55.955372 270.361450
v -55.562134 55.919376 270.644531
v -54.606750 55.852634 270.652313
v -54.953735 55.943531 270.389130
v -48.758179 55.604771 274.182159
v -46.128418 54.255909 269.999481
v -47.250488 55.024479 271.822205
v -46.243530 54.821308 271.774536
v -45.409241 54.038685 270.380615
v -44.731445 54.277500 272.175781
v -47.212219 55.104694 272.807495
v -45.935303 54.853184 272.321686
v -46.101196 54.949268 272.888245
v -44.402344 54.305622 272.745605
v -43.732727 54.255833 273.537964
v -42.795044 54.321522 274.750549
v -44.468506 54.797749 274.563843
v -40.418945 54.228657 276.856415
v -41.518982 54.257984 275.794586
v -42.110596 54.205387 275.004822
v -40.565430 54.036243 275.988098
v -46.028442 55.425449 275.910828
v -46.709839 55.589741 276.273468
v -45.299866 55.236835 275.427887
v -45.692139 55.561466 276.515015
v -44.389282 55.280964 276.085510
v -46.080933 55.615574 276.977142
v -45.723572 55.809181 279.941040
v -45.803223 55.812981 279.294250
v -46.599121 55.784737 278.707520
v -49.684631 55.927086 277.971924
v -48.782227 55.894142 278.307190
v -47.697693 55.789478 276.650879
v -47.154968 55.673237 276.264404
v -47.153748 55.541477 275.519348
v -48.305420 55.833729 276.170746
v -47.733337 55.605762 275.088165
v -48.093323 55.628254 274.774292
v -48.232483 55.798634 275.437103
v -48.787598 55.869923 275.746399
v -49.378784 55.890766 275.464752
v -49.714050 55.848545 274.791534
v -43.570740 54.611668 247.206909
v -42.943542 54.168339 248.122208
v -43.707947 54.233524 248.748947
v -44.571716 54.108326 250.100952
v -43.557739 54.032429 249.334747
v -45.097839 54.264317 250.050339
v -43.608643 54.826862 246.450607
v -43.306763 54.706165 246.574875
v -43.544250 55.134113 245.099808
v -45.850708 54.288212 250.647308
v -46.845398 54.375431 251.505783
v -45.952087 54.192493 251.221008
v -47.863770 55.246876 248.311401
v -47.898743 55.274525 247.396622
v -48.550903 55.258533 249.112717
v -46.407654 55.300922 246.179062
v -45.305786 55.277485 245.864853
v -49.455322 55.401585 249.275146
v -50.213440 55.495640 250.548965
v -50.770813 55.603565 251.011642
v -51.050720 55.626972 252.049515
v -44.024536 55.250629 244.568512
v -44.852051 55.282169 245.018051
v -43.786865 55.231480 244.178665
v -43.247559 55.194233 243.891434
v -51.522705 55.994114 252.952728
v -50.953125 55.492924 253.777206
v -51.321350 55.913303 253.818207
v -50.494202 54.949100 254.814438
v -50.775024 55.198093 254.443283
v -51.265930 55.304066 255.573746
v -50.978333 55.163517 255.754074
v -51.624939 55.648457 255.433777
v -52.582336 56.161686 255.857666
v -47.707642 54.347965 253.524857
v -47.042419 54.218449 252.952179
v -47.017517 54.078831 254.088898
v -47.032898 54.021290 254.583023
v -0.261047 37.905640 184.501694
v -0.594788 37.837830 184.406036
v -0.334717 37.617325 183.857437
v -0.762329 37.364761 183.300735
v -1.092468 37.561707 183.715790
v -1.027283 37.749359 184.273438
v -0.640686 37.991898 184.839233
v -1.760803 37.603928 182.570969
v -1.731689 37.038284 182.086639
v -0.134949 37.054184 182.518829
v 0.000000 36.821091 181.895584
v -1.085632 36.323624 180.659760
v -1.876404 36.103836 179.569946
v -4.323547 35.711578 178.827759
v -2.823547 35.972122 178.843872
v -1.984985 36.710617 181.551956
v -1.972229 37.402359 182.162018
v -2.732422 36.162827 180.328873
v -3.657654 35.518311 176.868225
v -2.820251 35.810532 177.829590
v -2.398193 35.909393 177.913879
v -5.018677 35.134762 175.991730
v -4.528687 35.259518 176.140808
v -4.864502 35.550980 178.640381
v -4.839905 35.776428 178.965576
v -5.638916 35.354248 178.593536
v -7.185852 35.560196 178.195404
v -6.938965 35.180664 177.839661
v -7.541199 35.022095 177.477997
v -8.665710 34.650387 176.533722
v -8.267639 34.944016 177.228516
v -7.963440 35.240143 177.743973
v -8.636536 35.061279 177.630798
v -5.168213 35.016903 174.898712
v -5.394897 34.934307 174.192719
v -5.905396 34.890575 174.416122
v -4.703186 34.971615 173.487244
v -4.729614 34.925671 173.256256
v -6.975586 34.788647 174.542908
v -7.675232 34.684902 174.094055
v -7.204590 34.789776 174.080795
v -10.278564 34.198071 173.088165
v -8.713867 34.447826 173.157227
v -9.746460 34.461086 176.169128
v -11.054810 34.350262 175.918091
v -11.405334 34.016048 172.947556
v -11.012756 34.176052 172.633728
v -9.352661 34.363308 172.490646
v -9.114441 34.400524 172.085831
v -8.665039 34.454250 172.575516
v -9.557739 34.412624 171.967529
v -12.599060 34.071774 176.145432
v -12.813721 34.015423 176.288727
v -13.576416 33.748531 175.254593
v -13.485229 33.833660 175.764069
v -14.174011 33.608028 174.179367
v -14.919250 33.532131 173.301483
v -16.188843 33.427227 173.218781
v -14.417480 33.579601 171.418610
v -15.261536 33.647808 171.141785
v -15.944702 33.501308 171.919724
v -13.237000 33.749325 172.400543
v -13.485962 33.707439 171.833618
v -13.358276 33.758419 171.143738
v -13.100220 33.844997 171.383133
v -12.409790 33.842648 172.922379
v -11.981628 33.977764 172.557831
v -17.534424 33.334515 174.179504
v -18.184875 33.359142 174.348633
v -19.232666 33.502865 174.189880
v -16.900879 33.494640 171.416626
v -17.523743 33.478680 170.563385
v -20.574341 33.602032 174.259537
v -22.461426 33.740124 174.030701
v -19.731201 33.487713 171.015152
v -18.570923 33.476208 171.082825
v -17.977112 33.533260 170.198746
v -16.977173 33.680935 170.099976
v -18.352112 33.596874 169.840256
v -18.848877 33.550594 169.638885
v -18.656067 33.543545 169.394669
v -19.666931 33.398098 169.053879
v -19.495972 33.547497 169.682953
v -20.128174 33.540005 170.377625
v -23.700745 34.034618 174.188507
v -20.177734 33.613155 170.157059
v -20.213806 33.454144 169.085373
v -20.268738 33.392467 168.727905
v -21.037842 33.448589 168.942505
v -21.094238 33.541210 169.079956
v -21.239929 33.552349 171.086945
v -22.083618 33.672436 169.382812
v -21.972107 33.690853 170.831879
v -22.661560 33.790585 170.880661
v -23.328369 34.009243 171.465714
v -24.388123 34.403332 171.308197
v -24.756348 34.555004 170.591064
v -22.078613 33.521389 168.976059
v -22.046631 33.441509 168.413025
v -23.341003 33.957912 169.397858
v -23.689758 34.153484 169.776031
v -23.617798 34.010876 169.148788
v -24.887085 34.513805 169.258453
v -25.791809 35.083660 169.839203
v -25.591309 35.083141 170.974655
v -26.221619 35.430630 169.936035
v -26.554321 35.548855 171.995636
v -24.399414 34.381969 175.246399
v -25.087585 34.686077 174.703400
v -25.990112 35.088619 173.790192
v -26.993896 35.580410 174.343201
v -26.677429 35.458050 174.893097
v -27.036682 35.678493 174.766327
v -26.533752 35.373791 175.421204
v -27.365479 35.849239 173.655060
v -27.898560 36.216457 173.522568
v -28.221863 36.681438 172.057678
v -27.516418 36.263073 171.753418
v -27.184875 36.128490 171.121124
v -28.251770 36.809200 170.891235
v -28.677673 37.198650 170.986771
v -28.374512 37.062588 170.436768
v -28.093201 36.766979 170.194336
v -29.111389 38.074459 170.379959
v -29.050781 38.238415 170.073120
v -29.279114 39.062496 169.655548
v -29.138794 38.951565 169.606384
v -83.452515 49.439915 247.880829
v -83.558167 49.454502 248.457626
v -84.004883 49.654118 248.941483
v -84.897644 50.090351 249.546097
v -83.950684 49.592075 250.313263
v -84.387634 49.957432 247.122131
v -83.733337 49.611607 247.380737
v -84.803955 50.248524 246.154404
v -86.029236 50.740864 249.393661
v -84.934143 50.377995 245.494141
v -86.651001 51.077976 249.589111
v -86.330261 51.169147 245.171021
v -85.548462 50.742207 245.086288
v -85.984497 51.014103 244.764099
v -85.540588 50.804676 244.335815
v -86.042175 51.143696 243.709503
v -86.318115 51.276402 243.819672
v -87.867615 51.787327 248.729996
v -87.262085 51.406376 249.387283
v -87.732727 51.848438 246.025391
v -87.292786 51.729908 244.707764
v -87.874329 52.020725 245.185059
v -88.567383 52.263706 247.030075
v -88.294861 52.017887 248.562271
v -88.420715 52.426746 244.944077
v -88.675903 52.543812 244.755234
v -89.677063 53.078053 244.597961
v -90.653809 53.539494 244.859512
v -89.038696 52.559742 247.169296
v -88.939880 52.421024 247.973526
v -90.216309 53.231663 247.327454
v -90.275391 53.309681 246.998184
v -90.287781 53.445896 243.482727
v -91.129028 53.741428 246.829041
v -90.779663 53.601627 246.610641
v -91.009033 53.709278 245.865158
v -92.295654 54.165012 246.368301
v -92.460571 54.173237 243.248138
v -91.672668 53.924534 242.476074
v -92.363220 54.090626 241.586472
v -92.614319 54.119267 240.722015
v -92.415405 54.212727 244.880325
v -93.072327 54.488987 245.788651
v -93.170959 54.510334 246.193390
v -94.571411 55.063496 245.530930
v -94.439758 55.028004 245.410507
v -95.697571 55.377659 244.797821
v -93.555725 54.482899 241.941727
v -94.497742 55.077366 243.417938
v -93.253906 54.316395 240.777237
v -94.524109 54.713032 240.799469
v -94.401123 54.853031 242.421387
v -95.533142 54.919895 239.768600
v -97.307709 55.562672 244.548950
v -97.477234 55.324604 243.479797
v -95.490662 54.805180 239.019211
v -96.042084 54.687199 238.782532
v -98.187897 55.164494 242.507019
v -99.085938 55.077000 241.168106
v -97.004639 54.601307 238.151321
v -95.947144 54.649845 238.477890
v -97.253113 54.570240 237.884995
v -100.362671 54.908512 239.769455
v -98.484833 54.585712 237.819809
v -101.159027 54.824970 239.119965
v -99.317780 54.519398 237.113647
v -101.805328 54.858463 239.183167
v -102.545013 54.781467 238.603790
v -99.610077 54.452976 236.377106
v -104.515198 54.918125 237.703720
v -99.818634 54.416996 235.496948
v -100.154724 54.415150 234.956146
v -105.638245 55.042011 235.816833
v -105.696960 55.085453 236.506729
v -106.452301 55.128162 234.321808
v -106.210693 55.142780 235.150726
v -106.720917 55.230961 234.865311
v -106.464081 55.179081 233.198730
v -106.705078 55.311878 232.307404
v -107.230499 55.481236 231.399780
v -106.967896 55.479023 230.733719
v -107.022461 55.593739 229.657211
v -103.436066 54.880650 230.516541
v -101.808350 54.547993 231.536011
v -102.019012 54.531773 231.903305
v -103.918060 54.988239 229.580139
v -100.971771 54.467442 232.958450
v -104.959656 55.441730 227.930527
v -104.297333 55.205769 228.546036
v -105.300690 55.660568 227.258850
v -107.986237 56.216507 226.594482
v -108.029236 56.124119 227.461060
v -105.980957 55.914597 226.796692
v -99.843964 54.347858 233.628937
v -99.858795 54.375614 234.341064
v -100.401489 54.394855 233.114441
v -100.276459 54.382679 232.696014
v -105.876709 56.307449 225.572174
v -105.715973 56.138779 225.947540
v -106.928772 56.430923 225.706589
v -108.206696 56.450333 225.979614
v -107.770721 56.672775 225.429504
v -108.318115 57.039215 224.844498
v -109.692017 57.103867 224.538696
v -108.418732 57.763672 223.175537
v -108.837738 57.635788 223.385712
v -109.474640 57.652252 222.929626
v -111.153015 57.349442 223.303162
v -110.585815 57.299286 224.102600
v -110.631683 57.440643 222.690750
v -111.112396 57.306946 221.847534
v -112.239349 57.153748 222.027405
v -111.459198 57.244080 220.882004
v -110.891998 57.373566 221.688583
v -112.141174 57.200790 220.796600
v -110.886230 57.440948 219.711212
v -110.950684 57.413757 219.131210
v -112.105927 57.375900 219.989532
v -112.536499 57.482330 220.247482
v -111.263824 57.553375 218.848312
v -109.886475 57.612030 219.587921
v -109.933105 57.617432 219.676987
v -109.075256 57.832504 220.315460
v -108.811218 57.819931 220.011444
v -108.043427 57.861008 220.338196
v -107.733429 57.902084 220.725464
v -109.211670 57.840744 220.823700
v -107.707336 57.811920 219.595078
v -108.222992 57.669281 218.947205
v -108.350647 57.378540 217.972870
v -108.861053 57.248199 217.754639
v -108.199951 57.098465 217.153549
v -109.447174 57.015579 217.030701
v -108.781464 56.443787 215.619202
v -107.918304 56.882935 216.463379
v -108.195374 56.641357 215.902191
v -110.422699 56.869690 216.616821
v -110.702271 56.610611 216.178467
v -109.064270 56.134354 214.701324
v -111.524323 56.211105 215.538940
v -109.159210 55.653183 213.444611
v -109.910522 55.199081 212.770691
v -112.056335 55.875290 214.972168
v -112.012115 56.099533 215.373199
v -112.724365 55.402100 214.199142
v -112.859192 55.595474 214.614441
v -112.913147 54.867218 213.472351
v -109.931915 54.593460 211.885254
v -110.880493 54.850403 211.616135
v -111.733948 54.792755 212.115860
v -112.858276 54.242020 212.093933
v -113.431244 53.857361 212.380585
v -113.401398 54.196274 212.952240
v -113.157104 53.680206 211.428375
v -113.865875 53.778854 213.032959
v -113.727081 54.013306 213.220856
v -113.514313 53.569809 212.032654
v -113.335022 53.373123 211.319550
v -112.898712 53.651367 210.899231
v -113.231262 52.879776 210.544464
v -112.475372 53.169708 210.110382
v -112.658539 52.314148 209.240067
v -113.305023 52.202362 209.767853
v -113.187103 52.030838 209.208099
v -112.144257 52.062134 208.426880
v -111.363159 53.119324 209.567062
v -111.215240 52.118851 208.273804
v -110.683289 52.844833 209.334259
v -110.606323 53.453995 209.807434
v -110.739838 52.449112 208.707642
v -9.330139 4.004795 48.380409
v -8.407654 3.951221 47.725155
v -8.621826 3.956287 48.114487
v -9.448914 4.044773 48.779427
v -10.395020 4.020847 46.895741
v -9.086853 3.992923 46.989964
v -9.279236 4.038669 46.121178
v -9.428711 4.074634 45.982353
v -31.221924 6.276388 67.679062
v -30.419739 6.395116 68.406403
v -31.270081 6.311025 68.091469
v -32.326843 6.392263 68.073936
v -31.550598 6.338399 68.463486
v -33.259644 6.225759 66.311775
v -31.247437 6.159978 65.863312
v -33.022095 6.350393 67.532867
v -32.670898 6.257421 65.733902
v -30.246521 6.080754 64.755997
v -32.657166 6.190877 64.920021
v -28.887329 6.039311 64.251816
v -33.763733 6.264883 67.178055
v -28.688110 5.931996 63.535942
v -28.017151 5.907613 63.540955
v -27.937012 6.035008 64.362350
v -27.836548 6.149892 65.360123
v -27.938660 6.091207 64.916382
v -28.334290 6.069158 64.409866
v -33.767334 6.435949 68.455551
v -35.459595 6.361562 69.145279
v -35.139954 6.246892 67.325523
v -37.062561 6.379567 66.291420
v -36.736145 6.323614 69.032204
v -37.443787 6.283453 69.548355
v -38.111267 6.216115 70.504265
v -34.485229 6.382268 70.117111
v -33.726318 6.397008 69.676247
v -32.819031 6.458593 69.346146
v -37.644348 6.776220 66.375557
v -38.480713 6.310689 67.452271
v -40.155029 6.271749 68.521126
v -39.475830 6.300680 67.708336
v -40.218323 6.482061 67.734421
v -39.382446 6.203588 69.713257
v -38.264282 6.202428 70.861359
v -37.809570 6.201269 71.284424
v -40.828552 6.133596 69.661285
v -41.255981 6.257680 68.678474
v -41.973755 6.174901 68.669914
v -41.646484 6.330083 68.208115
v -41.842224 6.028966 70.627747
v -42.018127 5.907766 71.877960
v -44.973572 5.715734 70.258842
v -43.030579 5.762685 72.201965
v -43.926270 5.653341 72.231476
v -42.732727 6.087270 68.836235
v -43.659180 5.986059 69.358002
v -44.484192 5.812810 69.787231
v -44.559875 5.829671 69.517960
v -45.007568 5.745458 69.792252
v -46.041260 5.325445 73.873489
v -44.376038 5.544226 73.430000
v -45.204163 5.445227 73.815628
v -45.759033 5.655538 71.279137
v -45.371094 5.666585 70.235519
v -46.015930 5.665594 70.831467
v -46.450684 5.575735 72.010757
v -47.099915 5.449056 72.237953
v -46.937012 5.574468 71.741455
v -47.706055 5.295950 72.695480
v -47.563171 5.401250 71.989731
v -48.545776 5.180258 73.382950
v -48.608276 5.084204 74.788368
v -46.397095 5.280096 74.588585
v -47.149292 5.218130 74.666138
v -47.939941 5.108053 75.288925
v -50.076782 5.050924 73.709778
v -49.548218 5.039221 74.523407
v -49.219360 5.038961 74.989326
v -50.779236 5.029547 73.647545
v -50.903809 4.966238 74.859550
v -51.840576 4.922659 75.038101
v -50.947083 4.945196 75.376160
v -52.877869 4.897970 75.685989
v -52.876282 4.909582 74.373451
v -54.195190 4.872366 74.686844
v -55.474487 4.866796 75.553658
v -56.370667 4.855627 75.952881
v -56.313721 4.844702 75.480667
v -53.539856 4.878668 77.051666
v -56.331116 4.864218 77.854294
v -57.019714 4.860968 76.639801
v -55.296387 4.863348 77.813072
v -53.964661 4.852285 77.953789
v -56.911438 4.854864 78.345230
v -58.592285 4.853323 78.095657
v -59.175415 4.852362 78.237183
v -58.288757 4.851614 76.981674
v -59.210632 4.868933 76.761368
v -59.793457 4.878134 77.646454
v -60.148071 4.898275 76.895500
v -60.803955 4.917807 77.207573
v -60.581238 4.910513 76.281136
v -61.983643 4.935553 77.022324
v -61.895264 4.932409 77.537529
v -62.963013 4.940634 76.678345
v -62.914246 4.928717 77.684837
v -63.670227 4.916052 77.728706
v -63.180542 4.918875 77.966789
v -64.827576 4.955572 76.603996
v -64.729553 4.911551 77.828362
v -66.829041 4.908331 78.750107
v -66.203979 4.978079 79.221939
v -67.539673 4.915792 77.288048
v -67.009949 4.904486 76.763916
v -67.772827 4.914785 78.515984
v -68.765808 4.918814 76.953659
v -69.625427 4.899817 76.986618
v -69.471924 4.989935 79.165298
v -69.214294 5.057425 79.701645
v -70.509644 4.929052 76.644699
v -71.883240 4.936834 77.084335
v -70.854553 5.021566 78.810654
v -71.340332 4.980947 76.633636
v -70.410156 5.043387 79.035858
v -72.817871 4.913488 76.544907
v -71.325745 5.145087 79.666687
v -71.330566 5.168707 79.882896
v -71.476624 4.964117 78.381126
v -72.132263 4.948507 78.510185
v -72.887634 4.876181 78.457764
v -72.171326 5.057806 79.351807
v -73.971069 4.825384 78.351639
v -73.521606 4.840734 76.267395
v -72.981079 4.853994 75.935318
v -72.478027 4.939260 76.128311
v -74.419983 4.817541 76.345001
v -74.220398 4.807486 75.897781
v -75.288513 4.877417 78.294952
v -74.496094 4.861288 78.604836
v -75.187317 4.925207 76.310944
v -75.652100 5.032934 76.929749
v -75.574219 4.996496 76.134033
v -76.349121 5.002234 78.401970
v -76.355591 5.064703 77.399292
v -77.029419 5.052298 77.038269
v -78.271667 4.878454 76.384476
v -77.547607 5.019888 76.536118
v -77.117371 4.977682 78.836044
v -78.466370 5.147147 80.158768
v -79.146545 5.434760 82.084984
v -78.222839 5.409094 80.709076
v -78.554016 5.537634 82.954231
v -77.790405 5.493231 83.569511
v -76.388977 5.390448 84.195862
v -75.966003 5.309378 84.326790
v -80.098877 4.899969 76.375481
v -79.867004 4.911123 75.970253
v -80.929993 4.933935 76.908035
v -82.467468 4.891516 76.967896
v -85.039795 4.435843 76.721817
v -83.724548 4.645666 76.768051
v -77.778442 5.591285 85.592987
v -78.735168 5.791541 85.769684
v -79.836731 5.920829 86.650299
v -76.454041 5.483146 85.535500
v -75.648682 5.433020 85.155777
v -75.938477 5.548759 85.884735
v -74.851196 5.361838 84.574486
v -74.772766 5.316229 83.995293
v -80.472839 6.127677 88.040932
v -84.345703 5.680747 84.113052
v -80.121216 6.186515 89.383347
v -84.647095 5.422553 82.234344
v -79.608521 6.267432 89.950928
v -79.630676 6.414130 91.533936
v -80.201111 6.495765 92.487823
v -80.108032 6.533332 93.385834
v -84.488037 5.375082 81.439980
v -84.788208 5.421240 80.297287
v -85.263306 5.426093 79.452179
v -85.427979 5.184835 78.711823
v -86.193237 5.048376 78.117577
v -85.933899 4.405142 76.780518
v -85.422974 4.334631 76.390793
v -87.005615 4.393148 77.080605
v -87.345276 4.551977 77.487747
v -88.426392 4.490301 77.968903
v -88.479187 4.127356 76.764954
v -89.177429 3.878927 76.022812
v -88.780151 4.924475 79.032990
v -89.695740 4.862387 80.530525
v -89.582458 5.108679 81.212975
v -89.636963 5.114447 82.676781
v -89.475098 5.178351 83.244377
v -88.633728 5.562445 84.297180
v -88.967590 5.658850 85.108078
v -93.566895 4.071539 78.090073
v -90.300598 3.841024 75.935867
v -89.408691 3.698141 74.981483
v -91.083313 3.931524 76.334320
v -91.804077 3.895773 76.259796
v -93.685547 4.047979 77.427582
v -92.995361 3.755163 76.278976
v -92.319641 3.746405 75.982574
v -93.847290 3.984213 76.897209
v -94.555969 4.092443 77.019684
v -95.780121 4.034140 76.946274
v -95.865082 4.085806 77.171478
v -94.494141 4.158468 78.722069
v -95.152344 4.233206 79.285202
v -94.920410 4.262823 78.628838
v -95.787170 4.458029 79.698082
v -95.395813 4.564078 80.058327
v -96.312500 4.434287 79.587646
v -96.461700 4.304938 79.171478
v -96.972260 4.136511 78.596100
v -96.245697 4.281317 78.653305
v -97.032867 4.137487 78.236778
v -94.507507 4.627127 81.008736
v -95.028625 4.860083 81.799858
v -94.973694 4.985602 82.633789
v -94.574890 4.959586 83.001854
v -94.810364 5.060309 83.803787
v -95.755920 5.286826 85.763245
v -95.487061 5.167593 84.676788
v -96.495911 5.463065 86.827774
v -96.357269 5.407065 86.354370
v -96.807465 5.504920 86.322289
v -96.250610 5.600516 87.506874
v -96.746674 5.539069 87.015671
v -88.461609 5.862952 86.002388
v -86.404358 6.182166 86.303238
v -96.159821 5.838508 88.503410
v -96.622406 5.788932 87.805840
v -95.928131 6.012031 89.360130
v -95.836823 6.144691 89.692772
v -96.555359 6.297919 89.937614
v -96.301300 6.433875 90.221817
v -94.789307 6.002311 89.719711
v -94.480591 6.308738 90.789261
v -94.054565 6.275702 91.203407
v -94.053345 6.440559 92.516884
v -94.763672 6.529747 92.960289
v -95.196533 6.561668 93.124504
v -95.252808 6.618949 92.609085
v -93.221069 6.747795 94.233109
v -87.902100 6.279151 89.254486
v -87.767151 6.192451 87.371460
v -87.424072 6.036445 86.641769
v -86.615173 6.231132 86.770256
v -85.667114 6.181693 86.471855
v -87.326050 6.497962 89.664406
v -85.041382 6.077582 86.235146
v -84.767029 6.009849 85.639969
v -84.555969 5.910391 85.134224
v -85.094788 6.140235 85.351578
v -85.477234 6.241096 87.234085
v -86.640015 6.686225 89.776039
v -86.718628 6.767829 89.355591
v -86.173828 6.734962 90.148270
v -85.086365 7.013663 89.576370
v -85.706726 6.712379 90.856277
v -85.239075 6.291129 87.672478
v -86.089294 6.551200 87.828873
v -86.269592 6.704780 88.101990
v -86.559509 6.537314 87.766273
v -84.795166 6.324882 88.026138
v -84.047424 6.416389 88.665359
v -84.978210 6.512382 88.313301
v -83.307068 6.486609 89.506332
v -84.126770 6.717048 90.413483
v -84.838135 6.752524 90.890266
v -80.531616 6.657310 94.229149
v -80.159912 6.654579 94.059708
v -80.973877 6.711524 95.081947
v -88.776550 6.748649 94.568909
v -87.433228 6.835975 94.543434
v -86.204834 7.023460 95.331787
v -89.248596 6.830574 94.857674
v -90.021667 6.760139 94.367500
v -85.950867 7.126686 96.669243
v -90.724182 6.858116 94.572441
v -91.562866 6.889549 94.523773
v -92.092712 7.064186 94.839340
v -92.065735 7.230033 95.156670
v -86.409729 7.148597 97.453415
v -86.625610 7.254616 99.445030
v -86.907776 7.440727 100.983315
v -82.900940 7.052406 99.425804
v -83.136230 7.136040 99.959000
v -85.484924 7.450005 101.246704
v -85.939514 7.544472 102.884010
v -87.734375 7.505928 101.645332
v -88.559204 7.630821 102.150314
v -86.611023 7.697639 103.806488
v -82.191467 6.968559 99.196854
v -87.481506 7.810219 104.720764
v -79.919922 6.673378 96.080315
v -79.324219 6.636985 96.155655
v -78.866821 6.631202 95.315460
v -78.665833 6.590827 95.400864
v -78.959229 6.567878 96.853165
v -79.619751 6.635017 99.045013
v -80.833313 6.859215 99.692070
v -81.299744 6.914696 99.533562
v -81.879639 7.040581 99.807236
v -81.721436 7.066460 100.206429
v -81.909180 7.094688 100.532318
v -81.411377 7.039268 100.418549
v -71.431580 5.237723 83.924881
v -70.647888 5.208090 83.768600
v -70.934448 5.279013 84.242935
v -70.906799 5.232275 83.401268
v -72.583435 5.213828 82.861084
v -72.143555 5.304724 83.860611
v -72.079834 5.321188 84.229080
v -73.536377 5.301611 83.262177
v -73.258789 5.198767 82.804863
v -74.520874 5.337866 84.005424
v -74.003418 5.498023 84.842133
v -74.061707 5.514410 85.056198
v -73.232544 5.458686 85.273911
v -73.345947 5.492682 84.774719
v -72.755676 5.363638 85.062805
v -72.361145 5.404593 85.641182
v -72.229431 5.353583 84.916115
v -71.806702 5.457404 85.577263
v -85.150085 5.498785 82.660912
v -85.040466 5.582938 83.214806
v -85.259888 5.646918 83.509369
v -85.554993 5.649680 83.522720
v -85.478333 5.910925 84.112648
v -85.850037 5.873496 83.986916
v -87.918335 4.672977 46.213375
v -87.234924 4.902011 46.340874
v -87.428589 4.562213 47.011856
v -87.608521 4.923419 45.746880
v -87.610107 5.310443 44.823654
v -86.024658 5.295230 45.491879
v -87.286682 5.465259 44.397202
v -85.605469 5.482578 44.826233
v -86.463196 5.731845 43.311661
v -87.222595 5.530429 43.943596
v -84.842224 5.586002 44.759842
v -85.011780 5.869297 43.473648
v -84.653503 5.792942 44.097008
v -85.037720 6.208896 41.720406
v -83.645569 6.432102 41.253235
v -84.614807 6.469440 40.746513
v -83.693115 6.617602 40.353806
v -82.959900 6.811633 39.399292
v -83.089233 6.876422 38.750931
v -82.314575 6.964557 38.690704
v -82.491760 6.986209 38.198555
v -81.897339 7.093875 38.191063
v -81.720947 7.078189 38.563957
v -82.342529 7.098544 37.312325
v -81.243774 7.163791 37.541840
v -81.965942 7.187335 36.496407
v -81.405518 7.209170 35.934097
v -80.027222 7.142703 35.429276
v -82.051758 7.208987 36.060684
v -81.128357 7.194690 35.514420
v -80.518982 7.137073 37.121269
v -80.934204 7.157458 37.760086
v -79.416443 7.070498 37.212379
v -78.650208 7.092837 37.020004
v -77.853516 7.157794 35.281181
v -77.828186 7.159076 35.836456
v -79.468872 7.131030 35.010307
v -79.850464 7.128207 34.749634
v -77.401794 7.164217 34.577126
v -78.688171 7.148333 34.517616
v -77.752258 7.174624 34.178627
v -76.898315 7.140246 34.320168
v -76.612061 7.048663 33.689148
v -75.760376 6.780901 32.551178
v -75.702515 6.862948 33.276344
v -75.117981 6.637988 32.047310
v -75.457581 6.614672 31.654175
v -76.006104 6.684878 31.687439
v -75.106995 6.487719 30.915726
v -74.126770 6.435076 31.071594
v -74.390869 6.577029 31.944221
v -74.433167 6.345507 30.149712
v -73.496826 6.208682 30.433601
v -72.727112 5.903353 30.190559
v -73.383362 5.814074 29.084877
v -72.744934 5.625323 29.235649
v -72.220947 5.533389 29.600403
v -72.276794 5.244433 28.707191
v -71.727661 4.964510 28.544106
v -71.946106 4.796648 27.951057
v -72.326782 5.017611 28.132301
v -71.494873 3.833742 26.037132
v -71.055176 3.765810 26.248291
v -70.782166 3.393770 25.619209
v -70.208740 3.241060 25.700531
v -70.829163 2.872850 24.509445
v -69.548767 2.684084 25.086571
v -70.330383 2.223406 23.566681
v -68.820740 2.302401 24.777191
v -69.887817 1.835802 23.090637
v -69.420532 1.257631 22.209602
v -68.010559 1.860445 24.249435
v -69.277893 0.857378 21.223076
v -68.390442 0.503999 19.924171
v -66.989807 1.435839 24.030823
v -66.941223 1.546816 24.432716
v -66.371643 1.193834 23.754677
v -66.544312 1.394380 24.285973
v -66.486755 0.819765 22.490326
v -66.213684 0.665483 21.607948
v -66.159363 0.783785 22.459930
v -65.693054 0.509019 20.699432
v -65.286316 0.209352 19.568985
v -68.146667 0.341447 19.019737
v -68.875122 0.393892 18.972015
v -65.307800 0.121614 18.783821
v -64.843994 0.000001 17.721786
v -67.708191 0.199388 18.126129
v -66.756348 0.084153 16.493637
v -67.695007 0.123857 17.223259
v -68.053406 0.170244 17.726990
v -64.455994 0.014009 16.793091
v -64.190247 0.028398 17.162010
v -64.657288 0.116792 15.381577
v -66.316040 0.175966 15.622887
v -64.553650 0.205857 14.180588
v -67.053528 0.147904 13.884407
v -66.860107 0.197862 14.732307
v -64.609497 0.273713 13.125175
v -64.240845 0.243699 13.897652
v -66.355469 0.220826 13.172966
v -65.840515 0.297212 12.433693
v -65.077271 0.355897 12.046249
v -64.013245 0.393815 12.117767
v -63.193481 0.462342 11.647041
v -64.389160 0.472886 10.482597
v -63.605103 0.559510 10.239532
v -61.706421 0.675080 10.682907
v -61.527039 0.680879 11.375389
v -61.414795 0.802781 9.722603
v -62.423096 0.793992 9.081787
v -61.314087 0.959351 8.470398
v -62.938416 0.690308 9.563377
v -63.441956 0.624284 9.714577
v -62.691833 0.927582 8.101707
v -62.118713 1.087052 7.155647
v -60.737305 1.078797 7.935471
v -60.115356 1.200837 7.430855
v -60.212524 1.123459 7.941597
v -62.416565 1.121659 6.757385
v -61.003601 1.317261 5.382004
v -61.833069 1.276108 5.213287
v -58.748535 1.448258 6.712776
v -59.041199 1.533768 4.905228
v -57.971619 1.505417 6.670311
v -57.455139 1.647126 5.934029
v -58.175476 1.694931 4.509735
v -56.717529 1.800324 5.240730
v -57.098694 1.796021 4.732018
v -55.694641 2.026154 4.475105
v -55.178833 2.174927 5.273682
v -56.151428 1.947953 3.830009
v -55.773621 1.983505 2.953651
v -54.624146 2.152069 3.610603
v -55.079590 2.043198 2.624229
v -53.573242 2.188766 1.388306
v -53.234436 2.194550 1.747948
v -53.703796 2.193848 4.135361
v -52.683960 2.235382 1.683525
v -53.074768 2.213517 5.257072
v -53.694336 2.263520 5.477196
v -52.326355 2.281723 1.316399
v -51.641113 2.303528 1.092186
v -50.994446 2.299774 0.948875
v -49.514709 2.339768 1.756683
v -52.021851 2.299653 5.552948
v -51.094543 2.311966 5.217590
v -49.459717 2.398407 4.939728
v -48.869385 2.392548 1.988762
v -48.164368 2.475220 1.946083
v -47.174072 2.623642 5.175812
v -48.390015 2.524491 5.194252
v -44.911499 2.871262 6.259827
v -46.855408 2.702408 5.894974
v -46.693726 2.581329 1.327194
v -47.638000 2.499176 1.139190
v -46.079102 2.610947 0.883499
v -45.081726 2.690598 0.377502
v -44.292908 2.721298 0.478592
v -45.231079 2.637421 -0.000008
v -43.429443 2.755432 0.994652
v -43.841064 2.724167 0.310318
v -42.241882 2.833115 1.680176
v -41.320740 2.903305 2.306762
v -40.509827 2.979874 2.714935
v -42.220032 3.184891 5.937042
v -41.531677 3.283082 6.421546
v -41.025940 3.375062 7.180358
v -43.409546 3.189911 6.735687
v -41.081970 3.453858 8.043671
v -43.456848 3.522187 7.237869
v -43.079529 3.749939 7.750694
v -43.421936 4.220078 7.838920
v -43.281433 3.736268 8.587006
v -41.396118 3.458634 8.710014
v -43.594421 3.563233 9.343201
v -42.476501 3.457749 8.491867
v -44.041565 3.629578 9.921608
v -44.513062 4.075791 11.266357
v -44.334656 3.863313 11.620834
v -43.908264 3.780366 11.129814
v -42.813599 3.663392 11.206787
v -42.461609 3.710908 12.098259
v -42.978149 3.693635 13.544968
v -43.149109 3.688859 13.970528
v -43.617859 3.696610 13.811417
v -44.211121 3.735521 14.288712
v -44.532227 3.634919 13.333961
v -44.010742 3.734345 12.852287
v -44.911865 3.735841 14.301178
v -44.724976 3.753251 14.743027
v -45.301453 3.761400 14.883408
v -45.195496 3.683747 14.053627
v -87.792542 8.137856 107.242073
v -87.502197 8.134530 107.555748
v -88.072021 8.245156 108.104736
v -87.559326 7.997902 106.465408
v -87.749329 7.889931 105.857506
v -88.119507 8.021049 104.814796
v -88.424194 7.719078 103.641525
v -89.521179 7.585121 101.731194
v -89.280640 7.859550 102.782043
v -89.926453 7.610283 101.757339
v -33.385254 3.352143 4.884010
v -32.835693 3.372361 4.865562
v -32.465515 3.419526 5.284767
v -34.686829 3.258362 3.886581
v -35.956482 3.488358 6.089859
v -36.970215 3.603867 6.410446
v -37.922913 3.458146 7.005241
v -35.935852 3.449234 4.864540
v -38.557678 3.396348 6.683868
v -38.769592 3.328248 5.609466
v -36.533752 3.314377 4.244285
v -37.810486 3.469285 5.168289
v -37.416382 3.387696 4.770698
v -36.249084 3.184448 3.127449
v -37.182617 3.117111 2.883987
v -38.038269 3.051743 2.869896
v -38.930237 3.018875 3.177696
v -34.994080 3.184754 2.907791
v -34.582153 3.215485 3.156257
v -35.384644 3.173157 2.806961
v -35.251892 3.137436 2.327324
v -88.350220 8.475228 110.473328
v -88.034119 8.563058 110.914055
v -88.440735 8.559777 111.120956
v -88.977478 8.698236 112.063591
v -87.374939 8.888986 111.300377
v -90.181091 9.094186 113.565170
v -87.122375 9.109628 112.007362
v -86.832581 9.028634 112.523346
v -87.103333 9.047387 113.105415
v -86.564636 8.813302 114.222481
v -86.062561 8.836404 115.119484
v -91.168152 9.381967 114.647514
v -86.446289 8.988061 116.288055
v -87.000671 9.281594 118.472359
v -87.487610 9.426003 119.849052
v -92.470703 9.782678 115.186829
v -93.115662 10.109857 115.672035
v -93.523193 10.463128 116.739166
v -94.022400 10.758279 117.391487
v -88.184509 9.686060 121.210114
v -88.538330 9.866648 122.407043
v -90.611389 10.479914 121.572990
v -89.609863 10.178049 122.706940
v -91.269165 10.650049 121.675888
v -92.047180 10.859064 122.246132
v -92.405823 11.117548 122.570892
v -91.937439 11.081980 122.761780
v -93.202393 11.355524 122.568726
v -123.053192 14.275780 101.983284
v -122.365112 14.381172 101.242584
v -122.762756 14.360023 102.415703
v -123.931427 13.962624 101.430664
v -122.678223 14.423027 99.664520
v -122.825989 14.558647 97.944069
v -122.983948 14.679985 96.723160
v -123.302917 14.767616 95.498131
v -124.071381 14.802451 94.725800
v -126.176910 13.617607 100.162521
v -124.926971 13.580330 101.387711
v -127.156433 13.519951 98.880981
v -127.878601 13.520653 98.262131
v -127.110748 14.341147 94.381195
v -124.958740 14.712379 94.518387
v -127.113129 14.454001 93.702316
v -128.949493 13.402351 97.956650
v -130.399078 13.384453 97.323975
v -129.486481 13.290398 97.927940
v -131.540894 13.467964 96.737640
v -133.520477 13.633553 95.534019
v -133.390259 13.843163 95.139816
v -132.711395 14.031074 94.654449
v -130.408173 14.355186 92.200378
v -132.189209 14.146934 94.007263
v -132.582123 14.177588 93.905853
v -132.161407 14.260077 93.190887
v -131.208160 14.358863 92.074265
v -132.454865 14.303473 92.941864
v -132.575684 14.257667 93.377411
v -129.259857 14.430564 92.629379
v -129.769745 14.468665 92.103043
v -128.417175 14.574912 92.460251
v -127.837738 14.620688 92.586388
v -123.739075 14.363869 103.429535
v -123.872559 14.119225 102.251678
v -123.110413 14.455544 103.027969
v -124.267609 13.929970 102.986496
v -124.521667 13.716789 101.738953
v -124.381866 13.767784 101.518311
v -167.950134 2.150246 109.737480
v -167.351562 2.170769 109.765701
v -167.731689 2.212212 110.205757
v -168.000641 1.975960 107.721390
v -168.412628 2.134820 109.900002
v -169.799133 2.079018 109.469307
v -169.959015 2.029320 108.525833
v -167.104034 2.044060 108.294479
v -165.937164 2.185128 108.732117
v -165.993195 2.271233 109.172089
v -165.449493 2.338113 109.284950
v -164.918060 2.271645 108.938988
v -165.460144 2.188103 108.568329
v -164.423767 2.403298 110.206299
v -163.431946 2.480065 110.296799
v -163.988953 2.314477 109.038963
v -163.612762 2.360390 108.780655
v -169.687408 1.992791 108.020813
v -168.622864 2.034935 107.627716
v -170.449097 1.912133 107.600647
v -171.109955 2.069237 108.586197
v -171.539703 2.063164 108.991058
v -171.207794 1.934792 107.624672
v -171.484406 2.005013 110.346497
v -171.143860 1.798562 106.892899
v -170.070618 1.979348 106.428177
v -171.974976 1.963524 107.375816
v -171.838409 1.714440 106.183548
v -172.992065 1.915108 110.094810
v -172.037537 2.120873 109.002594
v -172.997986 1.967476 109.637634
v -173.506866 1.884637 109.640518
v -172.192993 1.992257 110.485847
v -172.004211 2.046044 111.142769
v -171.537201 2.061639 110.971008
v -172.624329 1.819588 106.699280
v -172.553711 1.918557 107.014107
v -173.189331 1.999718 107.306099
v -173.418304 2.053505 107.587929
v -173.495758 1.890053 107.196404
v -173.515503 1.702019 106.072113
v -172.732910 1.660241 105.751617
v -171.108795 1.848488 105.580757
v -173.799744 1.646218 105.229492
v -174.456909 1.664025 106.333801
v -174.781494 1.543602 103.279839
v -175.302826 1.666359 106.286507
v -176.577942 1.640877 105.989151
v -176.841583 1.619164 105.348312
v -176.908478 1.606865 104.527817
v -177.319183 1.654274 103.961967
v -176.459961 1.670570 103.382584
v -175.951935 1.623985 103.237389
v -175.305206 1.508507 102.620316
v -174.504974 1.470528 102.446259
v -175.800079 1.459435 101.956657
v -177.911316 1.569908 104.477554
v -179.022675 1.543221 104.690842
v -178.436462 1.549492 103.769165
v -179.351837 1.508293 104.313370
v -179.809418 1.361473 103.158539
v -178.392303 1.506355 102.292770
v -173.931152 1.358910 100.789627
v -173.866882 1.411858 101.563187
v -173.639618 1.329979 100.054199
v -180.283325 1.381828 102.699104
v -180.699097 1.528282 102.733124
v -181.016571 1.407021 102.079071
v -179.724762 1.322227 101.741379
v -178.936096 1.429375 102.383667
v -178.300598 1.451729 101.658173
v -181.166107 1.325935 101.727043
v -181.552826 1.418541 101.987816
v -181.517242 1.296928 101.573738
v -180.477783 1.212547 101.004585
v -179.275452 1.335701 100.895111
v -177.637085 1.463905 101.906013
v -179.538239 1.331795 100.278870
v -179.941345 1.347618 100.077606
v -178.735870 1.294945 99.982986
v -176.642700 1.463600 101.792542
v -177.164734 1.600823 102.252968
v -178.249207 1.307243 99.229759
v -178.958923 1.306221 97.832199
v -179.216522 1.163490 96.932777
v -179.086365 1.123283 95.872681
v -179.607422 1.168022 96.015541
v -174.069672 1.182869 97.342239
v -174.303192 1.150932 96.689919
v -173.133636 1.234382 98.082100
v -174.055237 1.106132 95.771927
v -172.755280 1.305885 99.089996
v -174.057465 1.070640 94.471985
v -171.931152 1.297554 98.564255
v -171.835541 1.267875 98.129639
v -170.687042 1.221367 97.247627
v -173.791199 1.045066 93.584114
v -170.469208 1.333168 98.526428
v -169.714874 1.250679 97.013657
v -172.967651 1.013954 92.574631
v -169.602234 1.389427 98.935455
v -170.073547 1.377388 98.928947
v -167.466187 1.432854 99.195633
v -168.553467 1.466209 99.962883
v -168.644470 1.263939 96.266731
v -167.415985 1.425163 98.399559
v -167.851379 1.440773 97.440796
v -166.930237 1.520088 100.025925
v -167.417694 1.427131 96.492508
v -168.289307 1.590386 102.679749
v -168.554993 1.509422 100.703300
v -166.181366 1.591591 100.694122
v -168.946259 1.543892 101.283340
v -168.838348 1.582741 101.915924
v -165.587219 1.662102 101.423119
v -168.412140 1.672585 103.595856
v -167.474884 1.723961 103.849098
v -165.891022 1.311897 95.030853
v -169.131104 1.116615 95.087448
v -165.928925 1.257423 94.520630
v -165.484253 1.338966 95.098030
v -165.687103 1.244743 94.232491
v -165.939301 1.175285 93.708916
v -167.869080 1.067130 93.165253
v -169.426910 1.076484 93.774384
v -165.272217 1.162788 93.272629
v -169.184235 1.064338 93.086700
v -170.527832 1.068199 92.791222
v -170.210541 1.036994 91.844482
v -171.427979 1.035316 92.144188
v -166.069244 1.177009 91.513985
v -172.156311 1.018867 90.064758
v -170.200378 1.034492 90.582756
v -171.394531 1.065269 89.094200
v -169.447632 1.096030 89.573608
v -169.583069 1.107245 88.893906
v -172.961029 1.062446 91.244164
v -172.717041 1.066367 90.618103
v -174.102539 1.080146 91.567993
v -175.815002 1.055244 91.167221
v -176.258698 1.040427 90.443901
v -165.204803 1.260505 90.871368
v -164.830383 1.368873 90.084419
v -164.581482 1.403495 88.990082
v -164.106812 1.264854 92.934807
v -165.065308 1.301048 93.873085
v -163.694092 1.557883 87.627083
v -164.674255 1.563544 86.764725
v -162.362274 1.691123 87.781067
v -161.632568 1.746818 88.078407
v -164.883545 1.437964 87.827072
v -160.417542 1.869040 87.875404
v -165.955536 1.524634 86.899254
v -164.808502 1.622473 85.693680
v -166.476501 1.680976 86.033890
v -164.461456 1.725333 84.533234
v -166.605499 1.545325 84.611526
v -163.785248 1.803992 84.024437
v -160.091156 1.949866 86.972313
v -163.110992 1.428443 91.122726
v -163.662659 1.345374 91.988297
v -162.663330 1.515556 92.851837
v -162.908783 1.398643 93.204193
v -163.235504 1.356452 93.371307
v -162.249451 1.324455 94.197906
v -162.901611 1.451713 94.315071
v -161.876526 1.509376 91.153748
v -161.879333 1.369346 94.779900
v -161.287994 1.426017 91.733063
v -161.578644 1.457008 91.916260
v -161.749878 1.484733 92.531769
v -161.930206 1.535484 92.533020
v -160.116760 2.135185 90.495201
v -159.643921 1.812461 89.535858
v -159.355530 1.862128 88.586296
v -158.588776 1.978660 87.578674
v -161.307800 1.254310 94.292717
v -161.476654 1.299949 93.988808
v -161.475830 1.306587 95.032112
v -161.753174 1.396873 95.960236
v -161.416046 1.480629 97.132591
v -162.209351 1.521659 96.602295
v -162.864319 1.630607 96.010864
v -162.483093 1.609627 97.670311
v -162.180359 1.627434 98.000877
v -159.338135 2.084067 84.663925
v -160.070160 2.021170 85.111130
v -156.723724 2.241126 85.904228
v -158.718231 2.159888 83.678230
v -158.387512 2.283637 82.610764
v -157.350525 2.203818 86.534714
v -157.574982 2.153541 86.962952
v -157.542786 2.121299 87.320038
v -157.206329 2.170188 87.098106
v -155.466339 2.368338 84.567413
v -156.004395 2.302268 85.461456
v -156.364716 2.285590 86.314575
v -155.574829 2.312461 85.384979
v -157.794220 2.518530 81.059578
v -158.579803 2.362692 81.940002
v -155.032379 2.389594 84.296326
v -154.852753 2.617545 82.564484
v -154.545532 2.652747 83.102425
v -154.669067 2.747687 81.771866
v -157.705444 2.719366 80.063080
v -157.220001 2.781958 78.726242
v -155.292480 2.900854 80.062546
v -154.358521 2.883887 81.460686
v -155.340118 2.827399 78.563103
v -154.762482 2.954108 79.165497
v -155.901428 2.832464 77.506042
v -156.943634 2.853811 77.027100
v -157.997650 2.844198 76.082016
v -155.278473 2.923193 76.591949
v -159.045349 2.855627 76.750954
v -159.817566 2.883017 75.861366
v -160.831909 2.916601 75.659935
v -154.658478 3.025793 75.302811
v -154.609955 3.024847 75.893997
v -154.436584 3.184789 72.120087
v -153.551849 3.063864 74.250275
v -153.873993 3.092825 73.255219
v -154.352936 3.242269 71.229607
v -154.212372 3.123373 70.188835
v -153.917877 3.149450 70.535202
v -155.714478 2.985387 69.740341
v -154.236786 3.077764 69.343536
v -153.681824 3.046361 68.788017
v -153.697723 3.020467 68.203674
v -155.079346 3.288793 68.539764
v -154.137054 3.369985 67.733215
v -157.623505 3.027746 71.790665
v -158.363800 3.118490 72.170197
v -158.819275 3.000356 72.582115
v -153.928833 3.458272 67.133148
v -159.566528 3.050237 73.934067
v -159.504120 3.053365 72.649292
v -160.088867 2.988012 74.658791
v -160.090515 3.146139 74.166733
v -160.851135 2.982214 75.434937
v -161.820770 2.820959 76.153305
v -161.701904 2.847143 76.540009
v -162.430511 2.729727 75.987419
v -162.462128 2.813864 75.440704
v -163.573639 2.682226 74.693237
v -163.951660 2.554800 75.771385
v -164.262085 2.569860 75.161682
v -162.395264 2.912024 74.581032
v -163.106293 2.901418 74.161713
v -162.271301 2.956793 74.014908
v -161.651123 3.064596 74.240479
v -161.315277 3.053701 73.178139
v -161.835419 3.020147 73.385071
v -161.307373 3.102865 73.736725
v -153.075378 3.090764 66.763588
v -153.264069 3.061544 67.626381
v -153.851074 3.245961 65.999474
v -154.011414 3.465368 65.541847
v -153.578827 3.459127 64.987549
v -153.278748 3.186025 65.149231
v -153.125946 3.686971 63.629227
v -152.964996 3.418492 63.542309
v -152.638000 3.320287 61.850460
v -152.932922 3.682332 61.809044
v -153.047363 3.928365 62.707718
v -152.397003 3.438466 61.081142
v -153.546265 3.591664 61.113274
v -153.527191 3.425435 60.663437
v -153.144257 3.590184 60.301727
v -154.072327 3.391988 60.866871
v -154.023682 3.692418 61.411610
v -154.645935 3.475133 60.553616
v -163.404602 1.864707 83.759468
v -162.812927 1.909629 83.574791
v -162.909058 1.889090 83.877243
v -164.063141 1.955634 83.132332
v -164.978241 1.921698 82.862877
v -165.845886 1.898749 81.571701
v -166.920074 1.742316 81.653877
v -167.019928 1.659400 83.277939
v -167.194733 1.589667 83.560059
v -168.091187 1.589911 82.994705
v -168.911346 1.648230 82.258270
v -168.496216 1.537543 81.911011
v -167.185822 1.721396 82.137634
v -166.438995 1.891470 80.846436
v -166.051514 2.146078 79.988556
v -166.170105 2.085196 79.868805
v -165.625610 2.368368 79.083542
v -165.447693 2.428091 79.114281
v -165.756958 2.365423 78.320145
v -166.001648 2.299643 78.326843
v -165.603088 2.299444 77.648155
v -165.003845 2.423681 77.191032
v -167.252869 1.773842 104.835976
v -165.397949 1.810173 104.405296
v -166.275330 1.813057 104.791000
v -164.242340 1.893013 104.943840
v -164.120026 1.879082 104.225365
v -163.831635 1.979836 103.639221
v -163.399445 1.837517 102.322655
v -163.852783 1.726326 101.987389
v -173.921600 1.021445 86.952591
v -172.894073 1.084845 86.890862
v -173.141235 1.058860 87.150154
v -174.182587 1.024588 86.823021
v -174.914307 1.128974 87.109001
v -174.869385 1.054786 86.494827
v -175.587921 1.147864 87.039810
v -176.248688 1.111670 87.045029
v -176.518372 1.114692 87.835083
v -176.675598 1.048972 85.607040
v -175.062836 1.121009 85.781479
v -175.420593 1.088156 85.244087
v -177.387024 1.040778 88.213715
v -176.833130 1.147239 86.346268
v -176.530060 1.025443 89.230850
v -177.230377 1.203437 86.459572
v -177.570465 1.202643 86.806236
v -177.985779 1.165473 86.921883
v -178.175385 1.185431 87.642700
v -178.489746 1.144507 86.939613
v -178.300079 1.200110 88.047318
v -176.584137 1.002509 84.948868
v -175.320984 1.037818 83.989685
v -174.615845 1.222129 84.699814
v -174.453857 1.143927 83.903114
v -176.163666 1.000281 83.785934
v -176.903656 0.967551 84.483765
v -174.672729 1.064276 83.438713
v -173.767883 1.137412 83.100616
v -173.720306 1.189856 83.354477
v -173.114960 1.266150 83.426994
v -172.878143 1.233557 82.938469
v -173.523315 1.145438 82.806938
v -172.139862 1.327902 82.931770
v -171.967773 1.305609 82.723213
v -171.591461 1.388480 83.436111
v -170.943817 1.434851 82.760086
v -171.751343 1.425437 84.329544
v -171.993195 1.342673 84.111176
v -176.207581 1.083091 89.882355
v -177.205353 1.083274 89.850563
v -177.878876 1.184836 88.925751
v -178.701294 1.270926 88.673477
v -178.506104 1.295295 88.828506
v -179.534760 1.161841 88.593903
v -179.496033 1.159797 88.997604
v -180.218689 1.067847 90.008690
v -179.507965 1.238517 89.874001
v -178.982574 1.427772 90.401306
v -180.409302 1.196387 90.660812
v -177.316406 1.111213 90.322151
v -180.834839 1.063026 90.345993
v -177.661255 1.116981 90.883636
v -178.040161 1.366004 90.481857
v -181.307617 1.063438 90.856125
v -181.023102 1.186317 91.521057
v -182.051483 0.988593 91.493240
v -180.616638 1.202339 92.448990
v -177.903076 1.099632 92.661682
v -178.122131 1.155723 91.640701
v -177.851471 1.207954 93.884895
v -178.227509 1.133506 92.205627
v -178.096405 1.175254 94.403259
v -179.216125 1.408882 94.565659
v -179.155853 1.409889 94.263863
v -179.411682 1.394203 93.617729
v -179.282745 1.267188 93.055138
v -180.514496 1.240226 92.760826
v -179.128448 1.254157 91.538246
v -179.616516 1.220298 92.002930
v -179.374664 1.336463 90.990898
v -181.906494 1.055427 93.004074
v -182.271454 1.017814 92.795929
v -181.427704 1.200233 93.540962
v -181.446594 1.247688 94.066193
v -180.725128 1.315208 94.942924
v -131.233582 3.095738 57.610645
v -130.649078 3.125417 58.490726
v -131.094055 3.156117 58.440010
v -131.537567 3.175450 58.760513
v -132.753174 3.368352 58.522610
v -131.256744 3.114293 55.594368
v -130.630707 2.928410 57.086834
v -134.206085 3.630147 58.513786
v -133.670441 3.537419 58.938721
v -131.273193 3.133946 54.867474
v -131.977203 3.326084 54.595802
v -131.985107 3.347920 53.816494
v -135.821930 3.818944 57.546894
v -135.078308 3.730183 58.588890
v -135.554291 3.768254 58.226379
v -132.512604 3.487217 53.306259
v -131.684814 3.269078 53.569588
v -133.022766 3.585819 53.230312
v -133.487671 3.639912 53.554371
v -134.603302 3.677540 53.549717
v -136.437164 3.889470 56.974430
v -137.080780 3.879719 56.755112
v -138.089172 3.855992 56.542805
v -137.842072 3.943852 57.335899
v -135.381683 3.675343 53.248325
v -136.542297 3.750614 53.784355
v -137.220612 3.806065 54.472939
v -138.117340 3.915821 54.200951
v -138.421234 3.906910 54.438255
v -139.538422 3.862797 54.499611
v -140.188293 3.811299 54.273651
v -141.417206 3.706227 53.468956
v -142.023071 3.763554 56.323036
v -142.216553 3.735707 55.263905
v -143.313782 3.708134 53.102211
v -143.348114 3.705204 54.286823
v -144.153809 3.700382 52.684895
v -144.351654 3.696781 53.906731
v -145.566864 3.741169 53.754993
v -145.288147 3.682499 52.892555
v -147.005310 3.650990 52.754723
v -146.939209 3.786549 53.776379
v -148.124115 3.624729 53.005459
v -147.799286 3.763066 54.747639
v -149.133484 3.576069 53.092720
v -139.249939 3.999150 56.230011
v -140.532288 3.889561 56.385925
v -140.756683 3.883961 57.054893
v -141.544800 3.794209 56.778233
v -148.196533 3.658360 56.114330
v -147.857788 3.748387 55.520458
v -147.408813 3.901951 55.545631
v -149.601349 3.602940 55.328617
v -148.082001 3.632420 56.956585
v -147.491058 3.706028 56.783649
v -147.531494 3.646718 57.066540
v -147.812439 3.592686 57.372829
v -148.852570 3.671483 56.607281
v -149.137390 3.699803 56.298260
v -149.501556 3.792988 56.563023
v -151.802765 3.453892 54.563358
v -150.419983 3.633915 55.473545
v -153.168854 3.453114 54.034622
v -150.675903 3.521137 52.829906
v -149.826935 3.566746 52.792076
v -151.343475 3.495228 52.445351
v -151.615967 3.486592 52.652321
v -152.860657 3.467793 52.465763
v -153.999115 3.468861 52.044014
v -154.071411 3.417576 54.724552
v -154.712555 3.356984 55.622025
v -155.111115 3.311436 56.420944
v -155.699341 3.505574 53.564583
v -155.508270 3.552006 52.905743
v -155.817688 3.586964 52.573006
v -156.674652 3.429676 54.231758
v -157.502502 3.506260 53.548752
v -158.106415 3.480122 52.416000
v -158.521118 3.401798 52.750500
v -155.477325 3.287404 57.283810
v -154.963196 3.299046 56.856701
v -159.949860 3.333210 52.987411
v -159.626282 3.352772 52.770622
v -161.131317 3.326298 51.713196
v -159.889160 3.353642 51.874229
v -160.576660 3.353947 51.298542
v -161.338257 3.352802 51.064552
v -162.348022 3.295933 51.399025
v -161.495148 3.361088 50.432137
v -162.215118 3.309803 50.394691
v -163.034088 3.213078 51.015820
v -163.662842 3.005451 50.054874
v -163.440247 2.881748 49.051849
v -164.120514 2.723362 49.194565
v -165.042908 2.280765 48.132298
v -163.705475 2.619938 48.067406
v -164.516754 2.311908 47.515884
v -165.886536 2.021915 47.850616
v -165.059692 2.078464 46.858982
v -165.397949 1.863742 45.562080
v -167.010345 1.844303 47.918503
v -166.437164 1.959980 48.266365
v -167.270691 1.812946 47.314140
v -167.580353 1.817478 47.816971
v -167.844330 1.758075 46.428040
v -168.307098 1.736103 45.949589
v -166.511322 1.702594 43.379158
v -165.759674 1.842227 44.516724
v -168.464783 1.747135 44.826401
v -165.888916 1.721439 42.600922
v -166.282410 1.799533 42.063133
v -167.735474 1.845905 41.553795
v -169.683472 1.753665 42.643608
v -168.975708 1.740009 44.412888
v -167.670807 1.877246 40.697426
v -170.211548 1.847492 41.593552
v -170.452240 1.967090 40.492485
v -171.122284 2.071994 39.705933
v -167.905182 1.790469 39.615440
v -167.307037 1.850665 40.463470
v -168.330078 1.868503 38.433983
v -171.685760 2.205249 38.869827
v -171.681152 2.198200 39.883568
v -172.160797 2.313541 39.564819
v -172.583221 2.393344 38.287720
v -168.754089 1.995791 35.311302
v -167.928589 1.890414 36.037392
v -168.277771 1.967028 34.594353
v -167.681519 1.850879 36.449524
v -167.821442 1.840045 37.636047
v -167.368683 1.852313 36.096687
v -169.175232 2.187304 33.654785
v -168.177551 1.947329 34.326988
v -169.895874 2.384829 32.789818
v -170.139435 2.466967 32.460510
v -169.780823 2.507098 32.263145
v -170.885071 2.527071 32.135513
v -172.531250 2.850237 30.604034
v -171.240173 2.609454 31.711990
v -171.528259 2.743685 30.615944
v -171.077240 2.807269 30.998123
v -173.383362 2.607852 37.187073
v -173.421875 2.554797 38.655487
v -174.565521 3.134951 35.786964
v -175.184479 3.432284 35.430618
v -175.394562 3.636019 34.518532
v -176.196808 3.993960 34.105576
v -173.069366 2.966296 31.330978
v -173.717896 3.229373 31.027687
v -171.585480 2.871554 29.502632
v -171.132935 2.903628 28.671181
v -176.840912 4.196719 33.649109
v -178.245148 4.738513 33.506134
v -171.113007 2.843752 28.017044
v -171.742004 2.952669 27.129585
v -170.725708 2.974535 28.753616
v -173.102539 3.097674 30.178802
v -177.808655 4.684771 32.412041
v -178.276764 4.817690 33.105797
v -178.440552 4.999362 31.731972
v -179.199341 5.149798 32.615593
v -179.607849 5.252978 32.975471
v -180.368744 5.526049 32.512367
v -180.456146 5.672244 31.721725
v -180.232758 5.796603 31.172783
v -181.680573 6.234911 30.826141
v -181.148560 6.126177 30.368324
v -182.588226 6.506686 30.861099
v -179.149994 5.637072 29.615028
v -178.218353 5.148959 29.428162
v -178.717743 5.379900 29.313850
v -178.826843 5.371553 28.350937
v -179.168976 5.480745 27.619095
v -178.201752 5.082003 28.249313
v -182.561951 6.490054 29.106094
v -183.619904 6.923068 29.372818
v -183.377014 6.820040 29.069168
v -182.326141 6.289614 28.471405
v -180.907227 5.953066 28.236092
v -180.382660 5.969622 29.097672
v -181.655640 6.012285 27.744324
v -181.106934 5.818560 27.336533
v -180.423279 5.747911 27.287430
v -180.884308 5.676714 26.647842
v -180.069000 5.461000 26.211365
v -181.177704 5.729616 26.302094
v -179.611145 5.314302 25.462570
v -179.420654 5.225924 24.584946
v -179.571655 5.127275 23.569824
v -174.081818 3.810045 25.578583
v -180.047028 5.064562 22.759155
v -176.276093 4.110048 23.249069
v -177.085052 4.283419 22.929382
v -176.467682 4.066576 21.690323
v -180.892883 5.055009 21.991890
v -179.099060 4.770067 21.012360
v -180.428864 4.872591 20.852554
v -178.433624 4.376115 20.181862
v -182.154968 5.175218 21.632469
v -175.269165 3.776033 21.759911
v -175.517303 3.886293 23.062012
v -180.646027 4.663789 19.740402
v -179.706360 4.631593 19.847198
v -172.991302 3.246172 21.422401
v -172.853882 3.331026 23.544220
v -172.323639 3.134432 20.854530
v -172.251404 3.173235 22.412521
v -174.192566 3.702211 24.365723
v -171.626129 3.136766 23.894012
v -171.216095 3.098528 24.293777
v -170.815552 2.749178 22.063843
v -171.694885 2.965486 21.635170
v -169.916565 2.650789 23.219353
v -170.304138 2.493074 21.119690
v -170.988342 3.110628 24.556610
v -171.462799 2.979830 25.864586
v -169.130463 2.381548 23.210335
v -168.548767 2.234239 22.904915
v -168.800110 2.286104 22.649956
v -168.423859 2.184511 23.770714
v -169.012482 2.415346 24.893135
v -172.644226 3.315249 26.891609
v -173.901398 3.822100 26.634628
v -170.139282 2.704623 27.174545
v -169.189758 2.401018 27.168938
v -168.684998 2.284014 26.086105
v -138.418274 3.820775 57.939915
v -137.987488 3.867207 58.017567
v -138.185852 3.911320 57.400299
v -139.441772 3.902897 57.803215
v -138.876709 3.797810 58.389889
v -139.093384 4.005528 57.552341
v -159.206909 2.969243 62.695660
v -158.727875 3.147069 62.085201
v -158.340912 3.378148 63.194031
v -160.586823 3.022283 62.777897
v -160.079834 3.140050 60.243546
v -158.112457 3.192525 60.227974
v -160.857269 3.087956 61.259521
v -157.303375 3.225468 59.802959
v -155.962646 3.334523 59.803886
v -159.960114 3.190236 58.928928
v -160.141174 3.214741 58.079449
v -161.126129 3.192509 57.320961
v -155.992401 3.308110 58.562984
v -155.719360 3.410405 59.032001
v -155.438599 3.289799 57.680634
v -161.994995 3.177128 56.953468
v -163.524811 3.175251 56.023464
v -162.736359 3.153019 57.096378
v -163.297028 3.127293 57.032619
v -164.046509 3.078785 57.230011
v -164.189606 3.062062 57.567642
v -164.429230 3.083287 57.457237
v -161.934937 3.198720 55.880020
v -160.668823 3.367878 56.055061
v -159.693665 3.375706 56.658325
v -158.615997 3.352253 56.219784
v -158.397980 3.449177 55.421494
v -158.843536 3.608296 55.638130
v -158.367554 3.495869 54.339767
v -159.070282 3.486424 53.786217
v -159.587982 3.471211 53.867313
v -162.212830 3.108953 63.118439
v -161.225342 3.301106 63.155807
v -162.205048 3.068654 61.968979
v -163.466827 2.933202 63.380001
v -162.281647 3.065282 61.550262
v -168.648743 2.170519 21.581078
v -169.469757 2.160539 19.909515
v -168.922943 1.955507 19.446335
v -169.400208 2.255296 20.852333
v -170.485870 2.435472 18.903458
v -171.118774 2.805879 19.417313
v -171.017334 2.778734 20.004036
v -171.847656 3.024187 20.853256
v -171.908417 3.106431 19.325775
v -171.841400 2.892931 18.772453
v -172.475555 3.221727 20.098946
v -172.195129 2.998720 18.900848
v -171.846954 2.827226 18.567696
v -172.874573 2.894182 18.375320
v -173.341217 3.263750 19.854027
v -173.322937 3.112581 18.822479
v -173.462616 2.753389 16.993721
v -172.808105 2.847291 17.838753
v -179.743378 4.442598 19.093880
v -179.897949 4.406099 18.578453
v -179.778168 4.122591 17.888588
v -179.133881 3.839204 17.106232
v -180.274841 4.008760 17.010033
v -178.809814 3.556169 15.891510
v -180.518433 4.123018 17.697716
v -180.879395 3.756456 15.966995
v -179.370514 3.533494 15.279877
v -180.019836 3.492524 15.047142
v -183.685516 3.551942 13.605774
v -184.378998 3.463960 12.788338
v -182.388153 3.375611 13.165810
v -182.022400 3.190370 12.567490
v -181.725708 2.934190 11.714951
v -181.798920 2.751420 10.657120
v -182.464722 2.746796 10.091034
v -181.971924 2.116532 8.361107
v -182.832275 2.652024 9.604645
v -181.649323 1.929673 7.409538
v -181.190674 1.936265 7.216042
v -182.167419 1.831742 6.489616
v -182.381287 1.779679 6.614975
v -182.161896 1.791504 6.219841
v -179.966339 1.839097 6.335571
v -179.384583 1.769364 5.593300
v -179.830200 1.718232 5.047478
v -179.347198 1.822037 5.090797
v -178.288788 1.734482 5.749527
v -174.789978 2.307069 13.523643
v -177.486176 1.573243 5.207474
v -174.972473 1.735200 9.163162
v -175.552826 1.955872 9.753265
v -175.474579 1.960038 10.674484
v -174.426880 1.884736 10.794067
v -177.505096 1.346970 4.699974
v -175.787537 0.929215 5.709435
v -175.347534 0.962647 6.408722
v -174.889221 0.771332 6.501740
v -174.434418 1.177247 7.738724
v -173.869202 1.286149 8.600914
v -174.391296 1.720460 9.519203
v -173.347595 1.208833 8.797401
v -173.295349 1.351716 9.739395
v -173.909027 1.695481 10.179314
v -173.478027 1.657548 10.430527
v -172.928894 1.332444 10.020210
v -172.956360 1.537522 10.442627
v -174.051788 1.839997 11.011925
v -173.798584 1.885697 11.801262
v -174.046448 1.987611 12.333923
v -172.996704 1.971559 12.454765
v -172.768341 1.942719 12.217255
v -174.473419 2.158845 12.853760
v -174.236267 2.187730 13.150352
v -173.465668 2.227632 13.914436
v -173.377350 2.635530 15.761330
v -172.795746 2.777345 16.010643
v -172.983490 2.374650 14.547920
v -172.847717 2.162446 14.036804
v -172.900940 2.056458 13.280144
v -172.242432 2.309160 14.462822
v -172.092133 2.323411 14.604980
v -171.802307 2.206315 13.746132
v -171.680145 2.200532 14.698654
v -171.640228 2.226045 13.650131
v -171.491028 2.138688 15.469177
v -170.983337 1.899537 15.755898
v -171.424286 2.383195 16.398582
v -171.863068 2.552491 15.998596
v -170.668304 1.886140 16.058090
v -171.041992 2.304475 16.794937
v -171.447937 2.556733 16.817734
v -169.943604 1.571275 15.295753
v -170.670685 1.774385 15.213326
v -170.228516 1.606263 14.990456
v -181.663452 4.495729 18.123970
v -182.020203 4.448900 17.796028
v -182.126984 4.236650 17.416908
v -181.217224 4.662141 18.778107
v -181.440247 4.739839 19.310608
v -182.977356 4.456865 17.633957
v -182.729889 4.851137 19.434555
v -183.260956 4.811220 18.709976
v -183.288940 5.428545 22.072029
v -184.089172 5.770342 23.092461
v -184.146912 6.078478 24.088264
v -184.463806 6.386354 25.104935
v -185.305969 6.654131 26.288475
v -185.148315 6.883791 27.478027
v -185.607178 7.042696 28.128380
v -184.844421 6.940767 27.720436
v -186.702606 6.962175 27.353477
v -187.625244 6.804094 25.844528
v -187.727722 7.032351 26.734299
v -187.931885 7.208147 27.683586
v -188.114441 7.138552 27.226295
v -188.569519 7.165789 27.090370
v -189.182312 6.582628 24.539162
v -188.464874 6.758760 25.333374
v -189.760956 6.355684 23.467308
v -190.925049 6.243196 22.630424
v -189.982727 5.872194 21.428711
v -190.794983 6.032350 21.832664
v -191.587250 6.152605 22.135796
v -191.468231 6.001985 21.568893
v -189.045837 5.519548 20.274353
v -187.759674 5.415040 20.163727
v -186.889618 5.163042 19.302017
v -185.800629 4.434679 16.699936
v -186.696991 4.803957 17.814865
v -185.299622 4.260759 16.149574
v -186.704529 4.614137 16.806801
v -187.042938 4.790040 17.115021
v -186.544739 4.399843 16.127693
v -186.910522 4.538866 16.368271
v -185.350433 4.026261 14.822853
v -185.522491 4.167542 15.334595
v -186.064331 3.968888 14.119232
v -185.774841 3.752351 13.485611
v -186.309601 3.831452 13.575233
v -186.142578 3.587419 12.562782
v -185.490814 3.254304 11.757629
v -186.714874 3.553254 12.290443
v -186.981903 3.675767 12.706619
v -183.998230 3.375291 12.082726
v -184.830933 3.270127 11.565071
v -183.169739 3.308152 11.724045
v -183.117615 3.218003 11.259995
v -28.581848 23.377192 116.553986
v -28.141602 23.255472 116.252815
v -27.812805 23.403437 116.530289
v -27.701721 23.000589 115.552055
v -29.297363 23.691797 117.130379
v -28.180969 22.601755 114.026581
v -30.017639 23.327539 116.104935
v -29.884949 23.921183 117.431740
v -30.592163 23.631556 116.763275
v -30.736084 24.005350 117.634102
v -30.504761 24.216684 118.365105
v -31.155212 24.131433 118.518219
v -30.985718 24.344385 118.976608
v -30.119995 22.973017 114.529083
v -29.186218 24.893824 120.259804
v -30.257996 22.498085 113.632919
v -29.104065 22.223183 112.846809
v -30.835754 22.054543 112.873932
v -30.684814 24.921259 120.207489
v -31.009216 24.650568 119.719078
v -30.623657 25.244913 121.024315
v -30.826111 21.363289 111.093048
v -30.025940 21.538414 111.187698
v -28.974426 21.821220 111.396866
v -29.471924 21.594719 110.783150
v -28.853088 21.675423 110.693878
v -28.421143 21.646446 110.376472
v -31.098328 21.738441 112.241356
v -31.454407 21.850075 112.607239
v -31.385864 21.176765 110.707626
v -28.981934 25.452646 122.235039
v -28.132202 24.919901 121.261421
v -28.468384 24.855494 120.692711
v -28.341919 25.189157 121.742729
v -30.690613 25.550638 122.240486
v -30.944031 25.362894 121.557945
v -29.227417 25.729029 122.804832
v -29.167908 25.993830 123.687767
v -31.348755 26.333628 124.057167
v -31.951416 26.934610 125.217880
v -29.918274 26.546488 124.715218
v -31.949768 27.396296 126.069870
v -31.838501 27.530710 126.462357
v -30.559326 27.007303 125.673759
v -29.975525 26.696085 124.957352
v -30.995483 27.705835 127.515762
v -32.656250 27.920603 127.118759
v -33.114197 28.244364 127.954330
v -31.494690 27.960840 127.714493
v -30.721008 27.819696 127.945038
v -32.169556 28.206919 128.223618
v -33.392944 28.806452 129.257309
v -32.665222 28.936777 129.901489
v -32.002319 28.565775 129.261292
v -33.804443 29.379374 130.233597
v -33.870911 29.029337 129.462570
v -32.600891 29.120371 130.320175
v -33.583557 29.874308 131.676895
v -34.416321 29.642069 130.542847
v -34.204895 30.124735 132.031082
v -35.683594 30.190073 131.352066
v -35.513550 29.896067 130.652023
v -35.070190 29.719446 130.444412
v -35.702820 30.605448 132.454224
v -35.922485 31.459452 134.466263
v -36.469910 31.135706 133.112900
v -37.335632 32.118938 135.252121
v -37.229309 31.483805 133.236572
v -38.165771 32.207378 134.958908
v -38.036072 31.882959 133.568207
v -38.793213 31.984446 133.343781
v -39.278564 32.227016 133.867355
v -39.030701 32.560696 135.271652
v -40.444397 32.968426 135.117828
v -39.458313 32.851299 135.738617
v -40.259277 33.129391 135.784622
v -40.567566 33.514309 136.569626
v -40.926941 33.520641 136.207657
v -41.230774 33.773205 136.619812
v -42.373535 34.477947 137.412964
v -42.073975 34.269512 136.928070
v -41.061279 34.001675 137.490829
v -40.419800 33.648418 137.059769
v -41.271606 34.290035 138.120789
v -41.860779 34.529598 138.389694
v -42.984802 35.074245 139.087265
v -42.389832 34.952190 139.320938
v -43.698059 34.985577 137.735275
v -43.780762 35.554760 139.762268
v -45.175476 35.729733 138.434387
v -44.488647 35.330166 137.971954
v -45.159729 36.246273 140.227081
v -45.704895 36.199520 139.273972
v -46.240295 36.607647 140.092682
v -45.809326 36.662182 140.976547
v -46.504822 36.881130 141.156754
v -46.978149 36.930676 140.099670
v -47.952515 37.218822 140.882492
v -48.217407 37.390972 141.425507
v -47.373352 37.208233 141.647430
v -47.846680 37.477291 142.392853
v -47.307312 37.352718 142.429794
v -48.323120 37.737225 143.062653
v -49.323914 37.695934 141.407867
v -50.419678 38.145031 142.522827
v -50.734985 38.311779 143.322769
v -49.039062 37.987530 143.448532
v -48.633606 37.990643 143.912781
v -49.803711 38.221310 143.947113
v -51.098328 38.553493 144.528290
v -52.607605 38.980007 145.755463
v -52.359009 38.691555 144.089096
v -53.642334 39.205410 146.358627
v -53.950745 38.963955 144.494476
v -53.192932 38.838207 144.182861
v -54.208740 39.083035 145.069977
v -54.326172 39.230083 146.292618
v -54.056763 39.291943 146.633438
v -53.861084 39.561077 146.844086
v -55.080872 39.653576 147.093750
v -55.048401 40.109509 147.398300
v -55.525513 39.882076 147.640289
v -55.997070 39.504803 147.401001
v -56.101379 39.920589 148.280899
v -56.706848 39.988155 149.559387
v -56.910583 39.623928 147.670380
v -57.072083 39.583706 147.079071
v -57.285034 39.824368 148.611893
v -57.441345 39.867626 148.145142
v -57.661621 39.964031 149.367188
v -57.111694 40.157055 150.510727
v -56.631470 40.479076 150.717758
v -58.347534 40.073956 150.116714
v -58.092712 40.202770 151.499908
v -58.688721 40.070171 150.830658
v -58.866272 40.087902 150.138062
v -58.698853 40.220776 152.262512
v -58.971985 40.146099 151.547211
v -57.639893 40.364452 152.420166
v -58.721497 40.356625 153.013870
v -58.264099 40.544781 153.486237
v -59.913147 40.551617 154.317947
v -60.070496 40.691631 155.628571
v -59.836792 40.734219 156.323547
v -58.221313 40.792919 154.809982
v -57.868225 40.972805 155.380692
v -57.683716 41.021801 155.180786
v -58.151123 41.016903 156.360321
v -59.808533 40.860760 157.359528
v -60.188171 40.754467 156.722672
v -60.138733 40.943981 157.833755
v -59.615723 41.126431 158.579712
v -59.623840 41.311657 159.199158
v -59.144714 41.397594 159.449539
v -58.539246 41.475964 160.638535
v -57.521545 41.336819 156.760773
v -56.358337 41.658199 157.289612
v -56.428406 41.311703 156.255569
v -56.090271 41.018475 155.393188
v -56.045105 41.814388 158.402679
v -58.646362 41.359890 162.249481
v -58.221436 41.389645 162.389389
v -54.871948 42.071651 159.706116
v -54.927429 42.140163 160.280502
v -54.283325 42.320980 161.285034
v -54.771973 42.258343 161.952530
v -54.583252 42.266857 162.950836
v -54.028503 42.255535 163.654373
v -56.624146 41.870022 163.963196
v -57.281799 41.801296 163.899734
v -53.345764 42.358501 163.904327
v -52.765625 42.298550 164.709274
v -52.925842 42.556942 163.318634
v -52.263794 42.437801 164.674652
v -52.404846 42.618877 163.249069
v -51.495911 42.296352 165.347168
v -52.608887 42.540539 162.858490
v -51.737366 42.765469 163.458923
v -53.063416 42.495586 162.259827
v -55.708130 42.066525 164.212311
v -56.491394 41.932308 164.293335
v -54.414368 42.159283 164.399399
v -54.068665 42.189632 165.012756
v -52.825623 42.127666 165.791245
v -51.959778 42.134472 165.837814
v -50.991333 42.184200 166.178650
v -50.632629 42.305706 165.565094
v -49.680054 42.382015 166.070480
v -49.959900 42.466045 166.890518
v -50.435608 42.396969 166.912354
v -48.812012 42.475201 166.364502
v -47.552979 42.704021 167.984894
v -48.378296 42.716442 167.806381
v -47.134460 42.849087 168.271286
v -46.209290 42.776104 167.710358
v -47.929749 42.503582 166.080765
v -45.412170 42.753460 166.558426
v -45.192688 42.849728 168.075241
v -46.168152 42.705990 166.163666
v -46.923828 42.679882 165.328232
v -47.379089 42.611874 165.467255
v -47.062500 42.809261 164.413193
v -44.204773 42.852673 166.539688
v -43.436584 42.982693 167.798767
v -44.040466 42.971310 168.125610
v -43.045959 42.945583 166.118011
v -42.470947 43.072018 168.373123
v -42.828003 43.124630 168.599899
v -41.701904 43.196621 168.738861
v -42.993835 43.042797 165.538712
v -41.720825 43.058300 164.488739
v -42.248352 43.042126 164.365768
v -41.408508 43.090343 163.949188
v -40.772644 43.137493 163.967590
v -40.367371 43.242825 164.423340
v -40.178833 43.244274 165.052475
v -38.881531 43.388103 165.803650
v -37.875427 43.349957 166.470734
v -38.378174 43.471813 165.768738
v -37.914429 43.343914 167.373718
v -40.769836 43.343914 168.861267
v -41.536621 43.240734 169.169495
v -42.061340 43.222973 169.079865
v -39.770996 43.289593 169.769379
v -38.575989 43.387768 169.060669
v -37.532654 43.422863 168.230072
v -37.795410 43.491894 169.870209
v -36.030884 43.408840 168.759827
v -36.707886 43.403118 168.378571
v -35.424438 43.359447 169.340652
v -34.594543 43.295452 169.790939
v -37.273315 43.330837 170.393967
v -38.383423 43.251202 170.610229
v -36.469299 43.185375 170.895035
v -35.797913 43.245281 170.981964
v -35.128052 42.818874 171.352966
v -33.403748 43.171627 169.736206
v -34.488953 41.872753 172.001205
v -33.566956 41.821178 171.213913
v -33.151978 42.848660 170.468262
v -31.990967 43.082745 168.552368
v -31.357361 43.121761 168.992096
v -31.396973 43.071239 169.874023
v -32.103210 42.882824 170.360748
v -32.776794 42.653866 170.602325
v -32.491882 42.075253 170.957092
v -53.880005 42.341717 161.163132
v -33.679565 21.380028 110.265266
v -32.831116 20.840569 109.647163
v -32.778137 21.041145 110.262886
v -32.426575 20.797066 109.722908
v -32.356506 21.058113 110.640900
v -32.904541 20.338081 108.528114
v -33.609253 20.474297 108.777832
v -34.970764 20.140083 108.526985
v -34.028198 19.900642 107.482521
v -33.183350 20.101067 107.539482
v -35.488098 19.683449 107.508438
v -34.934937 19.704506 107.112488
v -36.496338 19.380135 107.126137
v -35.956482 19.365822 106.211731
v -36.875610 19.209724 106.697273
v -36.346313 19.215599 105.627525
v -38.229187 18.736443 104.766785
v -37.164001 18.990837 104.979050
v -40.351257 18.503532 106.144989
v -39.167419 18.608086 104.742882
v -41.206909 18.427345 105.528793
v -40.163635 18.419395 104.389595
v -42.508545 18.225166 105.534515
v -41.635010 18.199562 103.971214
v -40.474243 18.346352 103.626823
v -42.591858 18.030434 103.019989
v -43.113708 18.137810 105.826485
v -42.902710 18.349556 106.795158
v -44.311035 17.908485 106.458084
v -43.499146 17.884041 102.669037
v -42.813660 17.985542 102.423286
v -46.401794 17.484612 104.236191
v -45.985046 17.543861 106.065781
v -44.432068 17.759987 103.278763
v -44.330200 17.759041 102.735283
v -45.753296 17.641228 103.511848
v -46.964111 17.308220 106.584160
v -46.276672 17.484337 106.707794
v -47.172363 17.338539 104.689980
v -47.015686 17.380684 104.354713
v -49.944275 16.925575 105.703758
v -47.943665 17.175331 106.746811
v -47.799194 17.281700 104.537994
v -48.717896 17.073753 107.141983
v -49.212646 17.154305 104.661827
v -48.519470 17.347069 104.164665
v -49.840698 17.086845 104.775475
v -50.109131 16.978188 106.956520
v -49.763489 16.935066 107.974243
v -50.390442 16.965767 107.773567
v -50.668457 16.980324 107.480354
v -51.609070 16.810234 107.889717
v -52.495605 16.543419 108.096748
v -51.974060 16.574654 108.867508
v -53.213684 16.501503 107.772919
v -54.724854 16.292061 108.041321
v -53.989868 16.456673 107.767700
v -54.872498 16.172340 108.804092
v -55.666504 15.980325 109.774811
v -56.287415 15.783029 111.134819
v -52.852905 16.416862 109.670723
v -52.583252 16.447426 109.895279
v -53.714478 16.290001 109.749725
v -54.342896 16.151817 110.694359
v -54.850769 15.993188 111.257751
v -53.721497 16.288490 111.373322
v -55.612305 15.819177 111.774261
v -55.232544 16.000237 111.933533
v -55.996582 15.649697 113.430817
v -55.681641 15.812097 112.755150
v -55.475891 15.752038 113.228851
v -56.574219 15.604470 113.375076
v -57.183960 15.713357 111.850983
v -57.341064 15.565148 113.573685
v -58.160706 15.613351 111.767136
v -59.125427 15.426370 111.391022
v -58.222168 15.440164 114.054344
v -57.961426 15.596398 114.405212
v -59.206787 15.293878 114.744263
v -59.733887 15.320519 111.321297
v -59.873657 15.238748 112.131264
v -60.143555 15.146676 112.899437
v -60.481750 15.148309 112.651199
v -61.137878 15.010324 114.649025
v -61.717468 14.955010 115.416840
v -59.845276 15.189782 115.076881
v -59.129517 15.455911 115.233925
v -61.345520 15.008554 116.507805
v -60.322937 15.174157 115.886543
v -62.176086 14.962075 117.667503
v -63.326416 14.792535 118.723007
v -62.239746 14.907022 118.844032
v -62.697327 14.898858 115.745201
v -62.375671 14.889749 118.845673
v -64.050110 14.776620 116.606796
v -63.524658 14.831872 115.772697
v -64.329224 14.831231 119.230835
v -63.241699 14.847283 119.176033
v -65.684448 14.696573 120.259140
v -65.944214 14.648294 120.131142
v -64.932373 14.700738 117.191589
v -64.713562 14.739495 116.626945
v -65.939148 14.605584 117.856339
v -67.344788 14.525445 119.299629
v -66.354614 14.594338 117.701057
v -67.360046 14.529840 120.738411
v -66.477478 14.654612 120.743858
v -68.028748 14.459619 119.108231
v -68.652832 14.358285 119.367203
v -68.858826 14.326699 119.583656
v -68.595154 14.408350 120.274063
v -69.232971 14.441446 121.145065
v -68.701599 14.423014 122.537056
v -69.233765 14.373453 122.418388
v -69.903625 14.373240 121.598923
v -70.586365 14.106241 123.496880
v -70.947144 14.248652 121.395355
v -71.299133 14.005732 123.671440
v -72.428711 13.811762 124.500069
v -71.601135 14.228998 121.952820
v -71.516479 14.268991 121.474968
v -72.385986 14.203821 122.469864
v -73.039490 13.875452 123.912735
v -74.587891 13.262384 124.825119
v -73.308350 13.774546 122.347145
v -74.896545 13.175348 124.449432
v -75.565491 12.822382 123.308434
v -75.503113 12.742884 124.371391
v -74.715332 13.202463 122.623177
v -74.679443 13.095377 122.009781
v -73.982849 13.415155 121.823433
v -76.270203 12.416086 122.876915
v -76.539429 12.138224 122.322243
v -76.264771 12.282846 124.633583
v -77.622131 11.359095 121.732475
v -77.691772 11.744562 124.910423
v -76.899780 12.010614 125.093391
v -78.074463 11.249491 121.413315
v -79.686951 10.668360 121.959419
v -79.145264 11.237131 124.019333
v -78.120117 11.644022 125.441475
v -78.924561 11.355906 124.692520
v -80.126404 10.769892 123.843216
v -80.658875 10.516535 124.021721
v -81.096863 10.056940 121.841393
v -81.286560 10.212656 123.275414
v -82.113037 9.984491 122.982719
v -82.718872 9.828089 123.020828
v -83.367798 9.603525 122.797249
v -84.208496 9.424387 122.750923
v -80.420715 10.338770 121.548660
v -80.384338 10.364588 121.230377
v -81.530212 9.841166 121.044296
v -84.601135 9.256907 121.973854
v -84.632141 9.311090 122.498856
v -81.338074 9.885859 120.530777
v -82.439575 9.191964 119.472740
v -84.268005 9.132944 120.238548
v -84.782898 9.178537 121.546623
v -82.912781 8.832559 118.495842
v -82.812744 8.932076 118.768806
v -82.196472 9.227441 119.134666
v -29.837646 4.349369 51.728138
v -32.522034 4.236972 45.426769
vn -0.1431 -0.9582 -0.2477
vn 0.1828 0.9472 -0.2634
vn -0.2332 -0.9000 0.3683
vn 0.2351 0.9703 -0.0573
vn -0.0878 0.9841 -0.1542
vn -0.0907 0.9938 0.0635
vn 0.0244 0.9997 0.0020
vn -0.0196 0.9996 0.0203
vn 0.1434 0.9853 0.0931
vn 0.0284 0.9980 0.0573
vn -0.0757 0.9971 0.0019
vn -0.0865 0.9932 -0.0776
vn 0.0363 0.9990 0.0264
vn -0.3889 -0.8814 0.2681
vn -0.1491 -0.9724 0.1796
vn -0.0382 0.9983 -0.0436
vn 0.2297 0.9733 0.0060
vn -0.7313 0.5611 -0.3877
vn -0.4919 -0.8688 -0.0559
vn -0.3804 -0.9247 -0.0165
vn -0.5428 -0.8247 -0.1588
vn 0.2439 -0.9662 0.0830
vn -0.5694 -0.8115 -0.1314
vn 0.2504 -0.8737 -0.4170
vn -0.0843 -0.9641 0.2519
vn -0.2086 -0.9338 0.2906
vn -0.1020 0.9927 -0.0637
vn -0.0761 0.9937 -0.0827
vn -0.0734 0.9657 0.2492
vn -0.1791 0.9774 -0.1124
vn -0.1207 0.9437 -0.3080
vn -0.1510 0.9529 -0.2629
vn 0.2157 0.9552 -0.2027
vn -0.0959 0.9566 -0.2752
vn -0.1368 0.9898 -0.0391
vn -0.1325 0.9899 0.0495
vn -0.3956 0.9179 -0.0299
vn -0.6959 0.7157 -0.0590
vn 0.4695 -0.8778 0.0946
vn -0.0464 0.9703 -0.2375
vn -0.0584 0.9872 -0.1484
vn 0.0208 0.9949 -0.0991
vn -0.1228 0.9860 -0.1128
vn 0.0528 0.9976 -0.0449
vn -0.0378 0.9942 -0.1011
vn 0.0418 0.9976 -0.0549
vn -0.1171 0.9713 0.2069
vn 0.0362 0.9949 -0.0942
vn 0.0307 0.9656 -0.2582
vn -0.1130 0.9622 -0.2477
vn -0.0030 0.9933 -0.1155
vn -0.0770 0.9706 -0.2279
vn -0.0589 0.9968 -0.0541
vn -0.2718 0.9623 0.0036
vn -0.0086 0.9995 -0.0299
vn 0.0087 0.9944 -0.1057
vn -0.0186 0.9998 0.0010
vn -0.4046 -0.9009 0.1571
vn 0.0187 -0.9998 -0.0053
vn -0.0114 0.9996 -0.0268
vn -0.0302 -0.9974 0.0648
vn 0.0597 -0.9960 -0.0672
vn -0.0383 -0.9988 0.0312
vn 0.1309 -0.9836 0.1242
vn -0.0131 -0.9964 0.0839
vn -0.0581 -0.9979 0.0282
vn -0.0496 -0.9987 -0.0097
vn -0.1110 -0.9934 -0.0283
vn 0.2720 -0.9259 0.2620
vn 0.2002 -0.9782 0.0552
vn 0.2584 -0.9652 -0.0407
vn -0.0449 -0.9601 -0.2761
vn 0.0039 0.9975 0.0702
vn -0.0455 0.9947 -0.0920
vn 0.3515 0.9076 -0.2294
vn 0.0283 0.9971 -0.0706
vn 0.0647 0.9711 -0.2295
vn 0.3892 0.8443 -0.3683
vn 0.1245 0.9864 -0.1072
vn 0.2244 0.9740 0.0295
vn 0.3036 0.9501 0.0722
vn 0.4437 0.8931 -0.0742
vn 0.2871 0.9484 -0.1349
vn 0.2188 0.9743 -0.0531
vn 0.3392 0.9393 -0.0511
vn -0.5568 -0.8262 0.0860
vn -0.4489 -0.8905 0.0747
vn -0.1968 -0.9509 -0.2387
vn -0.6199 -0.7324 -0.2818
vn -0.3142 -0.9492 -0.0153
vn -0.3156 -0.9446 0.0898
vn -0.2359 -0.9706 -0.0481
vn -0.3407 -0.9379 -0.0657
vn -0.3983 -0.9084 0.1273
vn -0.3004 -0.9533 0.0306
vn -0.2958 -0.9496 -0.1036
vn -0.0013 -0.9997 0.0239
vn -0.3328 -0.9429 0.0150
vn -0.3412 -0.9152 -0.2145
vn -0.3390 -0.9352 -0.1020
vn -0.2818 -0.9351 -0.2150
vn -0.2888 -0.9432 -0.1641
vn -0.7340 -0.6178 -0.2821
vn -0.3133 -0.9425 -0.1166
vn -0.3168 -0.9455 -0.0754
vn -0.2848 -0.9502 -0.1262
vn -0.2948 -0.9505 -0.0983
vn -0.3195 -0.9458 -0.0575
vn -0.2864 -0.9569 0.0477
vn -0.3044 -0.9521 -0.0287
vn -0.3693 -0.9102 0.1873
vn -0.3564 -0.9152 0.1881
vn -0.3249 -0.9194 0.2215
vn -0.2960 -0.9477 -0.1196
vn -0.2837 -0.9529 -0.1075
vn -0.3612 -0.9323 -0.0163
vn -0.2262 -0.9503 0.2141
vn -0.3071 -0.9407 -0.1439
vn -0.2381 -0.9650 -0.1100
vn -0.4309 -0.9023 -0.0161
vn -0.3391 -0.9031 -0.2634
vn -0.2603 -0.8813 -0.3943
vn -0.2582 -0.9445 -0.2032
vn -0.2789 -0.9512 -0.1320
vn -0.2940 -0.9006 -0.3200
vn -0.5615 -0.7377 -0.3749
vn -0.6345 -0.7451 -0.2057
vn -0.5338 -0.8315 -0.1539
vn -0.7422 -0.6609 0.1110
vn -0.3359 -0.9403 -0.0540
vn -0.2399 -0.9538 -0.1810
vn -0.3187 -0.9430 -0.0953
vn -0.2712 -0.9496 -0.1572
vn -0.6412 -0.7670 -0.0233
vn -0.2197 -0.9749 -0.0373
vn -0.1601 -0.9868 -0.0224
vn -0.0068 -0.9995 -0.0299
vn -0.2272 -0.9572 -0.1794
vn -0.1118 -0.9402 -0.3219
vn -0.1992 -0.9614 -0.1900
vn -0.2357 -0.9534 -0.1882
vn -0.2026 -0.9549 -0.2173
vn -0.2156 -0.9690 -0.1209
vn -0.1041 -0.9870 -0.1224
vn -0.1743 -0.9830 -0.0580
vn -0.1090 -0.9911 -0.0761
vn -0.0957 -0.9696 -0.2251
vn -0.2684 -0.9300 -0.2512
vn -0.2609 -0.9317 -0.2529
vn -0.2533 -0.9349 -0.2484
vn -0.1620 -0.9512 -0.2625
vn -0.2856 -0.9246 -0.2521
vn -0.3988 0.8187 -0.4132
vn 0.0293 0.8997 -0.4356
vn 0.0702 0.9974 0.0191
vn 0.0824 0.9714 -0.2227
vn -0.0842 0.9880 -0.1299
vn 0.1479 0.9751 -0.1653
vn -0.0868 0.9927 -0.0833
vn 0.1228 0.9709 -0.2058
vn -0.0510 0.9902 -0.1300
vn 0.3266 0.9437 0.0521
vn -0.0383 0.9882 0.1483
vn 0.1731 0.9719 -0.1596
vn 0.2035 0.9669 -0.1537
vn 0.1605 0.9695 -0.1851
vn 0.1397 0.9734 -0.1814
vn 0.0962 0.9926 0.0744
vn 0.0827 0.9965 0.0150
vn 0.1191 0.9906 -0.0671
vn 0.1926 0.9541 -0.2293
vn 0.2604 0.8622 -0.4345
vn 0.1402 0.9640 -0.2260
vn 0.2890 0.9538 -0.0822
vn 0.2660 0.9532 -0.1437
vn 0.1103 0.9939 0.0067
vn -0.1017 0.9462 -0.3071
vn 0.1060 0.9941 -0.0216
vn 0.0972 0.9930 0.0678
vn 0.2030 0.9434 -0.2622
vn 0.0234 0.9843 -0.1749
vn 0.1761 0.9574 -0.2289
vn 0.1238 0.9613 -0.2462
vn 0.0632 0.9930 -0.0994
vn 0.2509 0.9393 -0.2340
vn 0.2673 0.9303 -0.2512
vn 0.1781 0.9703 -0.1639
vn 0.0122 0.9999 0.0044
vn 0.0298 0.9956 -0.0884
vn 0.2366 0.9678 0.0858
vn 0.2518 0.9347 -0.2509
vn 0.2927 0.9071 -0.3025
vn 0.1416 0.9848 -0.1009
vn 0.2068 0.9689 -0.1356
vn 0.3022 0.9194 -0.2517
vn -0.1749 0.6715 -0.7200
vn -0.0144 0.9878 -0.1549
vn 0.0148 0.9988 0.0473
vn -0.0659 0.9932 0.0963
vn -0.0038 0.9964 0.0841
vn 0.0337 0.9989 0.0327
vn -0.0231 0.9997 0.0071
vn 0.0648 0.9965 -0.0520
vn 0.0475 0.9777 -0.2046
vn -0.3885 0.9192 0.0646
vn -0.0559 0.9883 0.1417
vn 0.0032 0.9858 -0.1677
vn -0.0426 0.9319 -0.3602
vn 0.0263 0.9976 0.0647
vn -0.1768 0.9805 0.0857
vn -0.0914 0.9958 -0.0101
vn -0.0126 0.9852 -0.1712
vn -0.0196 0.9998 -0.0058
vn -0.1550 0.9838 0.0896
vn -0.0009 0.9996 -0.0268
vn -0.0073 1.0000 0.0031
vn -0.1031 0.9877 0.1177
vn -0.0458 0.9981 -0.0400
vn -0.0060 0.9968 0.0792
vn -0.0397 0.9964 0.0744
vn -0.0311 0.9974 0.0656
vn -0.0071 0.9966 0.0817
vn -0.0132 0.9985 0.0540
vn -0.0228 0.9958 0.0888
vn -0.0031 0.9998 0.0211
vn -0.0235 0.9992 -0.0334
vn -0.0247 0.9991 -0.0357
vn 0.1634 0.7630 -0.6254
vn 0.0351 0.9988 0.0327
vn 0.0060 0.9998 0.0168
vn 0.0278 0.9950 0.0958
vn 0.0029 0.9984 0.0567
vn -0.0275 0.9917 -0.1256
vn -0.0299 0.9994 0.0191
vn -0.0507 0.9984 0.0242
vn -0.0407 0.9910 0.1276
vn 0.0278 0.9995 -0.0166
vn 0.0242 0.9997 0.0021
vn -0.0553 0.9951 0.0825
vn 0.0034 0.9995 0.0321
vn -0.0866 0.9957 -0.0328
vn -0.0201 0.9997 0.0140
vn -0.0224 0.9996 0.0189
vn -0.0326 0.9994 0.0076
vn -0.0355 0.9994 -0.0026
vn 0.0233 0.9995 0.0230
vn 0.0084 0.9997 0.0229
vn -0.0359 0.9993 0.0056
vn -0.0373 0.9993 -0.0022
vn -0.0560 0.9947 0.0861
vn -0.0954 0.9852 0.1427
vn -0.0779 0.9959 -0.0464
vn -0.0106 0.9984 0.0564
vn -0.0046 0.9988 0.0478
vn -0.0101 0.9999 0.0082
vn 0.0257 0.9988 0.0405
vn -0.1263 0.9869 0.1008
vn -0.0270 0.9992 0.0291
vn -0.0141 0.9998 0.0144
vn -0.0711 0.9963 0.0485
vn -0.0351 0.9988 0.0344
vn 0.0059 0.9978 -0.0655
vn -0.0150 0.9999 0.0060
vn 0.0219 0.9997 0.0097
vn -0.0169 0.9980 0.0607
vn -0.0027 0.9989 0.0464
vn 0.0087 0.9997 0.0227
vn -0.0135 0.9987 0.0486
vn -0.0147 0.9987 0.0484
vn -0.0268 0.9992 0.0302
vn -0.0166 0.9997 0.0192
vn -0.0298 0.9995 0.0124
vn -0.0343 0.9991 0.0268
vn -0.0095 0.9990 0.0437
vn -0.0241 0.9996 -0.0138
vn 0.0263 0.9977 -0.0631
vn 0.0086 1.0000 -0.0013
vn -0.0030 0.9939 -0.1103
vn -0.0517 0.9986 0.0099
vn -0.1687 0.9812 -0.0939
vn -0.0235 0.9995 -0.0188
vn -0.0274 0.9995 -0.0169
vn -0.0154 0.9998 -0.0123
vn -0.0270 0.9989 -0.0381
vn -0.0238 0.9987 -0.0456
vn -0.1189 0.9923 0.0338
vn -0.1170 0.9927 0.0292
vn 0.0173 0.9988 -0.0448
vn 0.0068 0.9987 0.0504
vn 0.0289 0.9987 -0.0423
vn 0.0028 0.9996 0.0269
vn 0.1047 0.9882 0.1119
vn 0.1310 0.9627 -0.2366
vn -0.0443 0.9990 0.0023
vn -0.0475 0.9982 -0.0370
vn -0.0355 0.9993 -0.0096
vn -0.0413 0.9989 -0.0216
vn -0.0695 0.9976 -0.0078
vn -0.0219 0.9995 -0.0215
vn -0.0053 0.9999 -0.0123
vn 0.0413 0.9986 -0.0344
vn 0.0373 0.9993 -0.0083
vn -0.0533 0.9971 0.0550
vn -0.0013 0.9920 0.1262
vn -0.0173 0.9971 0.0737
vn -0.0105 0.9997 -0.0198
vn -0.0305 0.9992 0.0243
vn -0.0061 0.9998 0.0189
vn 0.0075 0.9999 -0.0083
vn -0.0162 0.9892 -0.1459
vn 0.1356 0.9903 -0.0286
vn -0.0349 0.9990 0.0265
vn 0.0469 0.9975 0.0538
vn -0.3885 -0.8809 0.2702
vn -0.3877 -0.8832 0.2639
vn -0.3269 -0.9152 0.2358
vn -0.3496 -0.9352 0.0562
vn -0.2738 -0.9255 0.2619
vn -0.3175 -0.9134 0.2548
vn -0.3441 -0.9094 0.2336
vn -0.1539 -0.9762 0.1531
vn -0.1850 -0.9678 0.1708
vn -0.1276 -0.9620 0.2412
vn -0.0771 -0.9626 0.2596
vn -0.2895 -0.9366 0.1974
vn -0.1531 -0.9767 0.1505
vn -0.2078 -0.9688 0.1349
vn -0.1525 -0.9755 0.1586
vn -0.1070 -0.9936 0.0369
vn -0.2309 -0.9529 0.1965
vn 0.0162 -0.9676 0.2521
vn -0.1400 -0.9706 0.1957
vn -0.2044 -0.9648 0.1653
vn 0.0153 0.9998 -0.0145
vn -0.0641 0.9956 -0.0679
vn -0.0070 1.0000 -0.0011
vn 0.0315 0.9991 -0.0267
vn -0.0261 0.9994 0.0211
vn 0.0418 0.9988 -0.0253
vn 0.0869 0.9961 0.0163
vn 0.0260 0.9995 -0.0198
vn 0.0655 0.9667 0.2475
vn 0.0697 0.9975 -0.0063
vn 0.1422 0.9756 -0.1672
vn 0.0287 0.9990 -0.0330
vn 0.0132 0.9998 -0.0129
vn 0.0434 0.9989 -0.0186
vn 0.0550 0.9981 -0.0271
vn 0.1190 0.9910 -0.0613
vn 0.1846 0.9622 -0.2003
vn 0.1291 0.9849 -0.1149
vn 0.0719 0.9974 0.0034
vn 0.0398 0.9992 -0.0096
vn 0.0806 0.9967 -0.0102
vn -0.2466 0.9370 0.2475
vn 0.0446 0.9838 0.1735
vn -0.0259 0.9987 0.0447
vn -0.0308 0.9958 0.0862
vn -0.0235 0.9986 0.0473
vn 0.0327 0.9986 -0.0421
vn 0.0182 0.9980 -0.0599
vn -0.0055 0.9987 0.0516
vn -0.0377 0.9993 0.0065
vn 0.0281 0.9994 -0.0179
vn 0.0496 0.9988 0.0036
vn 0.2215 0.9742 -0.0434
vn 0.0376 0.9991 0.0186
vn 0.1219 0.9924 0.0170
vn 0.2456 0.9381 -0.2443
vn 0.3506 0.9026 -0.2496
vn 0.4007 0.8802 -0.2544
vn 0.2349 0.9680 -0.0879
vn 0.1763 0.9412 -0.2884
vn 0.1543 0.9663 -0.2059
vn 0.1046 0.9891 -0.1038
vn 0.1416 0.9785 -0.1502
vn 0.2966 0.9532 -0.0594
vn -0.1415 0.9773 -0.1576
vn 0.3473 0.9316 -0.1068
vn 0.1470 0.9876 0.0543
vn 0.0796 0.9926 -0.0917
vn -0.0073 0.9923 -0.1239
vn -0.0396 0.9769 -0.2101
vn 0.2652 0.9642 0.0058
vn 0.2604 0.9654 0.0163
vn 0.0764 0.9743 -0.2119
vn 0.0146 0.9971 -0.0749
vn 0.0195 0.9908 -0.1338
vn 0.0096 0.9888 -0.1493
vn 0.1470 0.9603 -0.2371
vn 0.0752 0.9737 -0.2152
vn 0.0788 0.9861 -0.1461
vn 0.0212 0.9897 -0.1414
vn 0.0238 0.9897 -0.1409
vn 0.0340 0.9841 -0.1742
vn 0.0883 0.9952 -0.0421
vn 0.0157 0.9919 -0.1257
vn 0.0757 0.9959 -0.0504
vn 0.0109 0.9900 -0.1407
vn 0.0331 0.9907 -0.1321
vn 0.1856 0.9816 -0.0460
vn 0.1132 0.9936 -0.0022
vn 0.0469 0.9930 -0.1082
vn 0.0683 0.9960 -0.0569
vn 0.1011 0.9948 -0.0153
vn 0.1171 0.9925 -0.0362
vn 0.1240 0.9922 0.0082
vn 0.1384 0.9893 -0.0457
vn 0.2836 0.9537 -0.0995
vn 0.2126 0.9739 -0.0791
vn 0.1563 0.9868 0.0431
vn 0.1269 0.9918 -0.0119
vn 0.1106 0.9937 -0.0192
vn 0.0992 0.9943 -0.0379
vn 0.1280 0.9849 0.1169
vn 0.1910 0.9789 0.0721
vn 0.1820 0.9785 0.0966
vn 0.1658 0.9831 0.0778
vn 0.1929 0.9721 0.1337
vn 0.2008 0.9673 0.1548
vn 0.1686 0.9853 0.0264
vn 0.2318 0.9534 0.1930
vn 0.2276 0.9550 0.1900
vn 0.1667 0.9393 0.3000
vn 0.1532 0.9243 0.3497
vn 0.1928 0.9767 0.0943
vn 0.1711 0.9823 0.0758
vn 0.1369 0.9843 0.1117
vn 0.1532 0.9743 0.1651
vn 0.1049 0.9310 0.3497
vn 0.1364 0.9136 0.3830
vn -0.0195 0.9322 0.3615
vn 0.1139 0.8864 0.4487
vn -0.0775 0.9128 0.4009
vn -0.1865 0.9374 0.2943
vn -0.1997 0.9743 0.1040
vn 0.0463 0.9436 0.3278
vn -0.2671 0.9631 0.0332
vn -0.0439 0.9191 0.3915
vn -0.0618 0.8835 0.4644
vn -0.0549 0.9933 0.1012
vn -0.0674 0.9972 0.0327
vn -0.1398 0.9896 -0.0328
vn 0.3529 0.9111 0.2131
vn 0.4749 0.8750 -0.0938
vn -0.0212 0.9902 0.1383
vn -0.0878 0.9743 0.2076
vn -0.1371 0.9904 -0.0153
vn -0.2113 0.9768 -0.0344
vn -0.0630 0.8763 -0.4777
vn 0.0173 0.9295 -0.3684
vn -0.0352 0.8739 -0.4848
vn -0.1138 0.9018 -0.4170
vn -0.1161 0.8985 -0.4234
vn -0.0098 0.9485 -0.3167
vn -0.1093 0.8871 -0.4485
vn -0.4627 0.7671 -0.4444
vn -0.1485 0.8954 -0.4198
vn -0.0948 0.9424 -0.3207
vn -0.1145 0.9128 -0.3920
vn -0.6598 0.6674 -0.3454
vn -0.6093 0.7128 -0.3475
vn -0.6577 0.6625 -0.3585
vn -0.7545 0.5590 -0.3439
vn -0.6400 0.6603 -0.3930
vn -0.6756 0.6843 -0.2743
vn -0.4269 0.8355 -0.3460
vn -0.5493 0.6549 -0.5191
vn -0.5435 0.6529 -0.5275
vn -0.7417 0.5165 -0.4280
vn -0.6381 0.6765 -0.3677
vn -0.3985 0.8292 -0.3919
vn -0.1487 0.7739 -0.6157
vn -0.3719 0.7938 -0.4812
vn 0.1509 0.8296 -0.5375
vn 0.0080 0.7914 -0.6113
vn -0.0216 0.6150 -0.7882
vn -0.2813 0.7133 -0.6420
vn -0.0166 0.9873 0.1579
vn -0.1719 0.9847 -0.0271
vn -0.1851 0.9703 -0.1559
vn -0.1293 0.9798 -0.1528
vn -0.1450 0.9801 -0.1354
vn -0.0271 0.9994 -0.0235
vn -0.0459 0.9966 -0.0689
vn -0.0261 0.9976 -0.0640
vn -0.0212 0.9969 -0.0754
vn 0.1115 0.9482 -0.2975
vn -0.0573 0.9836 -0.1709
vn -0.1292 0.9547 -0.2680
vn -0.0326 0.9502 -0.3100
vn -0.0572 0.9270 -0.3708
vn -0.0948 0.9365 -0.3376
vn -0.0363 0.9596 -0.2790
vn -0.1042 0.9037 -0.4152
vn -0.2546 0.9094 -0.3290
vn 0.3588 0.7664 -0.5329
vn -0.1596 0.9741 -0.1601
vn -0.5658 0.5331 -0.6291
vn -0.4588 -0.8846 -0.0836
vn -0.4875 -0.8694 -0.0802
vn -0.4856 -0.8707 -0.0776
vn -0.4684 -0.8799 -0.0802
vn -0.4498 -0.8915 -0.0540
vn -0.4429 -0.8947 -0.0585
vn -0.4838 -0.8727 -0.0662
vn -0.4880 -0.8713 -0.0522
vn -0.4749 -0.8761 -0.0830
vn -0.4870 -0.8723 -0.0440
vn -0.4822 -0.8749 -0.0438
vn -0.4844 -0.8712 -0.0797
vn -0.4566 -0.8879 -0.0553
vn -0.4954 -0.8672 -0.0510
vn -0.4552 -0.8883 -0.0615
vn -0.4751 -0.8799 0.0065
vn -0.4735 -0.8778 -0.0726
vn -0.4773 -0.8775 -0.0472
vn -0.4512 -0.8921 -0.0225
vn -0.4653 -0.8838 -0.0494
vn -0.5465 -0.8340 -0.0767
vn -0.5025 -0.8603 -0.0866
vn -0.4256 -0.8947 -0.1356
vn -0.3601 -0.9321 -0.0386
vn -0.3311 -0.9398 -0.0849
vn -0.3574 -0.9332 -0.0379
vn -0.3376 -0.9412 -0.0106
vn -0.3859 -0.9225 0.0015
vn -0.3350 -0.9422 -0.0033
vn -0.5038 -0.8564 -0.1125
vn -0.3565 -0.9337 0.0325
vn -0.3565 -0.9338 0.0317
vn -0.3044 -0.9521 0.0295
vn -0.2958 -0.9534 0.0596
vn -0.2900 -0.9556 0.0526
vn -0.2723 -0.9617 0.0319
vn -0.3168 -0.9483 -0.0178
vn -0.4301 -0.8954 -0.1149
vn -0.3142 -0.9492 -0.0190
vn -0.4386 -0.8969 -0.0556
vn -0.4425 -0.8936 -0.0756
vn -0.4982 -0.8551 0.1432
vn -0.4731 -0.8774 -0.0790
vn -0.5042 -0.8588 -0.0911
vn -0.4815 -0.8693 0.1116
vn -0.3428 -0.9246 0.1660
vn -0.1939 -0.6438 0.7402
vn -0.3144 -0.9415 0.1217
vn -0.6010 -0.5224 0.6049
vn 0.0866 -0.9357 0.3420
vn 0.0102 -0.9481 0.3178
vn 0.0649 -0.9149 0.3985
vn 0.0707 -0.9135 0.4007
vn -0.0121 -0.9071 0.4208
vn -0.0810 -0.9392 0.3337
vn 0.0423 -0.9913 0.1247
vn 0.0660 -0.9863 0.1511
vn -0.0668 -0.9039 0.4225
vn 0.1051 -0.8693 0.4830
vn 0.1959 -0.9683 0.1549
vn 0.1751 -0.9749 0.1372
vn 0.1652 -0.9744 0.1523
vn 0.1188 -0.9899 0.0777
vn 0.1096 -0.9897 0.0917
vn 0.2070 -0.9695 0.1311
vn 0.2254 -0.9591 0.1712
vn 0.0080 -0.9144 0.4047
vn 0.1674 -0.9735 0.1556
vn 0.2210 -0.9611 0.1659
vn 0.1284 -0.9866 0.1003
vn 0.1688 -0.9789 0.1154
vn 0.2133 -0.9710 -0.1081
vn 0.1054 -0.9900 0.0941
vn 0.0479 -0.8226 0.5666
vn 0.2355 -0.9612 0.1437
vn -0.2576 -0.7447 0.6157
vn 0.0737 -0.9921 0.1013
vn 0.1238 -0.9916 0.0362
vn 0.1022 -0.9899 0.0984
vn 0.1327 -0.9911 -0.0130
vn 0.1311 -0.9914 -0.0000
vn 0.2198 -0.9682 0.1194
vn 0.1487 -0.9726 0.1787
vn -0.0024 -0.9957 -0.0929
vn 0.1685 -0.9837 0.0621
vn -0.0944 -0.8381 0.5372
vn 0.1679 -0.8943 0.4147
vn -0.0427 -0.9113 0.4096
vn 0.1850 -0.9497 -0.2528
vn 0.1587 -0.9870 -0.0270
vn 0.1561 -0.9865 0.0494
vn 0.1549 -0.9863 0.0574
vn 0.1718 -0.9723 -0.1586
vn 0.1474 -0.9847 0.0934
vn 0.0703 -0.9949 0.0728
vn 0.1197 -0.9927 -0.0158
vn 0.1214 -0.9925 -0.0149
vn 0.1672 -0.9817 0.0907
vn 0.2573 -0.9663 0.0054
vn 0.1884 -0.9788 0.0806
vn 0.2069 -0.9703 0.1251
vn 0.1597 -0.9863 0.0401
vn 0.0329 -0.9982 -0.0503
vn -0.0457 -0.9985 -0.0304
vn -0.0729 -0.9972 0.0162
vn -0.0768 -0.9965 0.0317
vn 0.0216 -0.9984 -0.0529
vn -0.1329 -0.9909 -0.0198
vn 0.1353 -0.9907 0.0138
vn 0.0849 -0.9956 -0.0408
vn 0.1316 -0.9913 0.0101
vn 0.3260 -0.9453 -0.0095
vn 0.0471 -0.9988 -0.0126
vn -0.0416 -0.9988 0.0244
vn -0.0103 -0.9999 0.0064
vn -0.4184 -0.9080 0.0218
vn -0.2339 -0.9720 -0.0229
vn 0.1551 -0.9869 -0.0442
vn -0.0145 -0.9802 -0.1973
vn -0.4204 -0.9072 0.0156
vn 0.0085 -0.9999 0.0125
vn 0.0336 -0.9982 -0.0506
vn -0.4157 -0.9094 -0.0172
vn -0.5248 -0.8512 0.0070
vn -0.2186 -0.9754 -0.0285
vn -0.4213 -0.9060 0.0409
vn -0.5524 -0.8226 0.1348
vn -0.1244 -0.9676 0.2198
vn -0.2039 -0.9775 0.0546
vn -0.3433 -0.9384 -0.0382
vn -0.4758 -0.8754 -0.0851
vn -0.5383 -0.8313 -0.1382
vn -0.5491 -0.8239 -0.1403
vn -0.7682 -0.5752 -0.2811
vn -0.8187 -0.4234 -0.3879
vn -0.6811 -0.7295 -0.0624
vn -0.5334 -0.8422 -0.0786
vn -0.4770 -0.8757 -0.0746
vn -0.4839 -0.8722 -0.0715
vn -0.4800 -0.8757 -0.0533
vn -0.5706 -0.8115 -0.1265
vn -0.7715 -0.6211 -0.1379
vn -0.7167 -0.5463 -0.4335
vn -0.6851 -0.6990 -0.2047
vn -0.6055 -0.4868 -0.6296
vn 0.0614 -0.9951 0.0772
vn 0.1122 -0.9515 -0.2863
vn 0.1127 -0.9525 -0.2828
vn -0.0442 -0.9946 -0.0939
vn -0.0453 -0.9975 -0.0536
vn -0.1840 -0.9446 -0.2719
vn 0.1047 -0.9883 0.1112
vn 0.0200 -0.9740 0.2259
vn -0.2635 -0.9318 -0.2498
vn -0.0866 -0.8423 0.5320
vn 0.0067 -0.9892 0.1466
vn -0.0234 -0.9846 0.1735
vn -0.0898 -0.9791 0.1827
vn -0.5068 -0.8585 0.0787
vn -0.6098 -0.7853 0.1073
vn -0.4963 -0.8649 0.0754
vn -0.3504 -0.9212 0.1692
vn -0.3113 -0.9484 0.0599
vn -0.5031 -0.8597 0.0885
vn -0.3327 -0.9271 0.1726
vn -0.0647 -0.9885 0.1366
vn -0.2045 -0.9185 0.3386
vn -0.0409 -0.8363 0.5468
vn -0.0178 -0.9374 0.3479
vn 0.0325 0.9994 0.0081
vn -0.1402 0.9537 0.2660
vn 0.0177 0.9988 -0.0465
vn 0.0306 0.9988 -0.0371
vn 0.1444 0.9771 0.1565
vn -0.0786 0.9953 -0.0567
vn 0.0111 0.9997 0.0213
vn -0.0170 0.9993 -0.0327
vn -0.1332 0.9904 0.0376
vn -0.1393 0.9848 -0.1038
vn -0.0874 0.9954 -0.0396
vn 0.0206 0.9978 0.0633
vn 0.0349 0.9964 0.0773
vn -0.0744 0.9971 0.0162
vn -0.0266 0.9995 -0.0175
vn -0.1117 0.9935 -0.0221
vn 0.1330 0.9754 0.1756
vn -0.1165 0.9926 -0.0353
vn 0.0770 0.9838 0.1620
vn -0.0766 0.9956 -0.0542
vn -0.0958 0.9944 -0.0442
vn -0.0977 0.9938 0.0525
vn 0.1608 0.9799 0.1183
vn -0.1944 0.9762 0.0959
vn -0.1496 0.9875 -0.0490
vn -0.0826 0.9953 -0.0512
vn 0.1129 0.9228 0.3683
vn -0.0825 0.8280 0.5547
vn 0.1060 0.5572 0.8236
vn 0.3673 0.8910 0.2668
vn 0.4901 0.6932 0.5285
vn -0.1664 0.6223 0.7649
vn 0.5175 0.7530 0.4065
vn -0.0949 0.9944 0.0476
vn 0.3387 0.8614 0.3785
vn -0.0094 0.9531 0.3025
vn -0.0281 0.9955 0.0905
vn -0.0998 0.9830 0.1541
vn -0.1232 0.9891 0.0805
vn -0.1171 0.9907 0.0698
vn -0.1099 0.9905 -0.0825
vn -0.0774 0.9869 -0.1418
vn -0.0631 0.9969 -0.0469
vn -0.0385 0.9982 -0.0463
vn -0.1390 0.9838 0.1135
vn -0.0989 0.9856 0.1373
vn -0.0645 0.9903 -0.1235
vn -0.1602 0.9739 -0.1611
vn -0.1488 0.9773 -0.1509
vn -0.0174 0.9953 -0.0953
vn -0.1504 0.9877 -0.0435
vn -0.1522 0.9882 -0.0166
vn -0.0695 0.9969 -0.0382
vn 0.0230 0.9813 -0.1914
vn -0.0560 0.9961 -0.0687
vn -0.0734 0.9870 -0.1430
vn 0.0392 0.9929 -0.1123
vn -0.1142 0.9435 -0.3111
vn -0.0522 0.9971 -0.0557
vn -0.1832 0.9779 -0.1004
vn -0.0272 0.9982 -0.0543
vn -0.1338 0.9828 -0.1272
vn -0.0782 0.9599 0.2692
vn -0.2094 0.9619 0.1758
vn -0.0552 0.9625 0.2654
vn -0.2561 0.9569 0.1369
vn -0.0214 0.9660 0.2575
vn -0.0563 0.9918 0.1144
vn -0.1641 0.9855 0.0423
vn -0.1530 0.9880 0.0205
vn -0.0859 0.9928 0.0837
vn -0.0833 0.9930 0.0834
vn -0.1636 0.9856 0.0435
vn -0.0468 0.9871 0.1533
vn -0.2088 0.9779 -0.0035
vn -0.1266 0.9576 -0.2589
vn -0.1064 0.9873 -0.1182
vn -0.1653 0.9862 -0.0049
vn -0.1145 0.9839 -0.1370
vn -0.0779 0.9899 -0.1188
vn -0.0483 0.9775 -0.2052
vn -0.0220 0.9578 -0.2867
vn -0.0912 0.9937 0.0655
vn -0.2432 0.9551 -0.1695
vn -0.2413 0.9559 -0.1673
vn -0.1726 0.9818 0.0797
vn -0.0810 0.9733 -0.2149
vn -0.1325 0.9912 0.0022
vn -0.0871 0.9796 -0.1808
vn -0.1618 0.9801 -0.1153
vn -0.1743 0.9764 -0.1273
vn -0.2491 0.9676 -0.0426
vn -0.1953 0.9794 -0.0511
vn -0.0775 0.9891 -0.1255
vn -0.2493 0.9674 -0.0452
vn -0.3403 0.9365 -0.0846
vn -0.2831 0.9510 -0.1246
vn -0.1862 0.9807 -0.0593
vn -0.2700 0.9132 -0.3051
vn -0.2362 0.9692 -0.0695
vn 0.0102 0.9479 -0.3183
vn 0.3339 0.9167 -0.2194
vn 0.3963 0.9082 -0.1349
vn 0.2377 0.9694 -0.0610
vn 0.2638 0.9465 -0.1856
vn 0.2224 0.9603 -0.1683
vn 0.2422 0.9552 -0.1703
vn 0.2527 0.9510 -0.1782
vn 0.2522 0.9505 -0.1816
vn 0.2334 0.9525 -0.1956
vn 0.2557 0.9498 -0.1805
vn 0.2615 0.9479 -0.1818
vn 0.1826 0.9744 -0.1311
vn 0.2535 0.9501 -0.1819
vn 0.2243 0.9533 -0.2023
vn 0.1873 0.9725 -0.1385
vn 0.2046 0.9687 -0.1404
vn 0.1268 0.9807 -0.1489
vn 0.1577 0.9767 -0.1456
vn -0.2805 0.7097 -0.6463
vn -0.5683 0.4847 -0.6650
vn -0.1696 0.5557 -0.8139
vn 0.1864 0.9302 -0.3162
vn 0.0565 0.9736 -0.2214
vn 0.1554 0.9770 -0.1459
vn 0.1101 0.9854 -0.1298
vn 0.0469 0.9923 -0.1148
vn 0.1259 0.9812 -0.1466
vn 0.1585 0.9762 -0.1480
vn -0.4223 0.7992 -0.4277
vn -0.4235 0.8437 -0.3300
vn -0.0397 0.9956 -0.0854
vn 0.0095 0.9852 -0.1709
vn -0.3150 0.7569 -0.5727
vn -0.0157 0.9871 -0.1591
vn -0.1095 0.9885 -0.1041
vn 0.0107 0.9842 -0.1767
vn -0.1415 0.9591 -0.2451
vn -0.1166 0.9864 -0.1159
vn -0.1059 0.9779 -0.1800
vn -0.0709 0.9886 -0.1328
vn -0.0683 0.9946 -0.0778
vn 0.0276 0.9994 0.0185
vn -0.1467 0.9870 -0.0649
vn 0.3846 0.9221 -0.0433
vn -0.0084 0.9037 -0.4280
vn 0.1011 0.9903 -0.0950
vn 0.3345 0.9124 -0.2361
vn 0.3609 0.8953 -0.2611
vn 0.3381 0.9079 -0.2476
vn 0.3774 0.8890 -0.2595
vn 0.2892 0.9228 -0.2544
vn 0.2888 0.9360 -0.2011
vn 0.3414 0.8926 -0.2946
vn 0.3002 0.9067 -0.2962
vn 0.3198 0.8849 -0.3385
vn 0.2934 0.8989 -0.3255
vn 0.2943 0.9087 -0.2960
vn 0.2973 0.9060 -0.3012
vn 0.1760 0.9622 -0.2080
vn 0.2764 0.9207 -0.2755
vn 0.3371 0.9029 -0.2667
vn 0.1890 0.9112 -0.3661
vn 0.3189 0.8845 -0.3406
vn 0.1870 0.9263 -0.3270
vn 0.2211 0.9116 -0.3465
vn 0.1597 0.9168 -0.3659
vn 0.1610 0.9245 -0.3456
vn 0.2169 0.9127 -0.3462
vn 0.2197 0.8806 -0.4199
vn 0.2795 0.9219 -0.2684
vn 0.3433 0.8725 -0.3476
vn 0.3450 0.9207 -0.1826
vn 0.3150 0.9246 -0.2143
vn 0.3537 0.9006 -0.2528
vn 0.3019 0.9276 -0.2201
vn 0.3289 0.9150 -0.2335
vn 0.3981 0.8654 -0.3044
vn 0.3273 0.8929 -0.3093
vn 0.3257 0.8940 -0.3077
vn 0.2938 0.9170 -0.2698
vn 0.2015 0.9466 -0.2518
vn 0.2091 0.9187 -0.3351
vn 0.1979 0.9184 -0.3427
vn 0.1912 0.9254 -0.3273
vn 0.1634 0.9166 -0.3648
vn 0.2299 0.8786 -0.4187
vn 0.1228 0.9462 -0.2993
vn 0.1409 0.9197 -0.3666
vn 0.1202 0.9469 -0.2983
vn 0.2179 0.8790 -0.4240
vn -0.0990 0.9591 -0.2652
vn 0.1601 0.9344 -0.3182
vn 0.2155 0.9348 -0.2823
vn 0.3329 0.8878 -0.3178
vn -0.1272 0.9074 -0.4006
vn -0.0925 0.9405 -0.3271
vn -0.0875 0.9406 -0.3280
vn -0.1962 0.9073 -0.3719
vn -0.0936 0.8890 -0.4483
vn -0.0965 0.9378 -0.3334
vn -0.1623 0.9259 -0.3410
vn -0.1580 0.9611 -0.2266
vn -0.2236 0.9592 -0.1727
vn 0.0458 0.8797 -0.4733
vn -0.0949 0.9714 -0.2178
vn -0.1975 0.9400 -0.2782
vn 0.0626 0.9258 -0.3729
vn -0.0030 0.9187 -0.3949
vn 0.0549 0.9734 -0.2226
vn 0.0122 0.9493 -0.3141
vn -0.1777 0.9589 -0.2210
vn -0.2023 0.9146 -0.3501
vn 0.1090 0.9528 -0.2834
vn 0.0951 0.8728 -0.4788
vn -0.0102 0.9243 -0.3815
vn 0.0333 0.8646 -0.5013
vn -0.0538 0.9677 -0.2462
vn 0.0905 0.9028 -0.4204
vn 0.1095 0.8738 -0.4737
vn 0.1518 0.9213 -0.3581
vn 0.1552 0.9203 -0.3591
vn 0.0817 0.9257 -0.3694
vn 0.2953 0.8757 -0.3819
vn 0.2804 0.8681 -0.4095
vn 0.0125 0.9208 -0.3898
vn 0.1914 0.9319 -0.3081
vn 0.1047 0.8569 -0.5047
vn 0.0548 0.9691 -0.2406
vn 0.0663 0.8981 -0.4347
vn -0.0061 0.9579 -0.2869
vn 0.0299 0.9285 -0.3701
vn 0.0507 0.9070 -0.4181
vn 0.1074 0.9541 -0.2796
vn -0.0440 0.9022 -0.4290
vn 0.0899 0.9169 -0.3889
vn 0.0600 0.9529 -0.2973
vn 0.0269 0.9580 -0.2855
vn 0.0850 0.9564 -0.2794
vn 0.1436 0.9380 -0.3154
vn 0.3773 0.8685 -0.3214
vn 0.2226 0.9318 -0.2866
vn 0.0397 0.9988 0.0288
vn -0.0774 0.9946 0.0684
vn -0.0763 0.9838 0.1624
vn -0.0618 0.9968 -0.0500
vn -0.1718 0.9806 0.0947
vn -0.0612 0.9564 0.2855
vn -0.1270 0.9919 0.0061
vn -0.2445 0.9694 -0.0212
vn -0.1295 0.9911 0.0301
vn -0.0860 0.9954 0.0423
vn -0.1572 0.9863 0.0505
vn -0.1002 0.9941 0.0413
vn -0.2142 0.9760 0.0392
vn -0.2042 0.9782 -0.0379
vn -0.2072 0.9776 -0.0378
vn -0.2175 0.9623 -0.1630
vn -0.0505 0.9973 -0.0532
vn -0.1806 0.9771 -0.1129
vn -0.1635 0.9844 -0.0647
vn -0.1700 0.9837 -0.0579
vn -0.0842 0.9960 0.0303
vn -0.2161 0.9762 0.0176
vn -0.1809 0.9835 0.0094
vn -0.1510 0.9881 -0.0300
vn -0.1548 0.9854 -0.0712
vn -0.1531 0.9830 -0.1017
vn -0.1526 0.9881 -0.0176
vn -0.1491 0.9885 -0.0270
vn -0.1023 0.9920 -0.0734
vn -0.1154 0.9869 -0.1126
vn -0.2473 0.9555 -0.1610
vn -0.2315 0.9609 -0.1517
vn -0.2436 0.9252 -0.2911
vn -0.1604 0.9207 -0.3558
vn 0.0304 0.9111 -0.4111
vn 0.1735 0.8941 -0.4129
vn 0.0947 0.9617 -0.2573
vn -0.1947 0.9186 -0.3438
vn -0.0854 0.9516 -0.2952
vn -0.2193 0.9702 -0.1032
vn -0.1958 0.9764 -0.0915
vn -0.2148 0.9727 -0.0879
vn -0.1645 0.9701 -0.1782
vn -0.1344 0.9901 -0.0397
vn -0.1400 0.9901 -0.0045
vn -0.1497 0.9864 -0.0682
vn -0.0536 0.9969 -0.0570
vn -0.0350 0.9992 0.0214
vn -0.0544 0.9974 0.0474
vn -0.1136 0.9931 -0.0299
vn -0.0762 0.9969 -0.0189
vn -0.1229 0.9922 -0.0189
vn -0.0205 0.9930 -0.1162
vn -0.1071 0.9933 0.0428
vn -0.1255 0.9913 0.0396
vn 0.0054 0.9978 -0.0654
vn -0.0740 0.9971 0.0178
vn -0.0802 0.9967 0.0155
vn -0.0660 0.9975 -0.0264
vn -0.0945 0.9955 -0.0071
vn -0.0737 0.9972 -0.0128
vn -0.1166 0.9927 0.0324
vn -0.1569 0.9876 0.0050
vn -0.1204 0.9914 -0.0519
vn -0.1430 0.9890 -0.0367
vn -0.2859 0.9223 -0.2601
vn -0.2572 0.9393 -0.2271
vn -0.1597 0.9872 0.0023
vn -0.1491 0.9888 -0.0032
vn -0.1373 0.9905 -0.0008
vn -0.1012 0.9922 0.0724
vn -0.1822 0.9818 0.0537
vn -0.0656 0.9932 0.0960
vn -0.1992 0.9776 0.0687
vn -0.0949 0.9771 0.1906
vn -0.1231 0.9764 0.1773
vn -0.0296 0.9961 0.0830
vn -0.1786 0.9816 0.0683
vn -0.1080 0.9913 0.0754
vn -0.3491 0.9140 -0.2067
vn -0.1406 0.9820 0.1264
vn -0.0671 0.9977 0.0025
vn -0.2053 0.9779 0.0404
vn -0.1676 0.9842 0.0576
vn -0.1506 0.9858 0.0743
vn -0.0665 0.9977 0.0138
vn -0.1744 0.9774 0.1197
vn -0.1951 0.9758 0.0989
vn -0.1528 0.9826 0.1058
vn -0.2567 0.9657 0.0405
vn -0.0580 0.9941 0.0917
vn -0.1875 0.9763 0.1082
vn -0.0854 0.9945 0.0606
vn -0.1416 0.9886 0.0504
vn -0.2566 0.9571 0.1348
vn -0.1390 0.9878 0.0705
vn 0.0266 0.9993 0.0244
vn -0.1107 0.9819 0.1537
vn -0.1433 0.9890 0.0375
vn -0.1058 0.9750 0.1954
vn -0.3371 0.9396 0.0593
vn -0.0515 0.9857 0.1605
vn -0.1030 0.9839 0.1459
vn -0.1183 0.9883 0.0965
vn 0.0241 0.9977 0.0635
vn -0.1043 0.9931 0.0530
vn -0.0409 0.9987 0.0288
vn -0.0964 0.9953 -0.0041
vn -0.0951 0.9955 -0.0024
vn -0.1775 0.9832 -0.0430
vn -0.1942 0.9801 -0.0418
vn -0.0452 0.9783 0.2022
vn 0.0475 0.9916 0.1205
vn -0.5860 0.8048 0.0946
vn -0.3582 0.9334 -0.0217
vn -0.4273 0.9036 -0.0290
vn -0.3360 0.9375 0.0911
vn -0.3397 0.9377 0.0722
vn -0.4909 0.8662 0.0936
vn -0.2915 0.9550 -0.0543
vn -0.2879 0.9548 -0.0741
vn -0.5283 0.8465 0.0658
vn -0.0655 0.9942 -0.0858
vn -0.2597 0.9580 -0.1219
vn -0.4310 0.9023 -0.0049
vn -0.0654 0.9964 0.0532
vn -0.1354 0.9867 0.0901
vn 0.0484 0.9946 0.0918
vn -0.3738 0.9174 -0.1366
vn -0.4045 0.9033 -0.1430
vn -0.2737 0.9487 -0.1583
vn -0.2559 0.9554 -0.1476
vn -0.2194 0.9664 -0.1340
vn -0.3828 0.9116 -0.1496
vn -0.1940 0.9746 -0.1120
vn -0.2015 0.9735 -0.1080
vn -0.1775 0.9786 -0.1040
vn -0.2014 0.9735 -0.1082
vn -0.1587 0.9449 -0.2863
vn -0.1454 0.9507 -0.2739
vn -0.3505 0.9236 -0.1552
vn -0.1556 0.9415 -0.2989
vn -0.2213 0.9700 -0.1005
vn -0.3938 0.9115 -0.1183
vn -0.4496 0.8751 -0.1791
vn -0.4235 0.9058 0.0143
vn -0.3758 0.9267 0.0048
vn -0.4626 0.8813 -0.0964
vn -0.2248 0.9645 -0.1389
vn -0.5695 0.8116 -0.1301
vn -0.5390 0.8347 -0.1131
vn -0.3048 0.9464 0.1070
vn -0.3294 0.9288 -0.1698
vn -0.4214 0.9065 0.0254
vn 0.2405 0.8713 -0.4278
vn 0.2625 0.8751 -0.4066
vn 0.3459 0.9211 -0.1789
vn 0.3420 0.9266 -0.1564
vn 0.2217 0.9736 -0.0544
vn 0.2304 0.9652 -0.1235
vn 0.2707 0.9482 -0.1663
vn 0.3083 0.9511 -0.0191
vn 0.2608 0.9630 -0.0682
vn 0.3075 0.9512 -0.0243
vn 0.1875 0.9816 -0.0366
vn 0.2414 0.9589 -0.1488
vn 0.1181 0.9877 -0.1028
vn 0.1159 0.9891 -0.0903
vn 0.1810 0.9821 0.0525
vn 0.0932 0.9916 -0.0892
vn 0.0426 0.9818 0.1852
vn 0.2318 0.9457 -0.2278
vn 0.1310 0.9812 -0.1414
vn -0.2144 0.9750 0.0590
vn -0.2577 0.9447 -0.2028
vn -0.2165 0.9406 -0.2614
vn -0.0791 0.9870 -0.1399
vn -0.2092 0.8937 -0.3970
vn 0.2956 0.9539 -0.0514
vn 0.2751 0.9572 0.0901
vn -0.0264 0.9612 -0.2746
vn 0.3226 0.9407 0.1050
vn 0.2538 0.9655 -0.0575
vn 0.2741 0.9614 -0.0227
vn 0.2827 0.9576 0.0562
vn 0.3366 0.9413 -0.0251
vn 0.3103 0.9503 0.0249
vn 0.3170 0.9482 0.0207
vn 0.3416 0.9398 0.0027
vn 0.2223 0.9628 0.1535
vn 0.4777 0.8766 0.0576
vn 0.1648 0.9396 -0.3001
vn 0.3352 0.9251 -0.1782
vn 0.3377 0.9170 -0.2124
vn 0.4089 0.9073 -0.0976
vn 0.3856 0.9094 -0.1556
vn 0.3798 0.9124 -0.1529
vn 0.2385 0.8997 -0.3657
vn 0.3792 0.9206 -0.0936
vn 0.3271 0.9450 -0.0052
vn 0.2255 0.9729 0.0501
vn 0.2469 0.9483 0.1992
vn 0.0754 0.9972 0.0029
vn 0.1472 0.9890 0.0159
vn 0.2760 0.9612 -0.0020
vn 0.0126 0.9964 0.0834
vn 0.2843 0.9488 0.1379
vn 0.0118 0.9999 0.0017
vn 0.0225 0.9991 0.0358
vn -0.1057 0.9933 0.0461
vn 0.3723 0.9092 0.1865
vn 0.2127 0.9663 0.1449
vn 0.0705 0.9974 0.0145
vn 0.2169 0.8030 0.5551
vn 0.6987 0.6936 -0.1753
vn 0.0687 0.9868 -0.1466
vn 0.4614 0.8667 0.1897
vn -0.1282 0.9236 -0.3613
vn 0.0838 0.9011 0.4255
vn -0.6963 0.7130 -0.0828
vn -0.4495 0.8361 -0.3144
vn -0.0501 0.9204 -0.3878
vn -0.0133 0.9790 -0.2032
vn 0.3093 0.7505 -0.5841
vn 0.0331 0.9379 -0.3453
vn -0.1406 0.9864 -0.0848
vn -0.2209 0.9652 -0.1403
vn -0.2287 0.9629 -0.1429
vn -0.1116 0.9862 -0.1223
vn -0.0273 0.9969 -0.0739
vn -0.1871 0.9813 -0.0454
vn -0.1299 0.9909 -0.0342
vn -0.0118 0.9880 -0.1538
vn -0.1250 0.9864 -0.1070
vn -0.5301 0.8422 -0.0986
vn -0.1369 0.9708 -0.1970
vn -0.1505 0.9850 -0.0839
vn -0.0786 0.9945 -0.0687
vn 0.4120 0.8965 0.1628
vn 0.2966 0.9421 0.1561
vn 0.1975 0.9694 -0.1460
vn 0.0741 0.9972 0.0138
vn 0.1041 0.9941 0.0319
vn -0.3221 0.7358 0.5957
vn 0.2531 0.9674 -0.0063
vn 0.0788 0.9826 -0.1684
vn -0.2080 0.9781 -0.0119
vn -0.2267 0.9678 -0.1093
vn -0.2015 0.9282 0.3128
vn -0.3538 0.9311 0.0888
vn -0.2166 0.9710 0.1016
vn -0.1842 0.9800 0.0746
vn -0.2196 0.9669 0.1303
vn -0.2217 0.9701 0.0987
vn -0.1382 0.9860 -0.0933
vn -0.2292 0.9687 -0.0955
vn -0.2204 0.9706 0.0965
vn -0.2198 0.9748 0.0394
vn -0.1710 0.9795 -0.1068
vn -0.1741 0.9784 -0.1117
vn -0.1569 0.9817 -0.1078
vn -0.2030 0.9779 -0.0499
vn 0.1739 0.9826 0.0656
vn 0.1018 0.9935 0.0512
vn -0.2763 0.9595 -0.0556
vn -0.2029 0.9780 -0.0478
vn 0.4214 0.9029 0.0854
vn -0.0508 0.9965 0.0664
vn 0.1667 0.7366 0.6555
vn -0.1316 0.9903 -0.0441
vn -0.0846 0.9870 -0.1365
vn -0.1053 0.9934 -0.0457
vn -0.1870 0.9819 -0.0297
vn -0.1191 0.9267 -0.3563
vn 0.4978 0.7965 0.3432
vn -0.0471 -0.9920 -0.1174
vn -0.0419 -0.9915 -0.1234
vn 0.1407 -0.9683 -0.2064
vn 0.0082 -0.9967 -0.0812
vn 0.1213 -0.9676 -0.2215
vn 0.1255 -0.9661 -0.2258
vn -0.0243 -0.9901 -0.1381
vn 0.0791 -0.9962 -0.0368
vn -0.0258 -0.9802 -0.1963
vn 0.1780 -0.9693 -0.1697
vn 0.1420 -0.9724 -0.1851
vn 0.0925 -0.9822 -0.1636
vn -0.0648 -0.9719 -0.2263
vn -0.0176 -0.9713 -0.2373
vn 0.0359 -0.9772 -0.2091
vn -0.1165 -0.8605 -0.4960
vn 0.1153 -0.9407 -0.3191
vn 0.2055 -0.8711 -0.4461
vn 0.1571 -0.9721 -0.1744
vn 0.1010 -0.9738 -0.2038
vn 0.1140 -0.9752 -0.1896
vn 0.0887 -0.9916 -0.0940
vn 0.1580 -0.9699 -0.1855
vn 0.2062 -0.9707 -0.1232
vn 0.2490 -0.9656 -0.0750
vn 0.2058 -0.9772 0.0521
vn 0.1789 -0.9683 -0.1745
vn 0.2105 -0.9730 -0.0948
vn 0.3581 -0.9336 0.0107
vn 0.1887 -0.9567 -0.2216
vn 0.2140 -0.9727 -0.0894
vn 0.3275 -0.9448 -0.0109
vn 0.3592 -0.9144 -0.1867
vn 0.2692 -0.9563 0.1140
vn 0.5784 -0.8093 0.1025
vn 0.4999 -0.8649 0.0460
vn 0.2477 -0.9538 0.1700
vn -0.2008 0.9607 -0.1914
vn 0.0222 0.9953 -0.0943
vn 0.0607 0.9629 -0.2629
vn -0.1497 0.9884 -0.0253
vn -0.0641 0.9845 -0.1631
vn 0.0248 0.9944 -0.1030
vn -0.0673 0.9621 -0.2642
vn -0.0361 0.9902 -0.1350
vn -0.0683 0.9868 -0.1470
vn -0.0714 0.9804 -0.1833
vn -0.1952 0.9612 -0.1947
vn 0.2157 0.9751 -0.0522
vn 0.1150 0.9647 -0.2368
vn 0.2727 0.9299 -0.2469
vn 0.0651 0.9206 -0.3850
vn 0.0342 0.8893 -0.4560
vn 0.0971 0.9660 -0.2396
vn 0.0771 0.9729 -0.2179
vn -0.1261 0.9802 -0.1529
vn -0.0607 0.9699 -0.2359
vn -0.0434 0.9979 -0.0491
vn -0.0737 0.9874 -0.1403
vn -0.0238 0.9863 -0.1633
vn 0.4140 0.8364 -0.3591
vn 0.1336 0.9074 -0.3985
vn -0.2926 0.9270 0.2346
vn -0.2308 0.9552 -0.1855
vn -0.0502 0.9863 -0.1569
vn -0.1912 0.9752 0.1117
vn -0.2936 0.9235 0.2468
vn -0.0347 0.9936 -0.1079
vn -0.2831 0.9343 0.2166
vn -0.0432 0.9963 -0.0741
vn -0.1000 0.9918 -0.0801
vn 0.0167 0.9988 -0.0461
vn -0.0797 0.9943 -0.0706
vn -0.0783 0.9892 -0.1241
vn 0.0590 0.9728 -0.2241
vn -0.0660 0.9953 -0.0704
vn 0.0426 0.9773 -0.2076
vn 0.0522 0.9587 -0.2796
vn 0.0004 0.8862 -0.4632
vn 0.0078 0.8804 -0.4741
vn 0.1101 0.9891 0.0979
vn 0.0059 0.9844 -0.1758
vn 0.0104 0.9834 -0.1811
vn 0.0370 0.9991 -0.0192
vn 0.0574 0.9974 -0.0432
vn 0.0324 0.9994 -0.0089
vn 0.0539 0.9974 -0.0473
vn 0.0508 0.9980 -0.0371
vn 0.0551 0.9947 -0.0872
vn 0.1268 0.9827 -0.1351
vn 0.0951 0.9927 -0.0740
vn 0.0152 0.9930 -0.1173
vn 0.0928 0.9928 -0.0759
vn 0.0699 0.9967 -0.0416
vn 0.2471 0.8759 -0.4144
vn 0.0367 0.8812 -0.4713
vn 0.1234 0.9865 -0.1076
vn 0.2434 0.9399 -0.2395
vn 0.2085 0.9049 -0.3712
vn 0.0401 0.9908 -0.1290
vn 0.0500 0.9889 -0.1400
vn 0.0519 0.9860 -0.1587
vn -0.0049 0.9907 -0.1361
vn 0.0377 0.9892 -0.1418
vn 0.0910 0.9936 -0.0674
vn -0.0541 0.9942 -0.0929
vn -0.0759 0.9803 -0.1822
vn 0.1707 0.9836 -0.0588
vn 0.0502 0.9972 -0.0553
vn 0.0883 0.9883 -0.1247
vn 0.0568 0.9895 -0.1326
vn 0.1627 0.9833 0.0818
vn 0.0579 0.9980 0.0246
vn 0.0742 0.9964 -0.0403
vn 0.0531 0.9898 -0.1318
vn 0.0249 0.9974 -0.0671
vn 0.0518 0.9961 0.0716
vn 0.1427 0.9870 -0.0744
vn 0.1076 0.9942 0.0020
vn 0.1632 0.9866 -0.0038
vn 0.0545 0.9884 -0.1417
vn 0.0707 0.9610 -0.2672
vn 0.0430 0.9642 -0.2616
vn 0.1082 0.9918 -0.0685
vn 0.2584 0.9172 -0.3032
vn 0.3148 0.9491 0.0076
vn 0.2379 0.9681 -0.0788
vn 0.1048 0.9942 -0.0257
vn 0.0223 0.9970 -0.0735
vn 0.1540 0.9802 -0.1246
vn 0.1269 0.9755 -0.1799
vn 0.1070 0.9903 -0.0885
vn 0.0042 0.9844 -0.1761
vn 0.1525 0.9796 -0.1307
vn 0.0751 0.9964 -0.0396
vn 0.0211 0.9945 -0.1024
vn -0.1912 0.9750 -0.1134
vn 0.0614 0.9909 -0.1198
vn 0.0040 0.9984 -0.0565
vn 0.0263 0.9946 -0.1006
vn 0.6510 0.6671 -0.3622
vn 0.0392 0.9859 -0.1628
vn -0.3665 0.8926 -0.2627
vn 0.0439 0.9986 0.0288
vn 0.0065 0.9893 -0.1454
vn 0.0192 0.9879 -0.1539
vn -0.0039 0.9982 -0.0604
vn -0.0142 0.9941 -0.1080
vn -0.0059 0.9908 -0.1352
vn -0.0005 0.9771 -0.2126
vn 0.0468 0.9111 -0.4096
vn -0.0097 0.9148 -0.4038
vn 0.0061 0.9945 -0.1050
vn 0.0460 0.9886 -0.1433
vn 0.1230 0.9891 -0.0813
vn 0.0947 0.9943 -0.0487
vn 0.0475 0.9951 -0.0867
vn 0.2051 0.9770 -0.0576
vn 0.0702 0.9844 -0.1615
vn 0.3852 0.9226 -0.0207
vn 0.1960 0.9794 -0.0486
vn 0.0641 0.9764 -0.2064
vn 0.0529 0.9838 -0.1714
vn 0.0376 0.9947 -0.0959
vn 0.0784 0.9948 -0.0650
vn -0.0286 0.9962 -0.0823
vn -0.0153 0.9866 -0.1627
vn -0.0068 0.9894 -0.1450
vn -0.0151 0.9898 -0.1419
vn 0.0212 0.9948 -0.0998
vn -0.0033 0.9752 -0.2213
vn 0.0866 0.9933 0.0764
vn 0.0090 0.9897 -0.1426
vn 0.0446 0.9984 0.0343
vn 0.0990 0.9932 -0.0615
vn -0.1769 0.9318 -0.3169
vn -0.0817 0.9927 -0.0892
vn -0.1239 0.9863 -0.1093
vn 0.0523 0.9971 0.0560
vn 0.0003 0.9971 -0.0763
vn 0.1264 0.9797 -0.1556
vn -0.1046 0.9906 -0.0887
vn -0.0005 0.9975 -0.0703
vn 0.2041 0.9787 0.0203
vn 0.0451 0.9929 -0.1101
vn -0.0785 0.9852 -0.1521
vn -0.0418 0.9853 -0.1658
vn -0.0970 0.9953 -0.0075
vn -0.2671 0.9557 -0.1237
vn 0.0314 0.9290 -0.3686
vn -0.0785 0.9418 -0.3269
vn 0.2097 0.9647 -0.1590
vn 0.1977 0.9680 -0.1548
vn -0.0684 0.9758 -0.2078
vn -0.1771 0.9444 -0.2769
vn -0.0744 0.9064 -0.4157
vn 0.2645 0.9139 -0.3078
vn -0.0797 0.9784 -0.1907
vn -0.0195 0.9575 -0.2878
vn -0.0080 0.9505 -0.3106
vn -0.0204 0.9858 -0.1666
vn -0.0307 0.9600 -0.2783
vn -0.1981 0.9795 0.0361
vn 0.0325 0.9511 -0.3073
vn -0.1848 0.9752 -0.1215
vn -0.1167 0.9486 -0.2941
vn -0.0451 0.9786 -0.2008
vn -0.0358 0.9909 -0.1296
vn 0.0208 0.9526 -0.3035
vn 0.0206 0.9528 -0.3029
vn -0.1164 0.9434 -0.3104
vn 0.1452 0.9761 -0.1616
vn 0.0030 0.7579 -0.6523
vn -0.0322 0.9715 -0.2350
vn 0.0882 0.9255 -0.3683
vn 0.2116 0.9701 0.1185
vn -0.0607 0.9778 -0.2007
vn 0.1229 0.9802 -0.1553
vn -0.1454 0.9877 -0.0575
vn -0.0721 0.9944 -0.0777
vn -0.0288 0.9990 -0.0353
vn 0.1927 0.9809 -0.0261
vn 0.1415 0.9878 -0.0657
vn 0.1988 0.9783 0.0585
vn 0.1020 0.9911 0.0857
vn 0.0400 0.9991 -0.0129
vn -0.0257 0.9997 0.0018
vn -0.2227 0.9603 0.1679
vn -0.0975 0.9951 -0.0137
vn -0.0518 0.9967 0.0624
vn -0.1557 0.9872 0.0334
vn 0.0120 0.9989 -0.0461
vn 0.0116 0.9993 0.0341
vn 0.0116 0.9989 -0.0456
vn -0.0355 0.9992 0.0182
vn -0.0263 0.9996 -0.0128
vn -0.1228 0.9234 -0.3637
vn -0.1335 0.9187 -0.3718
vn -0.0087 0.9991 0.0410
vn -0.0356 0.9739 -0.2242
vn 0.0260 0.9969 -0.0739
vn 0.0622 0.9980 0.0145
vn -0.0781 0.9969 0.0035
vn 0.0466 0.9983 -0.0352
vn 0.0021 1.0000 0.0012
vn -0.0236 0.9989 -0.0397
vn 0.0363 0.9991 -0.0205
vn -0.0206 0.9991 0.0376
vn 0.0178 0.9998 -0.0036
vn -0.0418 0.9949 -0.0917
vn -0.0023 1.0000 -0.0017
vn -0.0565 0.9971 -0.0516
vn -0.0032 0.9924 -0.1233
vn 0.0063 1.0000 0.0020
vn -0.0936 0.9953 -0.0245
vn 0.0631 0.9970 -0.0457
vn 0.0361 0.9935 -0.1077
vn 0.0186 0.9910 -0.1327
vn -0.0486 0.9987 0.0177
vn -0.0490 0.9696 -0.2397
vn -0.0598 0.8950 -0.4421
vn 0.0928 0.9377 -0.3348
vn -0.1361 0.8822 -0.4508
vn -0.1317 0.8814 -0.4537
vn -0.0114 0.9972 -0.0742
vn -0.0854 0.9875 -0.1322
vn 0.1227 0.9906 0.0609
vn -0.0009 0.9994 0.0360
vn -0.0156 0.9997 0.0202
vn -0.0027 1.0000 0.0066
vn 0.0145 0.9999 0.0036
vn 0.0010 0.9999 0.0118
vn 0.0317 0.9994 0.0105
vn 0.0011 0.9999 0.0112
vn -0.0160 0.9998 0.0126
vn 0.0069 0.9996 0.0280
vn 0.0347 0.9993 0.0104
vn -0.0007 1.0000 -0.0017
vn -0.0124 0.9999 0.0044
vn -0.0063 1.0000 0.0040
vn 0.0050 0.9995 0.0316
vn 0.0180 0.9998 0.0034
vn 0.0329 0.9994 0.0113
vn 0.0007 1.0000 -0.0045
vn -0.0078 1.0000 0.0021
vn -0.0114 0.9999 0.0024
vn -0.0220 0.9998 0.0034
vn -0.0393 0.9985 0.0374
vn -0.0598 0.9973 0.0427
vn -0.0372 0.9981 0.0483
vn -0.0432 0.9982 0.0424
vn -0.0856 0.9941 0.0670
vn -0.0797 0.9965 0.0236
vn -0.1290 0.9787 0.1599
vn -0.0644 0.9911 0.1161
vn -0.1177 0.9888 0.0914
vn -0.1164 0.9900 0.0796
vn -0.0384 0.9963 0.0763
vn -0.0360 0.9966 0.0747
vn -0.0859 0.9942 0.0641
vn -0.0569 0.9968 0.0554
vn -0.0852 0.9944 0.0633
vn -0.0660 0.9957 0.0651
vn -0.0920 0.9909 0.0982
vn -0.1491 0.9827 0.1101
vn -0.0347 0.9982 0.0486
vn -0.0301 0.9966 0.0763
vn -0.1099 0.9899 0.0897
vn -0.1149 0.9781 0.1735
vn -0.1140 0.9633 0.2429
vn -0.0969 0.9920 0.0805
vn -0.0707 0.9952 0.0675
vn -0.0712 0.9956 0.0606
vn -0.1345 0.9778 0.1609
vn -0.1521 0.9828 0.1043
vn -0.1261 0.9872 0.0973
vn 0.0157 0.9999 -0.0041
vn 0.0294 0.9996 -0.0008
vn 0.0034 1.0000 -0.0046
vn -0.0240 0.9994 -0.0260
vn -0.0052 1.0000 -0.0012
vn -0.0183 0.9998 0.0088
vn -0.0261 0.9996 0.0088
vn -0.1206 0.9921 -0.0343
vn 0.0126 0.9998 0.0153
vn -0.0415 0.9981 0.0450
vn -0.0210 0.9989 0.0428
vn -0.1620 0.9803 0.1135
vn -0.1286 0.9791 0.1573
vn 0.0523 0.9882 -0.1437
vn 0.0769 0.9969 -0.0154
vn -0.0646 0.9938 -0.0910
vn 0.0777 0.9942 -0.0744
vn -0.0555 0.9979 0.0337
vn -0.0201 0.9998 -0.0012
vn -0.0305 0.9990 0.0329
vn 0.0445 0.9981 -0.0429
vn 0.0740 0.9951 -0.0648
vn 0.0434 0.9985 -0.0322
vn 0.0753 0.9939 -0.0800
vn -0.0746 0.9943 -0.0758
vn -0.0506 0.9899 -0.1327
vn -0.0272 0.9908 -0.1327
vn -0.0237 0.9975 -0.0670
vn -0.0277 0.9874 -0.1557
vn -0.0237 0.9993 0.0282
vn 0.0049 0.9924 0.1232
vn -0.0514 0.9946 0.0902
vn -0.0266 0.9993 0.0269
vn -0.0374 0.9983 0.0442
vn 0.2385 0.9428 0.2329
vn 0.5577 0.8285 -0.0495
vn -0.2215 0.9459 0.2369
vn 0.0024 0.9988 0.0483
vn 0.0145 0.9988 0.0477
vn -0.0384 0.9987 0.0320
vn -0.0347 0.9989 0.0301
vn 0.0619 0.9980 0.0130
vn 0.0733 0.9922 -0.1004
vn 0.0519 0.9884 -0.1427
vn 0.0838 0.9914 -0.1003
vn 0.0596 0.9855 -0.1587
vn 0.0527 0.9951 -0.0833
vn 0.0486 0.9957 -0.0793
vn 0.0488 0.9956 -0.0794
vn 0.0368 0.9963 -0.0774
vn -0.1278 0.9889 -0.0761
vn -0.0728 0.9935 -0.0872
vn 0.0383 0.9938 -0.1040
vn -0.0606 0.9975 -0.0350
vn 0.0764 0.9938 -0.0809
vn 0.0779 0.9939 -0.0786
vn 0.1025 0.9845 -0.1424
vn 0.0852 0.9849 -0.1505
vn 0.1120 0.9860 -0.1235
vn -0.0111 0.9998 -0.0164
vn -0.0053 0.9989 -0.0467
vn -0.0874 0.9832 -0.1605
vn 0.0780 0.9951 -0.0603
vn 0.0241 0.9988 -0.0436
vn -0.0671 0.9890 -0.1318
vn 0.0598 0.9941 -0.0907
vn 0.0283 0.9917 -0.1250
vn -0.0714 0.9953 -0.0657
vn 0.0626 0.9811 -0.1834
vn 0.0211 0.9758 -0.2177
vn 0.1432 0.9873 0.0693
vn -0.1089 0.9705 -0.2151
vn -0.0421 0.9694 -0.2420
vn 0.0484 0.9826 -0.1792
vn 0.0399 0.9888 -0.1438
vn 0.0232 0.9955 -0.0918
vn 0.0325 0.9961 -0.0823
vn 0.0363 0.9945 -0.0988
vn 0.0368 0.9946 -0.0968
vn 0.0190 0.9850 -0.1717
vn -0.0049 0.9990 -0.0444
vn -0.0103 0.9992 -0.0376
vn 0.0026 0.9998 -0.0176
vn 0.0137 0.9998 -0.0146
vn 0.0922 0.9835 0.1555
vn 0.0443 0.9984 -0.0349
vn 0.0513 0.9986 -0.0103
vn -0.0058 0.9990 -0.0451
vn 0.0178 0.9987 0.0486
vn 0.0473 0.9988 0.0130
vn 0.0279 0.9994 -0.0198
vn 0.1085 0.9918 -0.0671
vn 0.0697 0.9976 0.0037
vn 0.0217 0.9998 -0.0047
vn 0.0325 0.9959 -0.0844
vn 0.0167 0.9868 -0.1613
vn 0.0345 0.9975 -0.0612
vn -0.0412 0.9766 -0.2112
vn -0.0258 0.9997 -0.0012
vn -0.0159 0.9962 -0.0862
vn 0.1173 0.9872 -0.1083
vn -0.0540 0.9762 -0.2099
vn 0.0391 0.9989 -0.0259
vn 0.0314 0.9995 0.0080
vn 0.0232 0.9971 -0.0728
vn 0.0321 0.9665 -0.2548
vn 0.1302 0.9567 -0.2603
vn 0.0509 0.9764 -0.2097
vn -0.0125 0.9580 -0.2865
vn 0.1753 0.9659 -0.1904
vn -0.0393 0.9611 -0.2734
vn 0.0756 0.9950 -0.0655
vn -0.0450 0.9982 0.0398
vn -0.2742 0.9180 -0.2866
vn 0.0600 0.9872 -0.1477
vn -0.0357 0.9991 0.0244
vn 0.0623 0.9898 -0.1285
vn 0.0014 0.9712 -0.2381
vn 0.1115 0.9849 -0.1323
vn -0.0257 0.9962 -0.0827
vn 0.2743 0.9149 0.2961
vn 0.0228 0.9927 -0.1182
vn 0.2533 0.9493 0.1861
vn 0.1997 0.9786 -0.0489
vn -0.0446 0.9942 -0.0982
vn 0.4270 0.8995 0.0923
vn 0.0338 0.9908 -0.1307
vn 0.0218 0.9283 -0.3713
vn -0.3025 0.9301 -0.2083
vn -0.1101 0.9488 -0.2959
vn -0.0985 0.9510 -0.2932
vn 0.0287 0.9995 -0.0154
vn -0.0234 0.9989 -0.0407
vn 0.0181 0.9985 0.0513
vn -0.0114 0.9998 -0.0185
vn 0.0297 0.9966 -0.0764
vn 0.0463 0.9980 0.0419
vn 0.0332 0.9993 0.0142
vn 0.0185 0.9954 -0.0940
vn 0.0255 0.9983 -0.0522
vn 0.0328 0.9987 -0.0399
vn 0.0150 0.9997 0.0212
vn -0.0042 0.9994 -0.0356
vn -0.0004 0.9995 -0.0329
vn 0.0295 0.9895 -0.1418
vn 0.0041 0.9999 -0.0152
vn 0.0315 0.9932 -0.1122
vn 0.0279 0.9995 0.0166
vn 0.0421 0.9858 -0.1627
vn 0.0086 0.9919 -0.1266
vn -0.0069 0.9847 -0.1742
vn 0.0370 0.9856 -0.1649
vn 0.0313 0.9908 -0.1316
vn 0.0298 0.9887 -0.1467
vn 0.0275 0.9995 0.0140
vn 0.0560 0.9917 -0.1157
vn 0.1006 0.9807 -0.1679
vn 0.0668 0.9819 -0.1772
vn -0.3343 0.9394 0.0759
vn 0.0363 0.9848 -0.1701
vn -0.0354 0.9886 0.1464
vn -0.0936 0.9956 0.0080
vn -0.0806 0.9966 0.0155
vn -0.0018 1.0000 0.0029
vn -0.0135 0.9999 0.0026
vn 0.0356 0.9886 -0.1462
vn -0.0040 0.9973 -0.0729
vn 0.1289 0.9912 -0.0317
vn -0.0138 0.9968 -0.0791
vn -0.0137 0.9967 -0.0797
vn -0.0082 0.9967 -0.0807
vn 0.2175 0.9716 -0.0933
vn 0.1373 0.9881 -0.0699
vn 0.0260 0.9972 -0.0704
vn 0.0464 0.9900 -0.1333
vn 0.1671 0.9858 0.0147
vn 0.0237 0.9994 -0.0237
vn -0.0277 0.9975 -0.0648
vn 0.0910 0.9945 -0.0524
vn 0.1221 0.9923 -0.0220
vn 0.2346 0.9688 -0.0802
vn 0.1796 0.9806 -0.0789
vn 0.1249 0.9916 -0.0337
vn 0.0968 0.9935 -0.0599
vn 0.1335 0.9894 0.0566
vn 0.1064 0.9925 0.0609
vn 0.1239 0.9917 0.0352
vn 0.1506 0.9840 -0.0951
vn 0.1477 0.9889 0.0158
vn 0.1486 0.9886 0.0252
vn 0.0105 0.9998 -0.0153
vn 0.0196 0.9998 0.0047
vn 0.1358 0.9898 0.0438
vn -0.0599 0.9795 -0.1925
vn -0.0168 0.9998 0.0138
vn 0.0767 0.9950 0.0636
vn -0.3040 0.9526 -0.0112
vn -0.0384 0.9930 0.1120
vn 0.0361 0.9990 0.0250
vn -0.0223 0.9998 -0.0013
vn -0.0034 0.9973 0.0738
vn -0.1070 0.9934 -0.0407
vn -0.0040 0.9977 0.0671
vn 0.0002 0.9999 -0.0165
vn 0.0491 0.9978 -0.0454
vn 0.0434 0.9983 0.0401
vn 0.0346 0.9979 0.0551
vn 0.0137 0.9979 0.0626
vn -0.0236 0.9996 -0.0128
vn 0.0042 0.9961 0.0876
vn 0.0742 0.9970 0.0219
vn -0.2237 0.9719 -0.0727
vn -0.3186 0.9177 -0.2374
vn -0.0243 0.9994 0.0260
vn -0.0353 0.9991 0.0222
vn -0.1923 0.9678 -0.1622
vn -0.1228 0.9821 -0.1427
vn -0.0502 0.9886 -0.1419
vn -0.0104 0.9983 -0.0580
vn -0.2409 0.8682 0.4339
vn 0.0501 0.9775 0.2051
vn -0.0297 0.9965 -0.0775
vn -0.0260 0.9970 -0.0722
vn -0.0290 0.9969 -0.0733
vn 0.0242 0.9996 0.0109
vn 0.0225 0.9997 0.0111
vn 0.1198 0.9894 -0.0816
vn -0.0055 0.9999 -0.0125
vn -0.0046 0.9997 -0.0255
vn -0.0031 0.9997 -0.0224
vn 0.0101 0.9999 0.0016
vn 0.0440 0.9989 -0.0156
vn -0.0038 0.9997 0.0249
vn -0.0038 1.0000 -0.0092
vn 0.0226 0.9997 0.0095
vn -0.0085 0.9999 -0.0137
vn 0.0273 0.9996 0.0062
vn 0.0062 0.9986 -0.0527
vn 0.1225 0.9770 0.1746
vn 0.1247 0.9757 0.1804
vn 0.0850 0.9961 0.0228
vn 0.0322 0.9988 0.0375
vn -0.0149 0.9879 0.1544
vn 0.0617 0.9981 0.0079
vn -0.1053 0.9921 -0.0678
vn 0.0650 0.9974 -0.0318
vn -0.0016 1.0000 0.0084
vn 0.0003 1.0000 0.0075
vn 0.0045 1.0000 0.0050
vn -0.0715 0.9930 0.0944
vn -0.0976 0.9855 0.1386
vn -0.0252 0.9983 0.0524
vn -0.0052 0.9992 0.0395
vn 0.0072 0.9987 -0.0511
vn -0.0668 0.9916 0.1112
vn -0.0381 0.9993 0.0046
vn -0.0616 0.9765 0.2066
vn -0.1338 0.9905 0.0317
vn -0.1690 0.9375 0.3041
vn 0.0166 0.9999 -0.0020
vn 0.1328 0.9883 -0.0749
vn 0.1113 0.9936 -0.0171
vn 0.0017 1.0000 0.0070
vn -0.0828 0.9963 0.0241
vn -0.2373 0.9714 -0.0011
vn -0.1957 0.9806 -0.0148
vn -0.0421 0.9986 0.0311
vn 0.0279 0.9994 -0.0223
vn 0.0389 0.9992 0.0058
vn -0.2536 0.9606 -0.1136
vn -0.1736 0.9789 -0.1080
vn -0.0075 0.9986 0.0526
vn -0.0346 0.9936 0.1078
vn 0.0298 0.9982 0.0520
vn -0.1288 0.9916 0.0104
vn -0.1817 0.9830 0.0261
vn -0.1195 0.9928 -0.0109
vn -0.1408 0.9879 -0.0653
vn -0.0087 0.9983 0.0575
vn 0.0253 0.9943 -0.1040
vn -0.0821 0.9950 0.0574
vn -0.1903 0.9816 -0.0157
vn -0.0066 0.9957 0.0922
vn -0.0802 0.9918 -0.0994
vn 0.0459 0.9989 0.0115
vn 0.0046 0.9996 -0.0276
vn -0.1901 0.9816 0.0181
vn 0.0012 1.0000 -0.0046
vn -0.1727 0.9757 -0.1349
vn 0.0206 0.9994 0.0280
vn -0.1906 0.9629 0.1911
vn -0.1106 0.9916 -0.0671
vn -0.1872 0.9798 0.0703
vn -0.1167 0.9928 -0.0261
vn -0.0058 0.9996 -0.0258
vn -0.0090 0.9996 -0.0276
vn -0.0286 0.9872 0.1568
vn -0.0528 0.9965 0.0645
vn 0.0233 0.9996 -0.0174
vn -0.1047 0.9916 -0.0756
vn -0.1187 0.9916 0.0518
vn 0.0109 0.9998 -0.0184
vn -0.0283 0.9996 -0.0075
vn -0.1313 0.9907 0.0356
vn -0.0768 0.9970 -0.0097
vn -0.0858 0.9868 -0.1376
vn -0.0079 0.9999 0.0135
vn 0.0074 0.9998 -0.0208
vn -0.0576 0.9953 -0.0776
vn -0.0125 0.9998 -0.0147
vn 0.4047 0.9130 -0.0506
vn 0.0073 0.9998 -0.0211
vn 0.2796 0.9290 0.2423
vn -0.1145 0.9933 -0.0164
vn -0.1148 0.9932 -0.0185
vn 0.1230 0.9884 -0.0895
vn 0.3824 0.9137 -0.1375
vn 0.3479 0.9224 -0.1677
vn 0.2870 0.9574 0.0311
vn 0.2190 0.9652 -0.1433
vn 0.4317 0.8941 0.1191
vn 0.0086 0.9914 -0.1302
vn 0.0051 0.9998 -0.0213
vn -0.1333 0.9911 -0.0027
vn -0.0265 0.9993 -0.0250
vn -0.0162 0.9994 -0.0314
vn 0.0132 0.9997 -0.0197
vn -0.0249 0.9996 0.0143
vn -0.0090 0.9999 0.0058
vn 0.0151 0.9997 -0.0209
vn -0.0045 0.9999 0.0150
vn -0.0395 0.9992 0.0004
vn -0.0013 0.9995 -0.0312
vn 0.0190 0.9997 -0.0123
vn -0.0146 0.9982 0.0584
vn 0.0154 0.9999 0.0058
vn -0.0070 0.9999 0.0132
vn -0.0268 0.9995 -0.0147
vn 0.0048 0.9996 0.0272
vn -0.0107 0.9998 0.0136
vn -0.0326 0.9974 0.0650
vn 0.0033 1.0000 -0.0017
vn 0.0508 0.9986 -0.0154
vn 0.1085 0.9941 -0.0028
vn 0.0108 0.9999 -0.0021
vn 0.2233 0.9497 0.2197
vn -0.0001 1.0000 0.0022
vn -0.0425 0.9990 -0.0126
vn -0.0274 0.9996 -0.0006
vn 0.0217 0.9996 0.0154
vn -0.0885 0.9926 -0.0833
vn -0.0821 0.9966 -0.0049
vn -0.0131 0.9989 -0.0448
vn -0.0112 0.9941 -0.1080
vn 0.0118 0.9927 -0.1203
vn -0.1493 0.9835 -0.1024
vn 0.0102 0.9996 -0.0275
vn 0.0061 0.9992 -0.0403
vn -0.0222 0.9997 -0.0126
vn -0.0371 0.9989 -0.0300
vn -0.0119 0.9986 -0.0513
vn 0.0043 0.9978 -0.0661
vn -0.0395 0.9988 -0.0297
vn -0.0006 0.9994 -0.0358
vn -0.0067 0.9928 0.1198
vn 0.0161 0.9944 -0.1047
vn 0.0039 0.9993 -0.0383
vn -0.0304 0.9995 0.0107
vn 0.0886 0.9678 -0.2356
vn -0.0459 0.9980 -0.0445
vn 0.0878 0.9934 -0.0731
vn 0.0233 0.9960 -0.0866
vn -0.0167 0.9979 -0.0623
vn 0.0195 0.9884 -0.1508
vn -0.0820 0.9781 -0.1912
vn -0.0304 0.9973 -0.0673
vn 0.0027 0.9957 -0.0922
vn 0.0330 0.9954 -0.0896
vn 0.0196 0.9861 -0.1651
vn -0.0520 0.9975 -0.0488
vn -0.3298 0.9303 0.1605
vn -0.0355 0.9987 -0.0370
vn 0.1036 0.9946 -0.0111
vn 0.0134 0.9994 -0.0320
vn 0.0592 0.9981 -0.0183
vn 0.0851 0.9963 0.0075
vn -0.1838 0.9481 0.2595
vn -0.0751 0.9891 -0.1263
vn -0.0094 0.9987 -0.0491
vn -0.0879 0.9894 -0.1153
vn 0.0618 0.9928 -0.1027
vn 0.0401 0.9988 -0.0290
vn 0.4228 0.9059 0.0245
vn 0.5243 0.8087 0.2668
vn -0.2845 0.7456 0.6026
vn 0.4279 0.9034 0.0285
vn 0.2214 0.9688 0.1113
vn -0.0573 0.9060 0.4194
vn 0.0137 0.8235 0.5672
vn 0.4297 0.8775 -0.2128
vn 0.1138 0.9778 -0.1758
vn -0.1057 0.9944 -0.0027
vn 0.0151 0.9994 0.0300
vn 0.0279 0.9976 -0.0641
vn -0.0484 0.9975 -0.0521
vn 0.0132 0.9995 -0.0286
vn -0.0573 0.9984 -0.0035
vn -0.0094 0.9848 -0.1734
vn 0.0904 0.9943 0.0556
vn 0.0090 0.9991 -0.0408
vn -0.0668 0.9906 -0.1196
vn 0.0086 0.9975 -0.0695
vn -0.2218 0.8166 0.5328
vn 0.0506 0.9894 0.1360
vn 0.0153 0.9685 0.2484
vn 0.0161 0.9963 0.0840
vn 0.0140 0.9964 0.0838
vn -0.0481 0.9983 0.0337
vn -0.0133 0.9997 -0.0199
vn 0.0399 0.9741 0.2227
vn 0.0022 0.9996 -0.0286
vn 0.0002 0.9994 -0.0335
vn -0.0047 0.9991 -0.0414
vn 0.0308 0.9989 0.0349
vn -0.0874 0.9938 -0.0690
vn 0.0009 0.9995 -0.0311
vn 0.3202 -0.9437 -0.0834
vn -0.4710 -0.8408 -0.2669
vn -0.0509 -0.9959 0.0749
vn -0.1147 -0.9841 0.1355
vn -0.5927 -0.7866 -0.1732
vn 0.0748 -0.9895 -0.1233
vn 0.0909 -0.9904 0.1043
vn 0.0014 -0.9945 0.1043
vn 0.1109 -0.9902 -0.0844
vn 0.0150 -0.9949 0.0998
vn -0.0041 -0.9991 0.0411
vn 0.0190 -0.9998 -0.0036
vn -0.0310 -0.9986 0.0428
vn -0.0112 -0.9998 -0.0157
vn 0.0002 -0.9992 0.0393
vn -0.0271 0.9985 -0.0479
vn -0.0713 0.9946 -0.0754
vn -0.0118 0.9996 -0.0273
vn -0.0690 0.9958 -0.0607
vn -0.0474 0.9978 -0.0465
vn -0.1249 0.9919 0.0213
vn 0.0040 -0.9985 0.0555
vn 0.0996 -0.9925 0.0710
vn -0.0312 -0.9994 0.0131
vn 0.1373 -0.9903 0.0237
vn 0.0001 -0.9917 0.1283
vn 0.0877 -0.9909 -0.1023
vn -0.0565 -0.9829 0.1753
vn 0.0044 -0.9999 0.0092
vn -0.0297 -0.9974 0.0649
vn 0.0765 -0.9970 -0.0129
vn 0.0180 -0.9960 0.0880
vn 0.1030 -0.9926 0.0637
vn 0.0092 -0.9968 0.0800
vn 0.0442 -0.9949 0.0903
vn 0.0191 -0.9992 0.0342
vn 0.1846 -0.9801 0.0735
vn 0.0556 -0.9981 -0.0269
vn 0.0571 -0.9976 0.0380
vn 0.0218 -0.9911 0.1310
vn 0.0541 -0.9985 0.0083
vn 0.0470 -0.9968 -0.0642
vn 0.0819 -0.9964 0.0239
vn 0.0808 -0.9965 0.0210
vn 0.1178 -0.9928 0.0232
vn 0.0978 -0.9949 0.0231
vn 0.0037 -0.9991 0.0427
vn 0.0754 -0.9970 0.0171
vn 0.0171 -0.9999 -0.0002
vn 0.0816 -0.9965 0.0208
vn 0.0617 -0.9981 -0.0061
vn -0.0138 -0.9903 -0.1384
vn 0.0618 -0.9972 -0.0422
vn 0.1094 -0.9922 0.0590
vn 0.0757 -0.9970 0.0146
vn 0.0409 -0.9991 0.0078
vn 0.1350 -0.9907 0.0180
vn 0.1126 -0.9920 0.0575
vn 0.1367 -0.9853 -0.1022
vn 0.1114 -0.9897 -0.0896
vn 0.0945 -0.9936 -0.0623
vn 0.0683 -0.9939 -0.0861
vn 0.1626 -0.9867 0.0045
vn 0.1358 -0.9904 0.0239
vn -0.0141 -0.9972 0.0738
vn -0.8091 -0.5509 -0.2044
vn -0.5565 -0.5260 0.6431
vn -0.3235 -0.9457 0.0315
vn -0.3356 -0.9371 -0.0963
vn 0.0646 -0.9951 -0.0751
vn 0.0634 -0.9864 -0.1518
vn 0.0580 -0.9896 -0.1316
vn 0.0737 -0.9873 -0.1410
vn 0.0310 -0.9935 -0.1095
vn 0.1215 -0.9866 -0.1087
vn 0.0759 -0.9865 -0.1450
vn -0.2159 -0.8235 0.5246
vn 0.0719 -0.9944 0.0770
vn 0.0020 -0.8339 0.5519
vn 0.1028 -0.9906 -0.0903
vn 0.0857 -0.9889 -0.1212
vn 0.1132 -0.9914 -0.0652
vn 0.1113 -0.9935 0.0242
vn 0.0394 -0.9976 -0.0573
vn 0.0811 -0.9924 -0.0922
vn 0.0492 -0.9970 -0.0595
vn 0.0279 -0.9961 -0.0835
vn 0.0312 -0.9955 -0.0894
vn 0.1323 -0.9908 0.0282
vn -0.0021 -0.9997 -0.0233
vn -0.0001 -0.9999 -0.0147
vn 0.0854 -0.9905 -0.1074
vn -0.0121 -0.9965 0.0832
vn 0.0229 -0.9962 0.0837
vn 0.0284 -0.9974 -0.0656
vn 0.0418 -0.9947 -0.0939
vn -0.0156 -0.9935 -0.1127
vn 0.0557 -0.9983 0.0174
vn 0.0281 -0.9988 0.0412
vn 0.0908 -0.9953 -0.0335
vn -0.0663 -0.9900 0.1249
vn -0.0445 -0.9980 0.0445
vn -0.0674 -0.9913 0.1126
vn -0.0810 -0.9846 0.1551
vn -0.1709 -0.9214 0.3491
vn -0.0869 -0.9747 0.2058
vn -0.3148 -0.8513 0.4199
vn -0.2947 -0.8566 0.4235
vn -0.3173 -0.8467 0.4270
vn -0.2887 -0.8619 0.4168
vn -0.2818 -0.8683 0.4081
vn -0.3118 -0.8763 0.3673
vn -0.3159 -0.8704 0.3777
vn -0.3319 -0.8673 0.3710
vn -0.3297 -0.8696 0.3676
vn -0.2157 -0.9419 0.2574
vn -0.3310 -0.9043 0.2695
vn -0.2892 -0.9250 0.2463
vn -0.0723 -0.9901 0.1202
vn -0.0831 -0.9880 0.1304
vn -0.0644 -0.9893 0.1308
vn -0.0750 -0.9876 0.1380
vn -0.1171 -0.9828 0.1426
vn -0.1032 -0.9837 0.1475
vn -0.1448 -0.9818 0.1226
vn 0.0177 -0.9998 -0.0070
vn 0.0233 -0.9996 -0.0131
vn -0.1239 -0.9848 0.1213
vn -0.3677 -0.8778 0.3070
vn -0.0593 -0.9914 0.1170
vn -0.0420 -0.9991 0.0109
vn -0.0061 -0.9998 0.0197
vn -0.0675 -0.9977 -0.0102
vn -0.0485 -0.9987 -0.0174
vn -0.0091 -0.9988 -0.0478
vn 0.1763 -0.9798 -0.0945
vn 0.0745 -0.9945 -0.0738
vn 0.0674 -0.9969 -0.0395
vn 0.1054 -0.9872 -0.1197
vn 0.1064 -0.9909 -0.0819
vn 0.1031 -0.9875 -0.1192
vn 0.0802 -0.9711 -0.2250
vn 0.0696 -0.9763 -0.2050
vn 0.0449 -0.9897 -0.1359
vn 0.0850 -0.9743 -0.2085
vn 0.1136 -0.9751 -0.1906
vn 0.1167 -0.9673 -0.2253
vn -0.0125 -0.9986 -0.0513
vn 0.0687 -0.9708 -0.2300
vn 0.1041 -0.9576 -0.2687
vn 0.1524 -0.9114 -0.3823
vn -0.0356 -0.9994 0.0021
vn -0.0269 -0.9996 -0.0080
vn -0.0112 -0.9998 -0.0163
vn 0.0927 -0.9773 -0.1907
vn 0.3552 -0.8713 -0.3387
vn 0.3495 -0.9023 -0.2523
vn 0.2009 -0.9663 -0.1612
vn 0.1064 -0.9574 -0.2686
vn -0.0035 -0.9794 -0.2018
vn 0.1557 -0.9657 -0.2078
vn -0.2554 -0.8649 0.4321
vn -0.0455 -0.9853 0.1648
vn -0.0803 -0.9858 0.1475
vn -0.2304 -0.8906 0.3921
vn -0.0452 -0.9968 -0.0661
vn 0.0446 -0.9990 0.0016
vn -0.0619 -0.9967 0.0522
vn -0.0469 -0.9959 -0.0779
vn -0.3166 -0.8757 0.3645
vn -0.2882 -0.8738 0.3917
vn 0.2359 -0.9714 0.0286
vn 0.1433 -0.9847 -0.0990
vn 0.0647 -0.9874 -0.1446
vn 0.1251 -0.9885 -0.0854
vn 0.0856 -0.9874 -0.1333
vn 0.1759 -0.9786 -0.1064
vn 0.1623 -0.9797 -0.1180
vn -0.0294 -0.9995 0.0128
vn -0.0586 -0.9981 -0.0203
vn 0.0175 -0.9988 -0.0464
vn 0.0335 -0.9989 -0.0326
vn 0.0163 -0.9999 0.0016
vn -0.1712 -0.9831 0.0650
vn -0.1893 -0.9693 0.1571
vn -0.3446 -0.8996 0.2683
vn -0.3580 -0.8816 0.3076
vn -0.3146 -0.9045 0.2878
vn -0.2427 -0.9310 0.2725
vn -0.0950 -0.9852 0.1429
vn -0.2310 -0.9271 0.2953
vn -0.3233 -0.9103 0.2585
vn -0.0881 -0.9703 0.2255
vn -0.0404 -0.9883 0.1470
vn -0.1722 -0.9060 0.3868
vn 0.0475 -0.9989 0.0048
vn -0.0270 -0.9993 -0.0264
vn -0.0912 -0.9931 0.0739
vn 0.0830 -0.9896 -0.1171
vn 0.0842 -0.9908 -0.1062
vn 0.1261 -0.9917 -0.0244
vn 0.0820 -0.9923 -0.0925
vn 0.0177 -0.9965 0.0823
vn 0.0200 -0.9964 0.0822
vn 0.0463 -0.9961 0.0752
vn 0.0490 -0.9948 0.0893
vn 0.0707 -0.9924 0.1007
vn 0.0866 -0.9855 0.1458
vn 0.0728 -0.9859 0.1504
vn 0.0437 -0.9947 0.0934
vn -0.0127 -0.9918 0.1270
vn 0.0389 -0.9927 0.1141
vn 0.0272 -0.9953 0.0926
vn 0.0432 -0.9948 0.0918
vn 0.0388 -0.9914 0.1252
vn 0.0026 -0.9898 0.1423
vn 0.0097 -0.9970 0.0769
vn 0.1944 -0.9746 0.1111
vn 0.0130 -0.9974 0.0703
vn 0.0112 -0.9974 0.0715
vn 0.0360 -0.9973 0.0637
vn 0.0391 -0.9965 0.0735
vn 0.0450 -0.9964 0.0723
vn -0.0081 -0.9935 0.1135
vn -0.0387 -0.9889 0.1435
vn 0.0097 -0.9790 0.2035
vn 0.0132 -0.9768 0.2136
vn 0.0205 -0.9980 0.0592
vn -0.0021 -0.9942 0.1078
vn -0.0661 -0.9959 -0.0622
vn 0.0174 -0.9989 0.0438
vn -0.0064 -0.9992 0.0397
vn 0.1050 -0.9901 -0.0931
vn -0.1197 -0.9876 -0.1018
vn -0.0215 -0.9855 0.1682
vn -0.0807 -0.9775 0.1950
vn 0.0146 -0.9863 0.1642
vn -0.0251 -0.9975 -0.0653
vn -0.0230 -0.9970 0.0738
vn 0.1647 -0.9863 -0.0034
vn 0.0539 -0.9978 0.0389
vn -0.1072 -0.9903 0.0883
vn -0.0236 -0.9832 0.1810
vn 0.0472 -0.9981 0.0395
vn 0.0210 -0.9961 0.0856
vn 0.0604 -0.9560 0.2870
vn 0.0444 -0.9793 0.1973
vn 0.0536 -0.9974 0.0480
vn 0.0506 -0.9938 0.0991
vn 0.0657 -0.9972 0.0350
vn 0.1012 -0.9938 -0.0464
vn 0.0259 -0.9996 0.0096
vn 0.0134 -0.9995 0.0284
vn 0.0227 -0.9997 0.0131
vn 0.0423 -0.9926 -0.1139
vn 0.0759 -0.9762 0.2032
vn 0.0109 -0.9788 0.2047
vn 0.1605 -0.9853 0.0586
vn 0.1189 -0.9873 0.1050
vn 0.0363 -0.9953 0.0892
vn 0.0676 -0.9926 0.1007
vn -0.0454 -0.9916 0.1207
vn 0.0784 -0.9764 0.2011
vn -0.0035 -0.9999 0.0140
vn 0.0299 -0.9954 0.0908
vn 0.0285 -0.9926 0.1181
vn 0.0252 -0.9985 0.0483
vn 0.0027 -0.9973 0.0736
vn -0.0483 -0.9788 0.1990
vn -0.0933 -0.9803 0.1743
vn -0.0270 -0.9898 0.1397
vn -0.0251 -0.9897 0.1409
vn 0.2057 -0.9169 0.3421
vn 0.0363 -0.9950 0.0933
vn 0.0572 -0.9962 0.0651
vn 0.1508 -0.9819 -0.1144
vn 0.1590 -0.9806 -0.1144
vn -0.0253 -0.9988 -0.0418
vn 0.0010 -0.9963 -0.0863
vn -0.1159 -0.9925 -0.0379
vn 0.1090 -0.9912 -0.0745
vn -0.0631 -0.9885 0.1374
vn 0.0145 -0.9548 0.2969
vn 0.1455 -0.9888 0.0332
vn 0.0968 -0.9914 0.0877
vn 0.1163 -0.9922 0.0441
vn 0.1569 -0.9818 0.1072
vn 0.0258 -0.9912 -0.1295
vn 0.0986 -0.9945 -0.0357
vn 0.0574 -0.9938 0.0953
vn 0.0200 -0.9977 -0.0649
vn 0.1054 -0.9936 0.0402
vn -0.2932 -0.9044 0.3100
vn -0.0632 -0.9663 0.2494
vn -0.0422 -0.9596 0.2782
vn 0.0521 -0.9778 0.2031
vn -0.0208 -0.9856 0.1680
vn -0.0721 -0.9913 0.1100
vn -0.0305 -0.9965 0.0772
vn -0.0269 -0.9952 0.0936
vn -0.0105 -0.9976 0.0692
vn -0.0130 -0.9983 0.0569
vn 0.0366 -0.9456 0.3233
vn 0.0091 -0.9966 0.0824
vn -0.0183 -0.9950 0.0979
vn 0.0606 -0.9979 0.0229
vn -0.0165 -0.9981 0.0595
vn -0.0282 -0.9992 0.0281
vn 0.0572 -0.9953 0.0783
vn -0.0376 -0.9990 0.0224
vn -0.0295 -0.9994 0.0157
vn 0.0052 -0.9879 0.1553
vn -0.0066 -0.9987 0.0512
vn -0.0067 -0.9979 0.0651
vn 0.0230 -0.9971 0.0732
vn 0.0283 -0.9978 0.0602
vn 0.0355 -0.9977 0.0575
vn -0.0049 -0.9985 0.0549
vn 0.0139 -0.9986 0.0520
vn -0.0778 -0.9966 0.0282
vn -0.0007 -0.9993 0.0378
vn 0.0106 -0.9995 -0.0282
vn -0.0263 -0.9993 0.0273
vn -0.0308 -0.9987 0.0404
vn -0.0246 -0.9969 -0.0745
vn 0.0407 -0.9954 0.0864
vn -0.0380 -0.9989 0.0276
vn 0.0193 -0.9996 -0.0204
vn -0.0259 -0.9990 -0.0365
vn -0.0114 -0.9999 -0.0107
vn -0.0570 -0.9980 0.0279
vn 0.0171 -0.9993 -0.0344
vn 0.0209 -0.9996 -0.0207
vn 0.0260 -0.9988 -0.0415
vn -0.0094 -0.9995 0.0298
vn -0.0063 -0.9999 0.0154
vn 0.0065 -1.0000 0.0056
vn 0.0019 -1.0000 0.0020
vn 0.0103 -0.9993 0.0364
vn -0.0388 -0.9991 0.0171
vn 0.0037 -0.9993 -0.0364
vn -0.2103 -0.9766 -0.0453
vn -0.2265 -0.9560 -0.1864
vn -0.3036 -0.9420 0.1431
vn 0.0463 -0.9989 0.0059
vn -0.0297 -0.9765 0.2137
vn 0.0625 -0.9930 0.1002
vn 0.0122 -0.9991 0.0407
vn -0.0524 -0.9977 -0.0436
vn -0.0388 -0.9982 -0.0465
vn -0.0403 -0.9982 0.0452
vn -0.0720 -0.9951 0.0672
vn -0.0512 -0.9907 -0.1260
vn 0.0022 -0.9971 -0.0756
vn -0.0377 -0.9989 0.0282
vn -0.0030 -0.9960 0.0896
vn -0.0446 -0.9919 -0.1191
vn -0.0915 -0.9942 -0.0562
vn 0.0549 -0.9982 0.0225
vn -0.1396 -0.9849 0.1028
vn 0.1013 -0.9941 0.0384
vn 0.0572 -0.9964 -0.0632
vn -0.0635 -0.9976 -0.0287
vn -0.3662 -0.9052 -0.2156
vn -0.0715 -0.9965 0.0422
vn -0.1089 -0.9881 0.1081
vn -0.1901 -0.9635 -0.1887
vn 0.0290 -0.9986 0.0452
vn 0.0429 -0.9983 0.0389
vn 0.1205 -0.9859 0.1160
vn -0.1690 -0.9855 -0.0163
vn -0.1841 -0.9803 0.0712
vn 0.1042 -0.9930 0.0549
vn -0.1837 -0.9804 0.0710
vn 0.0230 -0.9916 0.1269
vn 0.1335 -0.9910 -0.0124
vn 0.1799 -0.9693 0.1675
vn 0.1329 -0.9643 0.2289
vn 0.0820 -0.9960 0.0362
vn 0.1852 -0.9775 0.1014
vn 0.1881 -0.9818 0.0254
vn -0.0155 -0.9959 0.0894
vn 0.1889 -0.9774 0.0951
vn 0.1687 -0.9796 0.1089
vn 0.1437 -0.9869 0.0728
vn 0.1525 -0.9799 0.1283
vn 0.1015 -0.9945 -0.0273
vn 0.1314 -0.9912 -0.0176
vn 0.1866 -0.9690 0.1619
vn 0.1053 -0.9943 -0.0151
vn 0.2486 -0.9644 0.0900
vn 0.0697 -0.9972 0.0271
vn 0.1313 -0.9855 0.1072
vn 0.1439 -0.9741 0.1743
vn 0.1390 -0.9849 0.1034
vn 0.0405 -0.9990 0.0166
vn 0.0537 -0.9940 -0.0955
vn 0.0293 -0.9900 0.1379
vn -0.0092 -0.9998 0.0175
vn 0.0536 -0.9955 0.0777
vn 0.0620 -0.9971 0.0449
vn 0.2207 -0.9625 0.1575
vn 0.1104 -0.9867 0.1194
vn -0.0839 -0.9858 0.1451
vn -0.0398 -0.9923 0.1170
vn -0.0972 -0.9889 0.1123
vn 0.0589 -0.9973 -0.0438
vn 0.0532 -0.9899 -0.1312
vn 0.1259 -0.9701 0.2075
vn 0.1233 -0.9911 0.0501
vn 0.0069 -0.9937 0.1119
vn 0.1394 -0.9880 0.0658
vn 0.2529 -0.9637 0.0851
vn 0.1100 -0.9867 0.1196
vn 0.0409 -0.9986 0.0338
vn -0.1634 -0.9854 -0.0472
vn 0.1269 -0.9837 0.1271
vn 0.1327 -0.9834 0.1235
vn 0.3291 -0.9412 -0.0763
vn 0.4586 -0.8886 -0.0024
vn 0.3191 -0.9333 0.1647
vn 0.3259 -0.9439 -0.0524
vn 0.2605 -0.9532 0.1532
vn 0.4872 -0.8724 -0.0389
vn 0.2311 -0.9562 -0.1794
vn 0.0779 -0.9871 -0.1401
vn 0.0333 -0.9835 -0.1776
vn 0.1358 -0.9856 -0.1012
vn 0.1269 -0.9896 -0.0677
vn 0.1394 -0.9885 -0.0591
vn -0.1688 -0.9794 0.1104
vn 0.1288 -0.9917 -0.0002
vn 0.0606 -0.9970 -0.0484
vn 0.0765 -0.9902 -0.1170
vn 0.0459 -0.9963 -0.0732
vn -0.0092 -0.9863 -0.1648
vn 0.1147 -0.9877 -0.1059
vn -0.0633 -0.9881 -0.1404
vn -0.0153 -0.9952 0.0963
vn 0.0778 -0.9871 -0.1401
vn 0.0182 -0.9933 -0.1138
vn 0.0812 -0.9947 -0.0639
vn 0.0242 -0.9980 -0.0579
vn 0.0913 -0.9944 -0.0532
vn 0.0830 -0.9914 -0.1008
vn 0.1045 -0.9935 -0.0445
vn 0.0987 -0.9935 -0.0560
vn 0.0982 -0.9936 -0.0561
vn 0.0472 -0.9987 -0.0209
vn 0.0571 -0.9984 -0.0042
vn 0.0701 -0.9969 -0.0352
vn -0.0185 -0.9998 0.0003
vn 0.0907 -0.9915 -0.0934
vn 0.0875 -0.9934 -0.0746
vn 0.0670 -0.9952 -0.0715
vn 0.0010 -0.9998 0.0180
vn 0.0628 -0.9973 -0.0375
vn 0.0376 -0.9982 -0.0458
vn 0.0741 -0.9968 -0.0300
vn 0.1288 -0.9893 -0.0689
vn 0.0497 -0.9901 -0.1309
vn 0.0428 -0.9964 -0.0737
vn 0.0876 -0.9923 -0.0879
vn 0.0919 -0.9891 -0.1146
vn 0.1036 -0.9850 -0.1377
vn 0.0736 -0.9789 -0.1907
vn 0.0750 -0.9970 -0.0195
vn 0.0055 -0.9996 0.0293
vn 0.1179 -0.9902 0.0750
vn 0.0547 -0.9966 0.0616
vn 0.0675 -0.9884 0.1361
vn 0.0751 -0.9963 -0.0421
vn 0.0235 -0.9963 0.0831
vn 0.0490 -0.9957 0.0787
vn 0.0262 -0.9969 0.0738
vn 0.0243 -0.9960 0.0856
vn 0.0316 -0.9970 0.0701
vn 0.0792 -0.9922 0.0959
vn 0.0861 -0.9940 0.0667
vn 0.0128 -0.9980 0.0615
vn 0.0023 -0.9981 0.0609
vn -0.0528 -0.9975 0.0480
vn 0.0294 -0.9952 0.0932
vn 0.0419 -0.9983 0.0410
vn 0.0579 -0.9979 0.0292
vn 0.0245 -0.9977 0.0632
vn 0.0599 -0.9956 0.0720
vn 0.0347 -0.9987 0.0362
vn 0.0517 -0.9972 0.0543
vn 0.0309 -0.9978 0.0583
vn 0.0315 -0.9875 -0.1542
vn 0.0287 -0.9984 0.0478
vn 0.1304 -0.9802 0.1488
vn -0.0128 -0.9883 0.1518
vn 0.1275 -0.9910 0.0411
vn 0.0348 -0.9971 0.0677
vn 0.0111 -0.9997 -0.0213
vn 0.0190 -0.9998 0.0109
vn 0.0492 -0.9935 0.1024
vn 0.0666 -0.9928 0.0996
vn 0.1367 -0.9746 0.1773
vn -0.1581 -0.9717 0.1755
vn 0.1511 -0.9874 0.0462
vn -0.1830 -0.9819 0.0481
vn -0.2037 -0.9780 0.0454
vn -0.0906 -0.9942 0.0587
vn -0.1215 -0.9870 0.1055
vn -0.0636 -0.9917 0.1117
vn -0.2180 -0.9756 -0.0254
vn -0.1722 -0.9846 0.0305
vn -0.0439 -0.9955 0.0837
vn -0.1792 -0.9829 0.0421
vn -0.0092 -0.9965 0.0827
vn 0.2721 -0.9539 -0.1269
vn 0.1143 -0.9931 -0.0273
vn 0.1187 -0.9925 -0.0287
vn 0.0866 -0.9953 -0.0440
vn 0.0848 -0.9955 -0.0415
vn 0.0248 -0.9942 0.1043
vn 0.0275 -0.9946 0.1003
vn -0.2710 -0.9621 -0.0321
vn -0.1501 -0.9571 0.2480
vn 0.2011 -0.9199 -0.3367
vn -0.0944 -0.9954 0.0186
vn -0.1194 -0.9926 -0.0215
vn 0.0237 -0.9987 -0.0451
vn 0.3188 -0.9466 -0.0478
vn 0.1103 -0.9889 -0.0992
vn 0.0502 -0.9958 -0.0770
vn 0.0736 -0.9942 -0.0782
vn 0.1134 -0.9919 -0.0570
vn 0.0981 -0.9949 0.0220
vn 0.0598 -0.9982 0.0004
vn 0.0691 -0.9973 -0.0255
vn 0.0118 -0.9977 -0.0666
vn 0.0722 -0.9969 -0.0302
vn 0.2790 -0.9554 -0.0968
vn -0.0352 -0.9904 -0.1340
vn 0.0924 -0.9912 -0.0950
vn 0.2437 -0.9540 -0.1744
vn 0.1713 -0.9843 0.0428
vn 0.0227 -0.9996 -0.0168
vn 0.0283 -0.9984 0.0480
vn -0.0197 -0.9997 -0.0137
vn -0.0106 -0.9961 -0.0878
vn 0.0242 -0.9592 -0.2818
vn 0.1350 -0.9781 -0.1583
vn 0.1078 -0.9910 -0.0793
vn 0.1622 -0.9543 -0.2509
vn 0.0543 -0.9963 -0.0669
vn 0.1578 -0.9856 -0.0611
vn 0.1417 -0.9896 0.0235
vn 0.1658 -0.9860 0.0155
vn 0.0981 -0.9915 0.0859
vn 0.0297 -0.9959 0.0854
vn 0.1410 -0.9898 0.0210
vn 0.1843 -0.9822 -0.0373
vn 0.1191 -0.9905 0.0687
vn 0.1372 -0.9905 -0.0128
vn 0.0051 -0.9995 -0.0308
vn -0.0548 -0.9971 -0.0536
vn 0.0402 -0.9974 -0.0600
vn 0.0191 -0.9961 -0.0859
vn 0.0539 -0.9975 -0.0461
vn 0.0343 -0.9990 -0.0281
vn 0.0452 -0.9982 -0.0388
vn -0.0393 -0.9934 0.1082
vn 0.0552 -0.9967 -0.0591
vn 0.0550 -0.9912 0.1207
vn -0.1791 -0.9826 0.0484
vn -0.1533 -0.9834 -0.0975
vn 0.0761 -0.9958 0.0515
vn 0.0816 -0.9920 0.0965
vn -0.4379 -0.8902 -0.1259
vn -0.3502 -0.8783 -0.3255
vn -0.3497 -0.9018 -0.2540
vn -0.9058 -0.3953 -0.1521
vn -0.8655 -0.4434 -0.2331
vn -0.1599 -0.9864 -0.0381
vn -0.3350 -0.9300 0.1512
vn 0.1223 -0.9457 -0.3013
vn -0.7164 -0.6201 -0.3197
vn -0.1149 -0.9334 0.3400
vn -0.8678 -0.4575 -0.1939
vn -0.5422 -0.7803 -0.3117
vn -0.1221 -0.9647 0.2333
vn -0.3741 -0.7976 0.4733
vn 0.1106 -0.8744 0.4724
vn 0.1861 -0.9190 0.3475
vn 0.1009 -0.9870 -0.1252
vn -0.0010 -0.9991 -0.0424
vn -0.7773 -0.6250 0.0721
vn -0.0015 -0.9962 -0.0866
vn -0.1493 -0.9872 -0.0552
vn -0.4585 -0.8533 -0.2485
vn -0.5009 -0.7766 -0.3821
vn 0.1815 -0.9785 -0.0976
vn -0.2677 -0.8761 -0.4009
vn -0.0060 -0.9687 -0.2480
vn 0.1771 -0.9805 -0.0853
vn -0.0658 -0.9952 -0.0720
vn -0.0778 -0.9970 -0.0062
vn 0.1124 -0.9931 0.0327
vn 0.1885 -0.9689 -0.1600
vn -0.1029 -0.9945 -0.0202
vn -0.2959 -0.9097 -0.2914
vn -0.0577 0.9974 -0.0421
vn 0.0005 1.0000 0.0025
vn -0.0099 1.0000 0.0013
vn -0.0157 0.9999 0.0004
vn -0.0125 0.9973 -0.0719
vn -0.0519 0.9904 -0.1281
vn -0.0075 0.9999 -0.0136
vn -0.0541 0.9985 -0.0094
vn 0.0307 0.9906 -0.1334
vn -0.0540 0.9962 -0.0690
vn -0.0960 0.9935 -0.0610
vn -0.0092 0.9997 -0.0205
vn -0.0092 1.0000 0.0022
vn -0.0626 0.9969 -0.0471
vn 0.0432 0.9976 -0.0539
vn 0.0789 0.9873 0.1382
vn 0.0834 0.9965 0.0110
vn -0.0433 0.9965 -0.0713
vn -0.0169 0.9994 -0.0312
vn 0.0279 0.9964 -0.0794
vn 0.0363 0.9983 -0.0447
vn 0.0322 0.9985 -0.0445
vn 0.0338 0.9991 -0.0250
vn 0.1762 0.9803 0.0891
vn 0.2546 0.9671 0.0008
vn 0.2559 0.9665 0.0203
vn 0.1864 0.9821 0.0256
vn 0.1755 0.9807 0.0863
vn 0.2721 0.9623 0.0057
vn 0.2355 0.9712 0.0361
vn 0.1806 0.9835 0.0070
vn 0.0783 0.9933 -0.0855
vn 0.1675 0.9844 0.0538
vn 0.1142 0.9935 -0.0003
vn -0.0080 0.9974 -0.0713
vn 0.1771 0.9839 0.0244
vn 0.1616 0.9865 -0.0257
vn 0.1774 0.9841 -0.0088
vn 0.1104 0.9931 -0.0407
vn 0.0940 0.9949 0.0372
vn 0.1209 0.9926 -0.0082
vn -0.0042 0.9995 -0.0320
vn -0.1263 0.9858 0.1110
vn -0.0761 0.9925 0.0954
vn -0.0357 0.9993 -0.0053
vn -0.0024 1.0000 0.0089
vn 0.0481 0.9988 -0.0122
vn -0.0392 0.9991 0.0133
vn -0.0160 0.9999 0.0062
vn -0.0069 0.9998 0.0164
vn 0.0283 0.9965 0.0784
vn 0.1493 0.9681 0.2015
vn -0.0939 0.9604 0.2625
vn 0.1373 0.9655 0.2211
vn -0.1081 0.9912 -0.0761
vn 0.0032 0.9975 0.0712
vn 0.0107 0.9978 0.0653
vn -0.0213 0.9964 0.0822
vn -0.0002 0.9939 -0.1100
vn 0.1211 0.9926 0.0049
vn -0.1434 0.9882 0.0536
vn -0.0499 0.9986 0.0156
vn -0.0261 0.9992 0.0317
vn -0.0271 0.9950 -0.0957
vn -0.0460 0.9934 -0.1055
vn -0.0128 0.9999 -0.0008
vn 0.0428 0.9973 0.0599
vn -0.0242 0.9996 0.0170
vn -0.0156 0.9988 0.0458
vn -0.0726 0.9969 0.0311
vn -0.2591 0.9485 -0.1824
vn -0.2500 0.9541 -0.1652
vn -0.2500 0.9515 -0.1794
vn -0.0540 0.9985 0.0066
vn -0.0386 0.9978 0.0531
vn -0.2322 0.9611 -0.1496
vn -0.2442 0.9582 -0.1490
vn -0.2578 0.9503 -0.1744
vn -0.1844 0.9786 -0.0908
vn -0.1677 0.9732 -0.1572
vn -0.1188 0.9929 -0.0020
vn -0.1280 0.9865 -0.1021
vn -0.0457 0.9933 -0.1057
vn -0.1039 0.9942 -0.0265
vn -0.0926 0.9937 -0.0629
vn 0.4218 0.8791 0.2219
vn 0.0419 0.9981 0.0443
vn -0.0851 0.9961 0.0224
vn -0.0600 0.9971 -0.0467
vn -0.0838 0.9964 -0.0109
vn 0.0325 0.9990 0.0307
vn -0.0186 0.9931 0.1155
vn -0.0759 0.9910 0.1099
vn -0.1341 0.9909 0.0124
vn -0.0656 0.9914 0.1136
vn -0.0121 0.9995 0.0296
vn -0.0525 0.9969 0.0592
vn 0.0548 0.9959 0.0725
vn -0.0491 0.9971 0.0585
vn -0.0581 0.9980 0.0248
vn -0.0289 0.9994 0.0185
vn -0.0877 0.9925 0.0848
vn 0.0769 0.9877 0.1361
vn -0.0324 0.9984 0.0472
vn -0.0244 0.9991 0.0340
vn 0.0296 0.9987 0.0404
vn -0.0238 0.9992 0.0321
vn -0.0264 0.9990 0.0357
vn -0.3233 0.9463 -0.0065
vn -0.0169 0.9998 -0.0050
vn -0.1460 0.9886 -0.0356
vn -0.1896 0.9812 -0.0357
vn 0.1979 0.9182 -0.3432
vn -0.4028 0.9139 -0.0499
vn 0.0405 0.9985 0.0360
vn -0.1051 0.9739 0.2012
vn -0.0265 0.9995 0.0157
vn 0.0077 0.9991 0.0418
vn -0.0367 0.9991 0.0231
vn -0.0845 0.9963 0.0125
vn -0.0989 0.9946 -0.0326
vn -0.0645 0.9785 0.1959
vn -0.1103 0.9928 0.0456
vn -0.0933 0.9909 0.0970
vn -0.0810 0.9965 -0.0193
vn -0.3325 0.9430 -0.0121
vn -0.0219 0.9988 0.0434
vn 0.0230 0.9997 -0.0069
vn -0.0512 0.9905 0.1277
vn 0.0203 0.9998 -0.0080
vn 0.0008 0.9996 0.0282
vn 0.0391 0.9989 0.0254
vn 0.0524 0.9977 0.0432
vn 0.1889 0.9784 -0.0845
vn 0.0223 0.9937 -0.1099
vn -0.1084 0.9936 -0.0319
vn 0.0297 0.9985 -0.0455
vn -0.0025 0.9984 0.0557
vn 0.2061 0.9777 0.0407
vn 0.2302 0.9731 0.0057
vn 0.1605 0.9842 0.0751
vn 0.1590 0.9846 0.0730
vn 0.3731 0.9200 0.1196
vn 0.2792 0.9524 0.1228
vn -0.0399 0.9622 0.2695
vn 0.2220 0.9750 0.0058
vn 0.0246 0.9944 0.1026
vn 0.0021 0.9961 0.0880
vn 0.1102 0.9904 0.0836
vn 0.0957 0.9941 0.0511
vn 0.3989 0.9116 0.0994
vn 0.1154 0.9925 0.0412
vn 0.1879 0.9818 0.0259
vn 0.2983 0.9545 0.0031
vn 0.3750 0.9242 0.0725
vn 0.3511 0.9344 0.0598
vn 0.1041 0.9901 0.0939
vn 0.1941 0.9809 -0.0130
vn -0.2948 0.9361 0.1921
vn 0.1839 0.9822 0.0368
vn 0.0175 0.9731 0.2297
vn 0.0012 0.9993 0.0367
vn -0.0351 0.9991 0.0218
vn -0.0335 0.9993 0.0145
vn -0.0437 0.9990 -0.0036
vn 0.0052 0.9997 -0.0237
vn 0.0375 0.9979 0.0532
vn 0.1685 0.9821 0.0839
vn 0.1598 0.9844 0.0732
vn 0.1032 0.9943 0.0265
vn -0.0529 0.9982 -0.0276
vn -0.0449 0.9990 -0.0050
vn 0.2257 0.9741 0.0128
vn -0.0409 0.9986 -0.0342
vn 0.1667 0.9834 0.0713
vn 0.0616 0.9964 0.0587
vn 0.0816 0.9960 0.0364
vn 0.1201 0.9925 0.0232
vn 0.1056 0.9941 0.0242
vn 0.0983 0.9948 0.0272
vn 0.0188 0.9963 -0.0840
vn 0.0387 0.9954 -0.0882
vn 0.0785 0.9931 0.0868
vn 0.0057 0.9972 0.0745
vn -0.1552 0.9878 0.0156
vn -0.1596 0.9851 -0.0646
vn -0.1295 0.9902 -0.0515
vn -0.1436 0.9817 -0.1251
vn 0.1945 0.9715 -0.1353
vn 0.1678 0.9757 -0.1406
vn 0.2131 0.8843 -0.4155
vn 0.2027 0.9664 -0.1578
vn 0.2933 0.9005 -0.3210
vn 0.2392 0.9314 -0.2745
vn 0.2160 0.9244 -0.3144
vn 0.3507 0.9099 -0.2218
vn 0.2712 0.9047 -0.3286
vn 0.1534 0.9417 -0.2994
vn 0.2277 0.9340 -0.2754
vn 0.1242 0.9921 -0.0150
vn 0.0799 0.9569 -0.2793
vn 0.2025 0.9354 -0.2899
vn 0.4209 0.8046 -0.4188
vn 0.4147 0.8584 -0.3020
vn 0.4242 0.8211 -0.3819
vn 0.0929 0.9724 -0.2139
vn -0.1502 0.9557 -0.2530
vn 0.2985 0.9198 -0.2548
vn 0.2393 0.9687 0.0663
vn -0.1098 0.9676 -0.2272
vn -0.3141 0.9380 -0.1463
vn -0.0477 0.9957 -0.0791
vn -0.2240 0.9743 0.0224
vn 0.0346 0.9963 -0.0787
vn 0.0406 0.9973 -0.0619
vn -0.2167 0.9725 0.0858
vn 0.0002 0.9956 -0.0934
vn 0.0345 0.9937 -0.1062
vn -0.0032 0.9816 -0.1910
vn -0.0357 0.9890 -0.1435
vn -0.0627 0.9891 -0.1336
vn 0.1002 0.9773 -0.1868
vn 0.0746 0.9820 -0.1737
vn 0.1047 0.9754 -0.1938
vn 0.1054 0.9461 -0.3061
vn 0.0935 0.9445 -0.3150
vn 0.0596 0.9673 -0.2465
vn 0.0596 0.9618 -0.2672
vn 0.1156 0.9683 -0.2212
vn 0.0952 0.9727 -0.2118
vn 0.0937 0.9544 -0.2834
vn 0.0926 0.9870 -0.1312
vn 0.1405 0.9864 -0.0851
vn 0.1696 0.9213 -0.3500
vn 0.1061 0.9670 -0.2317
vn 0.1687 0.9537 -0.2489
vn 0.2522 0.9512 -0.1778
vn -0.0964 0.9784 -0.1831
vn 0.3894 0.7526 -0.5311
vn 0.0669 0.9620 -0.2648
vn 0.0886 0.9528 -0.2904
vn 0.1365 0.8979 -0.4185
vn 0.1836 0.9517 -0.2461
vn 0.0719 0.9680 -0.2404
vn 0.3217 0.9300 -0.1775
vn 0.1935 0.9478 -0.2536
vn 0.1578 0.9517 -0.2632
vn 0.1705 0.9681 -0.1836
vn 0.1474 0.9730 -0.1776
vn 0.1835 0.9762 -0.1154
vn 0.0812 0.9929 -0.0864
vn 0.1712 0.9793 -0.1077
vn 0.1227 0.9765 -0.1772
vn 0.1279 0.9668 -0.2211
vn 0.1112 0.9654 -0.2358
vn 0.1484 0.9601 -0.2369
vn -0.0037 0.9865 -0.1634
vn -0.0045 0.9922 -0.1248
vn 0.1387 0.9688 -0.2052
vn 0.0349 0.9845 -0.1721
vn 0.1817 0.9673 -0.1769
vn 0.1957 0.9667 -0.1648
vn 0.1801 0.9686 -0.1711
vn 0.1806 0.9627 -0.2013
vn 0.1646 0.9829 -0.0826
vn -0.1922 0.9756 -0.1066
vn 0.1566 0.9582 -0.2395
vn 0.1366 0.9789 -0.1521
vn -0.0154 0.9765 -0.2149
vn 0.1324 0.9803 -0.1466
vn 0.1229 0.9678 -0.2196
vn 0.0389 0.9265 -0.3743
vn 0.1651 0.9257 -0.3405
vn -0.1091 0.9938 0.0200
vn 0.0257 0.9916 -0.1265
vn 0.2923 0.9558 -0.0317
vn 0.0674 0.9832 -0.1698
vn 0.4428 0.8959 -0.0368
vn 0.2820 0.9468 -0.1547
vn 0.1661 0.9775 -0.1298
vn 0.2802 0.9516 -0.1267
vn 0.4892 0.8153 -0.3099
vn 0.4460 0.8564 -0.2601
vn 0.5386 0.8045 -0.2503
vn 0.2843 0.9587 0.0072
vn 0.5251 0.8130 -0.2516
vn 0.0618 0.9692 -0.2385
vn 0.0735 0.9575 -0.2788
vn 0.0894 0.9692 -0.2296
vn 0.0868 0.9696 -0.2286
vn 0.0663 0.9543 -0.2914
vn 0.0523 0.9676 -0.2472
vn 0.0776 0.9681 -0.2381
vn 0.0692 0.9672 -0.2444
vn 0.0528 0.9678 -0.2461
vn 0.0571 0.9668 -0.2490
vn 0.0645 0.9694 -0.2369
vn 0.0993 0.9859 -0.1348
vn 0.0737 0.9748 -0.2106
vn 0.0529 0.9839 -0.1708
vn 0.0572 0.9721 -0.2273
vn 0.0658 0.9815 -0.1797
vn 0.1559 0.9767 -0.1474
vn 0.1994 0.9545 -0.2219
vn 0.0649 0.9790 -0.1934
vn 0.0046 0.9722 -0.2343
vn 0.1107 0.9653 -0.2365
vn 0.0943 0.9825 -0.1606
vn 0.2102 0.9526 -0.2199
vn 0.0692 0.9842 -0.1632
vn 0.1034 0.9829 -0.1525
vn 0.1682 0.9698 -0.1767
vn 0.0652 0.9781 -0.1975
vn 0.0934 0.9833 -0.1560
vn 0.0635 0.9605 -0.2711
vn 0.0557 0.9793 -0.1947
vn 0.0904 0.9889 -0.1177
vn 0.0967 0.9882 -0.1189
vn 0.1468 0.9723 -0.1818
vn 0.2486 0.9532 -0.1723
vn 0.2315 0.9717 -0.0478
vn 0.1430 0.9670 -0.2107
vn 0.1997 0.9616 -0.1881
vn 0.1977 0.9627 -0.1849
vn 0.0889 0.9809 -0.1733
vn 0.2323 0.9724 0.0202
vn 0.2057 0.9680 -0.1439
vn 0.2260 0.9499 -0.2160
vn 0.0895 0.9819 -0.1667
vn 0.3758 0.9266 -0.0138
vn 0.3781 0.9258 -0.0031
vn 0.2867 0.9580 -0.0048
vn 0.2109 0.9314 0.2968
vn 0.2698 0.9591 0.0858
vn 0.2917 0.9458 0.1426
vn 0.3001 0.9515 0.0679
vn 0.2922 0.9423 0.1633
vn 0.3416 0.9267 0.1563
vn 0.3722 0.9252 0.0739
vn 0.3603 0.9196 0.1563
vn 0.1855 0.9394 0.2883
vn 0.3612 0.9197 0.1536
vn 0.3610 0.9284 0.0875
vn 0.3618 0.9274 0.0951
vn 0.4402 0.8889 -0.1272
vn 0.4777 0.8725 0.1027
vn 0.4782 0.8761 -0.0618
vn 0.2465 0.9631 -0.1081
vn 0.2531 0.9598 -0.1216
vn 0.3988 0.9080 -0.1287
vn 0.3521 0.9294 0.1106
vn 0.2775 0.9575 -0.0792
vn 0.2614 0.9636 -0.0557
vn 0.2355 0.9670 -0.0973
vn 0.2667 0.9631 -0.0357
vn 0.3010 0.9322 -0.2010
vn 0.2678 0.9496 -0.1628
vn 0.2969 0.9523 -0.0708
vn 0.1526 0.9882 0.0131
vn 0.1863 0.9783 0.0907
vn -0.1521 0.9838 -0.0947
vn 0.1037 0.9887 0.1082
vn 0.1361 0.9843 0.1121
vn 0.2411 0.9440 0.2253
vn 0.3565 0.9278 0.1103
vn 0.3517 0.9295 0.1107
vn 0.4120 0.9094 -0.0569
vn 0.2631 0.9634 -0.0510
vn 0.3250 0.9454 -0.0247
vn 0.4647 0.8704 -0.1625
vn 0.1431 0.9841 -0.1053
vn 0.3026 0.9500 -0.0768
vn 0.0799 0.9891 -0.1234
vn 0.0611 0.9674 -0.2457
vn 0.2179 0.9723 -0.0845
vn 0.2367 0.9713 -0.0216
vn 0.2527 0.9354 -0.2471
vn 0.5682 0.7911 -0.2264
vn 0.0393 0.9879 -0.1502
vn 0.1188 0.9725 -0.2001
vn 0.1803 0.9625 -0.2028
vn 0.1613 0.9630 -0.2160
vn 0.1089 0.9600 -0.2580
vn 0.2291 0.9487 -0.2178
vn 0.2113 0.9765 -0.0424
vn 0.2179 0.9723 -0.0842
vn 0.1683 0.9757 -0.1400
vn 0.1819 0.9608 -0.2091
vn 0.4150 0.9094 -0.0281
vn 0.2207 0.9730 0.0680
vn 0.0484 0.9988 0.0004
vn 0.1641 0.9852 -0.0500
vn 0.2210 0.9745 -0.0384
vn 0.2319 0.9644 -0.1269
vn 0.3626 0.9250 -0.1134
vn 0.4789 0.8769 -0.0422
vn 0.2614 0.9583 -0.1156
vn 0.2212 0.9686 -0.1137
vn 0.3710 0.9286 0.0006
vn 0.3696 0.8811 -0.2952
vn 0.3576 0.9337 -0.0186
vn 0.1694 0.9371 -0.3053
vn 0.1255 0.9294 -0.3472
vn 0.1178 0.9338 -0.3380
vn 0.1543 0.9279 -0.3393
vn 0.2253 0.9720 0.0670
vn 0.2256 0.9738 0.0290
vn 0.2681 0.9612 -0.0649
vn 0.1692 0.9845 -0.0472
vn 0.2626 0.9609 -0.0872
vn 0.3192 0.9469 0.0384
vn 0.3242 0.9460 0.0077
vn 0.2307 0.9726 -0.0296
vn 0.2977 0.9538 -0.0400
vn 0.2547 0.9668 0.0188
vn 0.3045 0.9517 0.0391
vn 0.2945 0.9553 0.0243
vn 0.1512 0.9870 0.0546
vn 0.2185 0.9757 -0.0158
vn 0.2947 0.9344 0.2003
vn 0.2851 0.9528 -0.1040
vn 0.2214 0.9658 -0.1347
vn 0.2351 0.9667 -0.1006
vn 0.1724 0.9658 -0.1939
vn 0.3233 0.9454 -0.0417
s 0
f 730//1 715//1 717//1
f 471//2 469//2 474//2
f 688//3 698//3 494//3
f 493//4 698//4 701//4
f 504//5 508//5 505//5
f 526//6 527//6 522//6
f 549//7 535//7 546//7
f 585//8 569//8 567//8
f 625//9 629//9 624//9
f 600//10 599//10 603//10
f 589//11 586//11 587//11
f 608//12 610//12 598//12
f 605//13 602//13 548//13
f 684//14 682//14 686//14
f 683//15 685//15 709//15
f 713//16 714//16 542//16
f 666//17 669//17 670//17
f 1033//18 1038//18 1037//18
f 888//19 885//19 883//19
f 915//20 914//20 913//20
f 901//21 904//21 900//21
f 804//22 806//22 818//22
f 870//23 859//23 867//23
f 829//24 832//24 831//24
f 834//25 835//25 839//25
f 844//26 853//26 852//26
f 2665//27 2672//27 2670//27
f 2646//28 2714//28 2632//28
f 2652//29 2654//29 2643//29
f 2647//30 2636//30 2648//30
f 2624//31 2625//31 2623//31
f 2593//32 2595//32 2591//32
f 2537//33 2539//33 2536//33
f 2480//34 2482//34 2478//34
f 2736//35 2739//35 2738//35
f 2767//36 2775//36 2768//36
f 2853//37 2865//37 2859//37
f 420//38 423//38 424//38
f 1674//39 1670//39 1673//39
f 1245//40 1243//40 1272//40
f 1295//41 1332//41 1291//41
f 1342//42 1582//42 1344//42
f 1217//43 1369//43 1368//43
f 1250//44 1251//44 1246//44
f 1242//45 1271//45 1243//45
f 1187//46 1188//46 1181//46
f 1115//47 1117//47 1116//47
f 291//48 296//48 297//48
f 308//49 317//49 315//49
f 195//50 192//50 198//50
f 206//51 262//51 2877//51
f 230//52 233//52 227//52
f 179//53 180//53 178//53
f 163//54 166//54 164//54
f 344//55 346//55 345//55
f 136//56 146//56 145//56
f 71//57 83//57 111//57
f 1561//58 1560//58 1563//58
f 1566//59 1565//59 94//59
f 88//60 86//60 87//60
f 93//61 1565//61 1557//61
f 1481//62 1482//62 1478//62
f 1590//63 1593//63 1586//63
f 1695//64 1696//64 1697//64
f 1745//65 1751//65 1736//65
f 1743//66 1740//66 1742//66
f 1774//67 1771//67 1813//67
f 2017//68 2018//68 1991//68
f 2023//69 2024//69 2026//69
f 2000//70 1988//70 1999//70
f 1963//71 1966//71 1965//71
f 1915//72 1914//72 1891//72
f 2123//73 2122//73 2125//73
f 2160//74 2159//74 2161//74
f 2382//75 2379//75 2380//75
f 2371//76 2363//76 2359//76
f 2450//77 2420//77 2349//77
f 2407//78 2409//78 2406//78
f 2251//79 2247//79 2249//79
f 2227//80 2218//80 2219//80
f 2211//81 2213//81 2214//81
f 2224//82 2225//82 2221//82
f 2245//83 2241//83 2240//83
f 2252//84 2257//84 2256//84
f 2273//85 2265//85 2267//85
f 663//86 665//86 664//86
f 664//87 667//87 666//87
f 666//88 636//88 637//88
f 637//89 638//89 640//89
f 638//90 639//90 640//90
f 664//91 666//91 640//91
f 666//92 637//92 640//92
f 661//93 662//93 642//93
f 662//94 663//94 642//94
f 663//95 664//95 640//95
f 640//96 641//96 663//96
f 642//97 643//97 645//97
f 663//98 641//98 642//98
f 645//99 646//99 644//99
f 661//100 642//100 645//100
f 660//101 661//101 645//101
f 660//102 645//102 644//102
f 657//103 659//103 658//103
f 658//104 660//104 644//104
f 658//105 644//105 647//105
f 655//106 657//106 647//106
f 657//107 658//107 647//107
f 653//108 654//108 647//108
f 654//109 655//109 647//109
f 647//110 648//110 653//110
f 648//111 649//111 650//111
f 648//112 650//112 651//112
f 651//113 653//113 648//113
f 751//114 752//114 656//114
f 749//115 751//115 656//115
f 656//116 651//116 650//116
f 656//117 650//117 652//117
f 725//118 750//118 749//118
f 749//119 656//119 652//119
f 743//120 746//120 745//120
f 749//121 652//121 741//121
f 652//122 743//122 744//122
f 724//123 726//123 725//123
f 725//124 749//124 733//124
f 652//125 744//125 741//125
f 745//126 748//126 747//126
f 745//127 747//127 744//127
f 743//128 745//128 744//128
f 741//129 742//129 740//129
f 749//130 741//130 735//130
f 724//131 725//131 729//131
f 749//132 735//132 733//132
f 729//133 725//133 733//133
f 741//134 740//134 735//134
f 735//135 734//135 733//135
f 733//136 732//136 729//136
f 727//137 728//137 730//137
f 727//138 730//138 720//138
f 730//139 731//139 715//139
f 720//140 730//140 717//140
f 729//141 727//141 724//141
f 724//142 727//142 720//142
f 731//143 737//143 721//143
f 737//144 736//144 723//144
f 736//145 738//145 723//145
f 738//146 739//146 723//146
f 737//147 723//147 721//147
f 721//148 722//148 715//148
f 719//149 718//149 717//149
f 718//150 720//150 717//150
f 731//151 721//151 715//151
f 715//152 716//152 717//152
f 499//153 501//153 502//153
f 499//154 502//154 492//154
f 497//155 500//155 499//155
f 480//156 493//156 495//156
f 497//157 499//157 492//157
f 480//158 495//158 479//158
f 495//159 497//159 491//159
f 479//160 495//160 491//160
f 497//161 492//161 491//161
f 490//162 489//162 488//162
f 490//163 488//163 487//163
f 479//164 491//164 490//164
f 476//165 478//165 477//165
f 477//166 479//166 482//166
f 479//167 490//167 482//167
f 487//168 486//168 485//168
f 490//169 487//169 484//169
f 482//170 490//170 484//170
f 474//171 476//171 477//171
f 467//172 475//172 474//172
f 466//173 468//173 467//173
f 469//174 470//174 466//174
f 471//175 472//175 469//175
f 481//176 473//176 482//176
f 473//177 471//177 482//177
f 482//178 483//178 481//178
f 487//179 485//179 484//179
f 474//180 477//180 471//180
f 471//181 477//181 482//181
f 466//182 467//182 469//182
f 467//183 474//183 469//183
f 498//184 496//184 495//184
f 493//185 690//185 691//185
f 690//186 693//186 691//186
f 498//187 495//187 493//187
f 701//188 700//188 498//188
f 699//189 702//189 701//189
f 698//190 697//190 699//190
f 692//191 688//191 691//191
f 688//192 698//192 691//192
f 698//193 699//193 701//193
f 701//194 498//194 493//194
f 493//195 691//195 698//195
f 502//196 501//196 503//196
f 501//197 504//197 503//197
f 504//198 509//198 508//198
f 508//199 510//199 507//199
f 510//200 511//200 507//200
f 512//201 520//201 519//201
f 511//202 512//202 519//202
f 519//203 515//203 513//203
f 515//204 516//204 513//204
f 516//205 517//205 518//205
f 513//206 514//206 519//206
f 514//207 507//207 519//207
f 516//208 518//208 513//208
f 511//209 519//209 507//209
f 507//210 506//210 508//210
f 506//211 505//211 508//211
f 505//212 503//212 504//212
f 528//213 525//213 527//213
f 525//214 524//214 523//214
f 523//215 515//215 522//215
f 515//216 519//216 522//216
f 525//217 523//217 522//217
f 526//218 529//218 527//218
f 525//219 522//219 527//219
f 522//220 532//220 530//220
f 532//221 533//221 531//221
f 530//222 532//222 531//222
f 533//223 534//223 531//223
f 530//224 526//224 522//224
f 520//225 537//225 538//225
f 538//226 539//226 545//226
f 539//227 548//227 545//227
f 548//228 547//228 545//228
f 519//229 520//229 521//229
f 520//230 538//230 521//230
f 538//231 545//231 544//231
f 538//232 544//232 543//232
f 536//233 521//233 543//233
f 521//234 538//234 543//234
f 533//235 532//235 535//235
f 532//236 536//236 535//236
f 549//237 551//237 535//237
f 546//238 550//238 549//238
f 536//239 543//239 535//239
f 543//240 546//240 535//240
f 556//241 557//241 553//241
f 553//242 548//242 567//242
f 548//243 585//243 567//243
f 585//244 586//244 576//244
f 586//245 590//245 584//245
f 584//246 575//246 577//246
f 575//247 578//247 577//247
f 586//248 584//248 576//248
f 556//249 553//249 552//249
f 556//250 552//250 554//250
f 559//251 560//251 558//251
f 558//252 556//252 554//252
f 580//253 582//253 579//253
f 582//254 583//254 579//254
f 584//255 577//255 576//255
f 578//256 580//256 579//256
f 559//257 558//257 554//257
f 552//258 553//258 561//258
f 583//259 581//259 579//259
f 563//260 555//260 561//260
f 555//261 552//261 561//261
f 573//262 574//262 564//262
f 553//263 567//263 561//263
f 573//264 564//264 571//264
f 564//265 563//265 571//265
f 568//266 572//266 571//266
f 578//267 579//267 577//267
f 568//268 571//268 562//268
f 571//269 563//269 562//269
f 565//270 566//270 562//270
f 569//271 570//271 567//271
f 585//272 576//272 569//272
f 565//273 562//273 561//273
f 562//274 563//274 561//274
f 615//275 616//275 596//275
f 596//276 595//276 598//276
f 595//277 594//277 592//277
f 598//278 592//278 597//278
f 592//279 601//279 597//279
f 601//280 599//280 597//280
f 598//281 617//281 615//281
f 598//282 615//282 596//282
f 592//283 598//283 595//283
f 619//284 620//284 617//284
f 620//285 615//285 617//285
f 621//286 622//286 619//286
f 621//287 619//287 617//287
f 626//288 627//288 624//288
f 624//289 621//289 623//289
f 621//289 617//289 623//289
f 629//290 626//290 624//290
f 625//291 628//291 629//291
f 624//292 623//292 625//292
f 600//293 597//293 599//293
f 593//294 588//294 602//294
f 602//295 601//295 593//295
f 601//296 592//296 593//296
f 592//297 591//297 587//297
f 591//298 589//298 587//298
f 589//299 590//299 586//299
f 587//300 593//300 592//300
f 610//301 612//301 613//301
f 613//302 617//302 598//302
f 598//303 604//303 608//303
f 604//304 606//304 607//304
f 604//305 607//305 608//305
f 610//306 613//306 598//306
f 588//307 585//307 548//307
f 548//308 539//308 605//308
f 539//309 606//309 605//309
f 606//310 604//310 603//310
f 604//311 600//311 603//311
f 602//312 588//312 548//312
f 606//313 603//313 605//313
f 684//314 680//314 682//314
f 680//315 681//315 682//315
f 689//316 685//316 686//316
f 685//317 684//317 686//317
f 688//318 494//318 687//318
f 494//319 689//319 687//319
f 686//320 687//320 689//320
f 694//321 695//321 707//321
f 695//322 706//322 707//322
f 698//323 697//323 696//323
f 697//324 694//324 696//324
f 685//325 689//325 696//325
f 694//326 707//326 696//326
f 707//327 709//327 685//327
f 696//328 707//328 685//328
f 711//329 708//329 712//329
f 709//330 711//330 710//330
f 711//331 712//331 710//331
f 710//332 677//332 683//332
f 710//333 683//333 709//333
f 609//334 606//334 539//334
f 539//335 540//335 541//335
f 539//336 541//336 609//336
f 541//337 542//337 611//337
f 611//338 609//338 541//338
f 674//339 618//339 614//339
f 614//340 611//340 675//340
f 611//341 542//341 714//341
f 676//342 674//342 675//342
f 674//343 614//343 675//343
f 714//344 677//344 675//344
f 611//345 714//345 675//345
f 542//346 703//346 713//346
f 703//347 704//347 708//347
f 704//348 702//348 705//348
f 702//349 699//349 705//349
f 699//350 695//350 706//350
f 705//351 699//351 706//351
f 708//352 712//352 703//352
f 712//353 713//353 703//353
f 705//354 708//354 704//354
f 632//355 634//355 633//355
f 633//356 629//356 632//356
f 629//357 628//357 630//357
f 632//358 629//358 630//358
f 628//359 631//359 630//359
f 673//360 618//360 674//360
f 631//361 673//361 672//361
f 630//362 631//362 635//362
f 635//363 631//363 672//363
f 673//364 674//364 672//364
f 672//365 671//365 635//365
f 666//366 636//366 669//366
f 636//367 635//367 671//367
f 669//368 636//368 671//368
f 678//369 668//369 679//369
f 668//370 666//370 679//370
f 680//371 681//371 678//371
f 677//372 683//372 679//372
f 679//373 680//373 678//373
f 679//374 666//374 670//374
f 675//375 677//375 670//375
f 677//376 679//376 670//376
f 927//377 929//377 930//377
f 932//378 935//378 936//378
f 927//379 930//379 931//379
f 930//380 932//380 937//380
f 931//381 930//381 937//381
f 936//382 940//382 939//382
f 932//383 936//383 938//383
f 924//384 925//384 926//384
f 925//385 928//385 926//385
f 928//386 931//386 934//386
f 932//387 938//387 937//387
f 939//388 941//388 943//388
f 936//389 939//389 938//389
f 934//390 933//390 926//390
f 937//391 934//391 931//391
f 934//392 926//392 928//392
f 939//393 943//393 938//393
f 942//394 938//394 943//394
f 947//395 946//395 944//395
f 949//396 947//396 951//396
f 947//397 944//397 948//397
f 951//398 947//398 950//398
f 944//399 942//399 945//399
f 942//400 943//400 945//400
f 953//401 949//401 952//401
f 952//402 949//402 951//402
f 944//403 945//403 948//403
f 948//404 950//404 947//404
f 951//405 974//405 966//405
f 974//406 973//406 975//406
f 975//407 976//407 966//407
f 974//408 975//408 966//408
f 955//409 952//409 954//409
f 954//410 956//410 955//410
f 957//411 954//411 964//411
f 964//412 954//412 952//412
f 952//413 951//413 966//413
f 964//414 952//414 966//414
f 964//415 963//415 962//415
f 960//416 959//416 958//416
f 958//417 957//417 962//417
f 964//418 962//418 957//418
f 965//419 968//419 961//419
f 968//420 967//420 961//420
f 962//421 965//421 960//421
f 967//422 969//422 961//422
f 969//423 972//423 961//423
f 972//424 978//424 979//424
f 978//425 977//425 979//425
f 965//426 961//426 960//426
f 960//427 958//427 962//427
f 970//428 971//428 972//428
f 971//429 961//429 972//429
f 972//430 979//430 970//430
f 979//431 981//431 970//431
f 970//432 981//432 980//432
f 981//433 982//433 980//433
f 982//434 984//434 985//434
f 985//435 986//435 983//435
f 986//436 989//436 988//436
f 983//437 986//437 988//437
f 990//438 993//438 992//438
f 982//439 985//439 983//439
f 983//440 980//440 982//440
f 987//441 988//441 989//441
f 994//442 991//442 992//442
f 991//443 987//443 990//443
f 997//444 998//444 994//444
f 996//445 999//445 995//445
f 999//446 997//446 995//446
f 997//447 994//447 992//447
f 991//448 990//448 992//448
f 990//449 987//449 989//449
f 1017//450 1016//450 1013//450
f 1016//451 1012//451 1013//451
f 1022//452 1023//452 1019//452
f 1019//453 1017//453 1018//453
f 1022//454 1019//454 1018//454
f 1017//455 1013//455 1018//455
f 1024//456 1025//456 1022//456
f 1026//457 1024//457 1029//457
f 1024//458 1022//458 1021//458
f 1024//459 1021//459 1029//459
f 1021//460 1022//460 1018//460
f 1034//461 1035//461 1032//461
f 1032//462 1026//462 1030//462
f 1031//463 1034//463 1032//463
f 1037//464 1036//464 1033//464
f 1036//465 1031//465 1030//465
f 1033//466 1036//466 1030//466
f 1043//467 1042//467 1041//467
f 1042//468 1039//468 1040//468
f 1041//469 1042//469 1040//469
f 1039//470 1037//470 1038//470
f 1031//471 1032//471 1030//471
f 1030//472 1026//472 1029//472
f 1046//473 1044//473 1045//473
f 1044//474 1041//474 1045//474
f 1047//475 1049//475 1045//475
f 1049//476 1046//476 1045//476
f 1045//477 1048//477 1047//477
f 1040//478 1045//478 1041//478
f 997//479 992//479 995//479
f 1000//480 996//480 995//480
f 1000//481 995//481 1001//481
f 1003//482 1000//482 1002//482
f 1000//483 1001//483 1002//483
f 1002//484 1006//484 1004//484
f 1006//485 1005//485 1004//485
f 1003//486 1002//486 1004//486
f 1004//487 1007//487 1003//487
f 1007//488 1009//488 1008//488
f 1008//489 1003//489 1007//489
f 1010//490 1008//490 1009//490
f 1011//491 1014//491 1012//491
f 1014//492 1015//492 1012//492
f 1010//493 1009//493 1011//493
f 1012//494 1010//494 1011//494
f 1015//495 1013//495 1012//495
f 1018//496 1020//496 1021//496
f 1021//497 1027//497 1028//497
f 1021//498 1028//498 1029//498
f 1038//499 1040//499 1039//499
f 893//500 896//500 895//500
f 895//501 894//501 893//501
f 894//502 892//502 893//502
f 892//503 889//503 887//503
f 885//504 886//504 882//504
f 886//505 880//505 881//505
f 892//506 887//506 891//506
f 887//507 885//507 888//507
f 891//508 887//508 899//508
f 902//509 899//509 897//509
f 897//510 899//510 888//510
f 891//511 893//511 892//511
f 886//512 881//512 882//512
f 909//513 902//513 903//513
f 897//514 903//514 902//514
f 890//515 898//515 888//515
f 898//516 897//516 888//516
f 888//517 899//517 887//517
f 882//518 884//518 883//518
f 885//519 882//519 883//519
f 908//520 902//520 909//520
f 909//521 910//521 908//521
f 910//522 913//522 911//522
f 916//523 923//523 922//523
f 923//524 924//524 925//524
f 923//525 925//525 922//525
f 913//526 916//526 915//526
f 916//527 922//527 921//527
f 916//528 921//528 915//528
f 911//529 908//529 910//529
f 921//530 917//530 907//530
f 915//531 921//531 907//531
f 917//532 927//532 919//532
f 927//533 929//533 919//533
f 929//534 920//534 919//534
f 919//535 918//535 917//535
f 918//536 907//536 917//536
f 914//537 911//537 913//537
f 907//538 918//538 912//538
f 907//539 912//539 906//539
f 904//540 907//540 906//540
f 905//541 900//541 904//541
f 900//542 891//542 899//542
f 901//543 900//543 899//543
f 904//544 906//544 905//544
f 757//545 760//545 756//545
f 760//546 761//546 762//546
f 756//547 760//547 762//547
f 761//548 769//548 768//548
f 759//549 758//549 754//549
f 758//550 757//550 755//550
f 754//551 758//551 755//551
f 755//552 753//552 754//552
f 756//553 755//553 757//553
f 763//554 762//554 761//554
f 767//555 765//555 770//555
f 765//556 764//556 770//556
f 764//557 763//557 761//557
f 764//558 761//558 768//558
f 772//559 773//559 767//559
f 775//560 771//560 776//560
f 771//561 772//561 766//561
f 787//562 786//562 788//562
f 786//563 774//563 788//563
f 774//564 775//564 778//564
f 771//565 766//565 776//565
f 764//566 768//566 770//566
f 772//567 767//567 766//567
f 790//568 789//568 787//568
f 788//569 790//569 787//569
f 767//570 770//570 766//570
f 792//571 793//571 791//571
f 791//572 788//572 774//572
f 766//573 777//573 776//573
f 776//574 778//574 775//574
f 778//575 779//575 780//575
f 778//576 780//576 774//576
f 792//577 791//577 782//577
f 791//578 774//578 781//578
f 801//579 802//579 800//579
f 802//580 795//580 800//580
f 791//581 781//581 782//581
f 781//582 774//582 780//582
f 803//583 801//583 800//583
f 795//584 792//584 796//584
f 781//585 784//585 783//585
f 784//586 785//586 783//586
f 782//587 781//587 783//587
f 798//588 799//588 794//588
f 794//589 800//589 795//589
f 792//590 782//590 796//590
f 794//591 795//591 796//591
f 818//592 819//592 798//592
f 798//593 794//593 797//593
f 794//594 796//594 797//594
f 809//595 814//595 808//595
f 814//596 818//596 808//596
f 818//597 798//597 797//597
f 804//598 805//598 807//598
f 818//599 797//599 804//599
f 804//600 807//600 806//600
f 806//601 808//601 818//601
f 810//602 820//602 823//602
f 820//603 821//603 828//603
f 822//604 825//604 827//604
f 825//605 826//605 843//605
f 820//606 828//606 823//606
f 821//607 822//607 828//607
f 814//608 809//608 815//608
f 809//609 810//609 813//609
f 815//610 809//610 811//610
f 816//611 817//611 815//611
f 811//612 809//612 813//612
f 825//613 843//613 827//613
f 828//614 822//614 827//614
f 837//615 860//615 861//615
f 826//616 837//616 847//616
f 816//617 815//617 811//617
f 813//618 812//618 811//618
f 837//619 861//619 862//619
f 828//620 824//620 823//620
f 823//621 813//621 810//621
f 837//622 862//622 848//622
f 864//623 866//623 865//623
f 843//624 826//624 847//624
f 862//625 864//625 863//625
f 864//626 865//626 863//626
f 846//627 845//627 847//627
f 845//628 843//628 847//628
f 847//629 837//629 848//629
f 862//630 863//630 867//630
f 867//631 868//631 870//631
f 868//632 869//632 870//632
f 873//633 876//633 874//633
f 876//634 878//634 877//634
f 869//635 873//635 872//635
f 870//636 869//636 872//636
f 862//637 867//637 859//637
f 848//638 862//638 859//638
f 859//639 857//639 848//639
f 870//640 871//640 859//640
f 874//641 875//641 872//641
f 877//642 874//642 876//642
f 874//643 872//643 873//643
f 878//644 879//644 877//644
f 832//645 833//645 831//645
f 831//646 830//646 829//646
f 830//647 824//647 829//647
f 824//648 828//648 829//648
f 836//649 827//649 843//649
f 836//650 843//650 838//650
f 833//651 832//651 834//651
f 832//652 835//652 834//652
f 835//653 836//653 838//653
f 839//654 842//654 841//654
f 835//655 838//655 839//655
f 841//656 840//656 839//656
f 840//657 834//657 839//657
f 848//658 857//658 849//658
f 857//659 858//659 856//659
f 856//660 855//660 849//660
f 855//661 854//661 853//661
f 849//662 855//662 853//662
f 857//663 856//663 849//663
f 854//664 852//664 853//664
f 850//665 851//665 841//665
f 852//666 850//666 844//666
f 850//667 841//667 842//667
f 844//668 850//668 842//668
f 2687//669 2685//669 2684//669
f 2685//670 2686//670 2684//670
f 2695//671 2696//671 2694//671
f 2696//672 2693//672 2694//672
f 2695//673 2694//673 2699//673
f 2693//674 2687//674 2692//674
f 2687//675 2684//675 2688//675
f 2692//676 2687//676 2688//676
f 2683//677 2682//677 2678//677
f 2682//678 2681//678 2678//678
f 2684//679 2683//679 2688//679
f 2697//680 2695//680 2699//680
f 2698//681 2697//681 2702//681
f 2681//682 2680//682 2678//682
f 2678//683 2679//683 2677//683
f 2683//684 2678//684 2673//684
f 2673//685 2678//685 2677//685
f 2683//686 2673//686 2676//686
f 2697//687 2699//687 2701//687
f 2693//688 2692//688 2694//688
f 2673//689 2670//689 2671//689
f 2709//690 2708//690 2710//690
f 2708//691 2704//691 2711//691
f 2710//692 2708//692 2711//692
f 2688//693 2683//693 2676//693
f 2670//694 2664//694 2665//694
f 2704//695 2698//695 2707//695
f 2711//696 2704//696 2712//696
f 2712//697 2713//697 2711//697
f 2712//698 2704//698 2707//698
f 2705//699 2706//699 2703//699
f 2706//700 2707//700 2698//700
f 2703//701 2706//701 2698//701
f 2701//702 2702//702 2697//702
f 2702//703 2703//703 2698//703
f 2694//704 2700//704 2699//704
f 2688//705 2691//705 2692//705
f 2667//706 2669//706 2668//706
f 2667//707 2668//707 2666//707
f 2668//708 2663//708 2666//708
f 2666//709 2663//709 2659//709
f 2663//710 2658//710 2660//710
f 2666//711 2659//711 2662//711
f 2664//712 2666//712 2662//712
f 2655//713 2654//713 2653//713
f 2654//714 2652//714 2653//714
f 2658//715 2655//715 2656//715
f 2653//716 2657//716 2655//716
f 2657//717 2656//717 2655//717
f 2690//718 2689//718 2676//718
f 2689//719 2688//719 2676//719
f 2676//720 2673//720 2674//720
f 2674//721 2673//721 2671//721
f 2671//722 2675//722 2674//722
f 2671//723 2670//723 2672//723
f 2658//724 2656//724 2660//724
f 2660//725 2659//725 2663//725
f 2659//726 2661//726 2662//726
f 2662//727 2665//727 2664//727
f 2642//728 2645//728 2644//728
f 2644//729 2646//729 2640//729
f 2642//730 2644//730 2640//730
f 2638//731 2642//731 2640//731
f 2638//732 2640//732 2635//732
f 2643//733 2641//733 2652//733
f 2641//734 2639//734 2651//734
f 2652//735 2641//735 2651//735
f 2639//736 2638//736 2650//736
f 2638//737 2635//737 2649//737
f 2634//738 2633//738 2647//738
f 2635//739 2634//739 2649//739
f 2634//740 2647//740 2649//740
f 2649//741 2650//741 2638//741
f 2650//742 2651//742 2639//742
f 2647//743 2633//743 2636//743
f 2608//744 2607//744 2609//744
f 2609//745 2610//745 2612//745
f 2610//746 2611//746 2615//746
f 2612//747 2610//747 2615//747
f 2611//748 2617//748 2616//748
f 2616//749 2618//749 2619//749
f 2619//750 2620//750 2621//750
f 2622//751 2628//751 2629//751
f 2616//752 2619//752 2623//752
f 2619//753 2621//753 2623//753
f 2622//754 2629//754 2631//754
f 2629//755 2637//755 2636//755
f 2621//756 2622//756 2627//756
f 2608//757 2609//757 2612//757
f 2611//758 2616//758 2615//758
f 2621//759 2627//759 2623//759
f 2629//760 2636//760 2633//760
f 2633//761 2632//761 2631//761
f 2631//762 2630//762 2627//762
f 2633//763 2631//763 2629//763
f 2613//764 2614//764 2612//764
f 2615//765 2613//765 2612//765
f 2622//766 2631//766 2627//766
f 2623//767 2615//767 2616//767
f 2627//768 2624//768 2623//768
f 2624//769 2626//769 2625//769
f 2562//770 2559//770 2561//770
f 2561//771 2564//771 2563//771
f 2564//772 2565//772 2563//772
f 2566//773 2571//773 2568//773
f 2571//774 2572//774 2574//774
f 2570//775 2571//775 2574//775
f 2565//776 2566//776 2567//776
f 2563//777 2562//777 2561//777
f 2568//778 2569//778 2567//778
f 2567//779 2563//779 2565//779
f 2571//780 2570//780 2568//780
f 2572//781 2573//781 2576//781
f 2568//782 2567//782 2566//782
f 2574//783 2575//783 2570//783
f 2577//784 2576//784 2573//784
f 2576//785 2574//785 2572//785
f 2580//786 2578//786 2583//786
f 2578//787 2577//787 2579//787
f 2585//788 2586//788 2580//788
f 2589//789 2588//789 2587//789
f 2588//790 2585//790 2587//790
f 2587//791 2585//791 2584//791
f 2585//792 2580//792 2584//792
f 2578//793 2579//793 2582//793
f 2578//794 2582//794 2581//794
f 2584//795 2580//795 2583//795
f 2578//796 2581//796 2583//796
f 2577//797 2573//797 2579//797
f 2591//798 2589//798 2590//798
f 2598//799 2599//799 2592//799
f 2601//800 2598//800 2600//800
f 2598//801 2592//801 2597//801
f 2589//802 2587//802 2590//802
f 2598//803 2597//803 2600//803
f 2592//804 2591//804 2595//804
f 2597//805 2592//805 2595//805
f 2608//806 2606//806 2607//806
f 2606//807 2601//807 2604//807
f 2604//808 2607//808 2606//808
f 2602//809 2605//809 2601//809
f 2605//810 2604//810 2601//810
f 2600//811 2603//811 2602//811
f 2600//812 2602//812 2601//812
f 2593//813 2596//813 2595//813
f 2591//814 2590//814 2593//814
f 2590//815 2594//815 2593//815
f 2560//816 2561//816 2559//816
f 2559//817 2556//817 2557//817
f 2556//818 2553//818 2558//818
f 2559//819 2557//819 2560//819
f 2553//820 2554//820 2552//820
f 2552//821 2551//821 2547//821
f 2551//822 2549//822 2547//822
f 2549//823 2550//823 2546//823
f 2550//824 2544//824 2546//824
f 2544//825 2542//825 2543//825
f 2542//826 2540//826 2541//826
f 2543//827 2542//827 2541//827
f 2536//828 2534//828 2537//828
f 2534//829 2532//829 2535//829
f 2537//830 2534//830 2535//830
f 2532//831 2527//831 2531//831
f 2533//832 2532//832 2531//832
f 2527//833 2525//833 2526//833
f 2525//834 2524//834 2522//834
f 2520//835 2521//835 2519//835
f 2521//836 2518//836 2519//836
f 2525//837 2522//837 2526//837
f 2524//838 2520//838 2522//838
f 2540//839 2536//839 2539//839
f 2532//840 2533//840 2535//840
f 2547//841 2549//841 2548//841
f 2553//842 2552//842 2547//842
f 2558//843 2557//843 2556//843
f 2547//844 2555//844 2553//844
f 2555//845 2558//845 2553//845
f 2546//846 2548//846 2549//846
f 2543//847 2545//847 2544//847
f 2545//848 2546//848 2544//848
f 2539//849 2541//849 2540//849
f 2537//850 2538//850 2539//850
f 2529//851 2528//851 2530//851
f 2528//852 2531//852 2527//852
f 2528//853 2527//853 2526//853
f 2530//854 2528//854 2526//854
f 2519//855 2523//855 2522//855
f 2514//856 2515//856 2518//856
f 2515//857 2519//857 2518//857
f 2518//858 2516//858 2514//858
f 2520//859 2519//859 2522//859
f 2497//860 2718//860 2719//860
f 2718//861 2716//861 2717//861
f 2719//862 2718//862 2717//862
f 2716//863 2715//863 2717//863
f 2495//864 2496//864 2485//864
f 2497//865 2719//865 2495//865
f 2489//866 2497//866 2495//866
f 2495//867 2485//867 2490//867
f 2485//868 2483//868 2484//868
f 2490//869 2485//869 2484//869
f 2489//870 2495//870 2490//870
f 2493//871 2492//871 2491//871
f 2492//872 2490//872 2491//872
f 2483//873 2481//873 2473//873
f 2491//874 2494//874 2493//874
f 2491//875 2490//875 2484//875
f 2474//876 2476//876 2472//876
f 2476//877 2477//877 2475//877
f 2481//878 2474//878 2469//878
f 2484//879 2483//879 2473//879
f 2477//880 2479//880 2478//880
f 2479//881 2480//881 2478//881
f 2473//882 2481//882 2471//882
f 2476//883 2475//883 2472//883
f 2480//884 2487//884 2482//884
f 2487//885 2486//885 2482//885
f 2488//886 2503//886 2502//886
f 2506//887 2507//887 2511//887
f 2507//888 2509//888 2511//888
f 2510//889 2514//889 2516//889
f 2509//890 2510//890 2511//890
f 2502//891 2506//891 2505//891
f 2510//892 2516//892 2513//892
f 2516//893 2517//893 2513//893
f 2506//894 2511//894 2512//894
f 2510//895 2513//895 2511//895
f 2512//896 2508//896 2506//896
f 2488//897 2502//897 2498//897
f 2506//898 2508//898 2505//898
f 2505//899 2504//899 2502//899
f 2486//900 2488//900 2482//900
f 2502//901 2504//901 2498//901
f 2469//902 2471//902 2481//902
f 2468//903 2470//903 2469//903
f 2472//904 2468//904 2474//904
f 2468//905 2469//905 2474//905
f 2477//906 2478//906 2475//906
f 2488//907 2498//907 2482//907
f 2498//908 2501//908 2500//908
f 2501//909 2499//909 2500//909
f 2498//910 2500//910 2482//910
f 2762//911 2764//911 2763//911
f 2762//912 2763//912 2758//912
f 2761//913 2755//913 2759//913
f 2755//914 2762//914 2758//914
f 2759//915 2755//915 2756//915
f 2757//916 2760//916 2759//916
f 2756//917 2755//917 2758//917
f 2751//918 2752//918 2747//918
f 2756//919 2751//919 2753//919
f 2757//920 2759//920 2756//920
f 2746//921 2754//921 2753//921
f 2753//922 2757//922 2756//922
f 2751//923 2747//923 2753//923
f 2747//924 2743//924 2748//924
f 2743//925 2741//925 2748//925
f 2741//926 2742//926 2737//926
f 2735//927 2733//927 2736//927
f 2733//928 2729//928 2731//928
f 2736//929 2733//929 2734//929
f 2741//930 2737//930 2748//930
f 2748//931 2750//931 2747//931
f 2750//932 2746//932 2747//932
f 2746//933 2753//933 2747//933
f 2744//934 2749//934 2748//934
f 2748//935 2737//935 2740//935
f 2737//936 2735//936 2738//936
f 2745//937 2744//937 2740//937
f 2744//938 2748//938 2740//938
f 2737//939 2738//939 2740//939
f 2738//940 2735//940 2736//940
f 2729//941 2727//941 2728//941
f 2727//942 2725//942 2728//942
f 2725//943 2722//943 2726//943
f 2722//944 2721//944 2723//944
f 2721//945 2716//945 2720//945
f 2716//946 2718//946 2720//946
f 2720//947 2724//947 2721//947
f 2724//948 2723//948 2721//948
f 2722//949 2723//949 2726//949
f 2728//950 2730//950 2729//950
f 2730//951 2732//951 2729//951
f 2732//952 2731//952 2729//952
f 2725//953 2726//953 2728//953
f 2731//954 2734//954 2733//954
f 2818//955 2820//955 2821//955
f 2814//956 2813//956 2811//956
f 2818//957 2821//957 2814//957
f 2817//958 2819//958 2818//958
f 2809//959 2816//959 2815//959
f 2815//960 2817//960 2811//960
f 2817//961 2818//961 2814//961
f 2811//962 2817//962 2814//962
f 2811//963 2812//963 2805//963
f 2805//964 2808//964 2804//964
f 2808//965 2806//965 2804//965
f 2811//966 2805//966 2815//966
f 2809//967 2815//967 2805//967
f 2807//968 2810//968 2809//968
f 2799//969 2807//969 2802//969
f 2807//970 2809//970 2804//970
f 2802//971 2807//971 2804//971
f 2805//972 2804//972 2809//972
f 2802//973 2803//973 2799//973
f 2803//974 2800//974 2798//974
f 2799//975 2803//975 2798//975
f 2800//976 2801//976 2793//976
f 2791//977 2792//977 2788//977
f 2800//978 2793//978 2796//978
f 2793//979 2791//979 2796//979
f 2798//980 2800//980 2796//980
f 2791//981 2788//981 2789//981
f 2796//982 2791//982 2795//982
f 2795//983 2797//983 2796//983
f 2795//984 2791//984 2789//984
f 2786//985 2783//985 2784//985
f 2783//986 2785//986 2784//986
f 2788//987 2786//987 2787//987
f 2790//988 2794//988 2795//988
f 2789//989 2788//989 2787//989
f 2781//990 2782//990 2779//990
f 2786//991 2784//991 2787//991
f 2784//992 2781//992 2787//992
f 2790//993 2795//993 2789//993
f 2772//994 2773//994 2778//994
f 2773//995 2774//995 2779//995
f 2774//996 2787//996 2781//996
f 2771//997 2770//997 2772//997
f 2773//998 2779//998 2778//998
f 2774//999 2781//999 2779//999
f 2779//1000 2780//1000 2778//1000
f 2769//1001 2771//1001 2777//1001
f 2771//1002 2772//1002 2777//1002
f 2767//1003 2769//1003 2775//1003
f 2772//1004 2778//1004 2777//1004
f 2766//1005 2767//1005 2768//1005
f 2769//1006 2777//1006 2775//1006
f 2764//1007 2762//1007 2765//1007
f 2764//1008 2765//1008 2766//1008
f 2775//1009 2776//1009 2768//1009
f 2768//1010 2764//1010 2766//1010
f 2840//1011 2838//1011 2837//1011
f 2837//1012 2833//1012 2832//1012
f 2832//1013 2830//1013 2834//1013
f 2830//1014 2828//1014 2829//1014
f 2834//1015 2830//1015 2831//1015
f 2828//1016 2827//1016 2826//1016
f 2827//1017 2820//1017 2826//1017
f 2820//1018 2818//1018 2825//1018
f 2818//1019 2822//1019 2825//1019
f 2822//1020 2823//1020 2825//1020
f 2823//1021 2824//1021 2825//1021
f 2837//1022 2832//1022 2836//1022
f 2836//1023 2832//1023 2834//1023
f 2842//1024 2840//1024 2841//1024
f 2840//1025 2837//1025 2843//1025
f 2841//1026 2840//1026 2843//1026
f 2850//1027 2851//1027 2848//1027
f 2850//1028 2848//1028 2846//1028
f 2848//1029 2842//1029 2841//1029
f 2856//1030 2855//1030 2850//1030
f 2854//1031 2856//1031 2850//1031
f 2848//1032 2841//1032 2846//1032
f 2820//1033 2825//1033 2826//1033
f 2854//1034 2850//1034 2849//1034
f 2860//1035 2858//1035 2857//1035
f 2828//1036 2826//1036 2829//1036
f 2829//1037 2831//1037 2830//1037
f 2831//1038 2835//1038 2834//1038
f 2860//1039 2857//1039 2853//1039
f 2857//1040 2854//1040 2853//1040
f 2863//1041 2862//1041 2867//1041
f 2862//1042 2861//1042 2867//1042
f 2861//1043 2860//1043 2859//1043
f 2859//1044 2860//1044 2853//1044
f 2869//1045 2864//1045 2868//1045
f 2864//1046 2863//1046 2868//1046
f 2872//1047 2873//1047 2868//1047
f 2868//1048 2863//1048 2872//1048
f 2874//1049 2872//1049 2875//1049
f 2875//1050 2872//1050 2871//1050
f 2871//1051 2876//1051 2875//1051
f 2871//1052 2872//1052 2867//1052
f 2863//1053 2867//1053 2872//1053
f 2839//1054 2845//1054 2843//1054
f 2845//1055 2844//1055 2843//1055
f 2836//1056 2839//1056 2837//1056
f 2839//1057 2843//1057 2837//1057
f 2867//1058 2870//1058 2871//1058
f 2859//1059 2867//1059 2861//1059
f 2846//1060 2847//1060 2850//1060
f 2847//1061 2849//1061 2850//1061
f 2849//1062 2852//1062 2853//1062
f 2854//1063 2849//1063 2853//1063
f 2853//1064 2866//1064 2865//1064
f 1632//1065 1633//1065 1631//1065
f 1634//1066 1632//1066 1631//1066
f 379//1067 1634//1067 1631//1067
f 379//1068 1631//1068 382//1068
f 1631//1069 1630//1069 382//1069
f 1630//1070 1628//1070 383//1070
f 383//1071 1628//1071 1624//1071
f 1628//1072 1629//1072 1626//1072
f 1629//1073 1627//1073 1626//1073
f 1626//1074 1621//1074 1628//1074
f 1621//1075 1620//1075 1624//1075
f 1628//1076 1621//1076 1624//1076
f 1618//1077 1620//1077 1619//1077
f 1619//1078 1617//1078 1616//1078
f 1615//1079 1614//1079 1613//1079
f 1619//1080 1616//1080 1612//1080
f 1616//1081 1615//1081 1612//1081
f 1620//1082 1618//1082 1624//1082
f 1618//1083 1619//1083 1612//1083
f 1615//1084 1613//1084 1610//1084
f 1613//1085 1611//1085 1609//1085
f 1610//1086 1613//1086 1609//1086
f 1608//1087 1607//1087 1609//1087
f 1611//1088 1608//1088 1609//1088
f 373//1089 379//1089 378//1089
f 371//1090 370//1090 372//1090
f 1612//1091 1615//1091 1610//1091
f 371//1092 372//1092 374//1092
f 372//1093 373//1093 376//1093
f 374//1094 375//1094 371//1094
f 376//1095 374//1095 372//1095
f 389//1096 390//1096 377//1096
f 377//1097 376//1097 384//1097
f 376//1098 373//1098 384//1098
f 389//1099 377//1099 388//1099
f 388//1100 377//1100 386//1100
f 386//1101 377//1101 384//1101
f 1618//1102 1622//1102 1624//1102
f 1622//1103 1623//1103 1624//1103
f 1630//1104 383//1104 382//1104
f 1624//1105 1625//1105 383//1105
f 382//1106 381//1106 379//1106
f 381//1107 378//1107 379//1107
f 378//1108 380//1108 385//1108
f 378//1109 385//1109 373//1109
f 385//1110 384//1110 373//1110
f 396//1111 392//1111 395//1111
f 392//1112 391//1112 393//1112
f 402//1113 401//1113 399//1113
f 401//1114 400//1114 399//1114
f 400//1115 396//1115 398//1115
f 392//1116 393//1116 395//1116
f 391//1117 388//1117 387//1117
f 404//1118 403//1118 409//1118
f 403//1119 402//1119 410//1119
f 409//1120 403//1120 410//1120
f 391//1121 387//1121 393//1121
f 387//1122 388//1122 386//1122
f 405//1123 404//1123 411//1123
f 416//1124 408//1124 405//1124
f 415//1125 417//1125 416//1125
f 419//1126 418//1126 414//1126
f 418//1127 415//1127 413//1127
f 422//1128 421//1128 424//1128
f 421//1129 419//1129 420//1129
f 424//1130 421//1130 420//1130
f 428//1131 426//1131 425//1131
f 426//1132 422//1132 425//1132
f 435//1133 436//1133 428//1133
f 437//1134 438//1134 435//1134
f 440//1135 439//1135 441//1135
f 439//1136 437//1136 432//1136
f 441//1137 439//1137 433//1137
f 433//1138 439//1138 432//1138
f 437//1139 435//1139 427//1139
f 435//1140 428//1140 427//1140
f 427//1141 428//1141 425//1141
f 442//1142 441//1142 433//1142
f 445//1143 444//1143 443//1143
f 445//1144 443//1144 442//1144
f 447//1145 448//1145 446//1145
f 446//1146 445//1146 434//1146
f 445//1147 442//1147 434//1147
f 437//1148 427//1148 432//1148
f 415//1149 416//1149 413//1149
f 416//1150 405//1150 413//1150
f 418//1151 413//1151 414//1151
f 404//1152 409//1152 411//1152
f 398//1153 396//1153 395//1153
f 393//1154 394//1154 395//1154
f 399//1155 400//1155 398//1155
f 395//1156 397//1156 398//1156
f 458//1157 459//1157 456//1157
f 459//1158 447//1158 454//1158
f 465//1159 461//1159 464//1159
f 461//1160 458//1160 464//1160
f 460//1161 464//1161 458//1161
f 463//1162 462//1162 457//1162
f 462//1163 460//1163 457//1163
f 456//1164 457//1164 460//1164
f 454//1165 455//1165 456//1165
f 454//1166 456//1166 459//1166
f 458//1167 456//1167 460//1167
f 449//1168 454//1168 447//1168
f 453//1169 452//1169 451//1169
f 452//1170 450//1170 451//1170
f 450//1171 449//1171 451//1171
f 449//1172 447//1172 446//1172
f 402//1173 399//1173 407//1173
f 407//1174 406//1174 402//1174
f 451//1175 449//1175 434//1175
f 449//1176 446//1176 434//1176
f 413//1177 405//1177 411//1177
f 406//1178 410//1178 402//1178
f 409//1179 412//1179 411//1179
f 433//1180 434//1180 442//1180
f 429//1181 431//1181 430//1181
f 431//1182 432//1182 427//1182
f 430//1183 431//1183 427//1183
f 425//1184 422//1184 424//1184
f 414//1185 420//1185 419//1185
f 1664//1186 1663//1186 1661//1186
f 1663//1187 1662//1187 1661//1187
f 1658//1188 1666//1188 1665//1188
f 1662//1189 1658//1189 1661//1189
f 1665//1190 1667//1190 1650//1190
f 1667//1191 1668//1191 1650//1191
f 1661//1192 1658//1192 1659//1192
f 1658//1193 1665//1193 1659//1193
f 1657//1194 1660//1194 1659//1194
f 1648//1195 1649//1195 1647//1195
f 1649//1196 1643//1196 1642//1196
f 1665//1197 1650//1197 1648//1197
f 1657//1198 1659//1198 1654//1198
f 1659//1199 1665//1199 1654//1199
f 1654//1200 1665//1200 1652//1200
f 1655//1201 1656//1201 1657//1201
f 1654//1202 1655//1202 1657//1202
f 1651//1203 1653//1203 1652//1203
f 1647//1204 1651//1204 1648//1204
f 1651//1205 1652//1205 1648//1205
f 1665//1206 1648//1206 1652//1206
f 1649//1207 1642//1207 1641//1207
f 1647//1208 1649//1208 1646//1208
f 1641//1209 1640//1209 1646//1209
f 1639//1210 1636//1210 1638//1210
f 1636//1211 1637//1211 1635//1211
f 1641//1212 1646//1212 1649//1212
f 1640//1213 1639//1213 1644//1213
f 1645//1214 1639//1214 1638//1214
f 1645//1215 1644//1215 1639//1215
f 1644//1216 1646//1216 1640//1216
f 1673//1217 1645//1217 1674//1217
f 1674//1218 1645//1218 1638//1218
f 1636//1219 1635//1219 1638//1219
f 1669//1220 1672//1220 1670//1220
f 1672//1221 1673//1221 1670//1221
f 1670//1222 1671//1222 1669//1222
f 1298//1223 1299//1223 1281//1223
f 1299//1224 1300//1224 1281//1224
f 1300//1225 1302//1225 1281//1225
f 1281//1226 1280//1226 1298//1226
f 1276//1227 1298//1227 1280//1227
f 1272//1228 1274//1228 1273//1228
f 1273//1229 1276//1229 1280//1229
f 1243//1230 1271//1230 1272//1230
f 1272//1231 1273//1231 1245//1231
f 1273//1232 1280//1232 1245//1232
f 1245//1233 1244//1233 1243//1233
f 1276//1234 1277//1234 1275//1234
f 1275//1235 1279//1235 1278//1235
f 1278//1236 1283//1236 1282//1236
f 1284//1237 1286//1237 1285//1237
f 1286//1238 1287//1238 1285//1238
f 1278//1239 1282//1239 1288//1239
f 1282//1240 1284//1240 1288//1240
f 1276//1241 1275//1241 1278//1241
f 1297//1242 1298//1242 1276//1242
f 1296//1243 1297//1243 1288//1243
f 1297//1244 1276//1244 1288//1244
f 1288//1245 1276//1245 1278//1245
f 1288//1246 1289//1246 1290//1246
f 1284//1247 1285//1247 1288//1247
f 1307//1248 1308//1248 1301//1248
f 1301//1249 1296//1249 1329//1249
f 1296//1250 1288//1250 1290//1250
f 1309//1251 1310//1251 1307//1251
f 1307//1252 1301//1252 1309//1252
f 1296//1253 1290//1253 1329//1253
f 1311//1254 1309//1254 1301//1254
f 1327//1255 1321//1255 1311//1255
f 1326//1256 1327//1256 1311//1256
f 1301//1257 1329//1257 1325//1257
f 1311//1258 1301//1258 1326//1258
f 1290//1259 1291//1259 1332//1259
f 1329//1260 1290//1260 1332//1260
f 1325//1261 1326//1261 1301//1261
f 1329//1262 1328//1262 1325//1262
f 1332//1263 1331//1263 1329//1263
f 1295//1264 1334//1264 1333//1264
f 1295//1265 1333//1265 1332//1265
f 1294//1266 1293//1266 1292//1266
f 1293//1267 1295//1267 1292//1267
f 1291//1268 1292//1268 1295//1268
f 1320//1269 1321//1269 1322//1269
f 1321//1270 1327//1270 1324//1270
f 1330//1271 1335//1271 1338//1271
f 1335//1272 1336//1272 1338//1272
f 1321//1273 1324//1273 1322//1273
f 1327//1274 1330//1274 1324//1274
f 1319//1275 1320//1275 1225//1275
f 1225//1276 1320//1276 1322//1276
f 1336//1277 1337//1277 1340//1277
f 1345//1278 1330//1278 1338//1278
f 1330//1279 1345//1279 1324//1279
f 1316//1280 1318//1280 1317//1280
f 1313//1281 1315//1281 1314//1281
f 1302//1282 1300//1282 1306//1282
f 1306//1283 1313//1283 1312//1283
f 1313//1284 1314//1284 1312//1284
f 1213//1285 1302//1285 1219//1285
f 1302//1286 1306//1286 1312//1286
f 1219//1287 1302//1287 1317//1287
f 1317//1288 1302//1288 1316//1288
f 1312//1289 1316//1289 1302//1289
f 1221//1290 1219//1290 1319//1290
f 1224//1291 1223//1291 1221//1291
f 1323//1292 1226//1292 1322//1292
f 1226//1293 1225//1293 1322//1293
f 1225//1294 1224//1294 1319//1294
f 1224//1295 1221//1295 1319//1295
f 1219//1296 1317//1296 1319//1296
f 1350//1297 1349//1297 1348//1297
f 1349//1298 1347//1298 1348//1298
f 1347//1299 1324//1299 1345//1299
f 1338//1300 1336//1300 1339//1300
f 1337//1301 1342//1301 1341//1301
f 1351//1302 1348//1302 1347//1302
f 1353//1303 1352//1303 1354//1303
f 1352//1304 1351//1304 1347//1304
f 1354//1305 1352//1305 1347//1305
f 1336//1306 1340//1306 1339//1306
f 1343//1307 1583//1307 1584//1307
f 1583//1308 1585//1308 1584//1308
f 1342//1309 1343//1309 1582//1309
f 1582//1310 1581//1310 1346//1310
f 1581//1311 1580//1311 1346//1311
f 1343//1312 1584//1312 1582//1312
f 1357//1313 1358//1313 1356//1313
f 1355//1314 1357//1314 1356//1314
f 1355//1315 1356//1315 1354//1315
f 1345//1316 1355//1316 1354//1316
f 1576//1317 1578//1317 1577//1317
f 1580//1318 1576//1318 1579//1318
f 1576//1319 1577//1319 1579//1319
f 1345//1320 1354//1320 1347//1320
f 1582//1321 1346//1321 1344//1321
f 1580//1322 1579//1322 1346//1322
f 1344//1323 1341//1323 1342//1323
f 1340//1324 1337//1324 1341//1324
f 1197//1325 1230//1325 1198//1325
f 1230//1326 1229//1326 1228//1326
f 1198//1327 1230//1327 1228//1327
f 1199//1328 1200//1328 1198//1328
f 1198//1329 1228//1329 1227//1329
f 1199//1330 1198//1330 1227//1330
f 1222//1331 1377//1331 1378//1331
f 1199//1332 1227//1332 1222//1332
f 1201//1333 1199//1333 1213//1333
f 1199//1334 1222//1334 1220//1334
f 1378//1335 1380//1335 1379//1335
f 1380//1336 1382//1336 1381//1336
f 1379//1337 1380//1337 1381//1337
f 1199//1338 1220//1338 1213//1338
f 1222//1339 1378//1339 1220//1339
f 1202//1340 1201//1340 1212//1340
f 1203//1341 1202//1341 1211//1341
f 1212//1342 1201//1342 1213//1342
f 1204//1343 1203//1343 1214//1343
f 1378//1344 1379//1344 1220//1344
f 1304//1345 1305//1345 1303//1345
f 1202//1346 1212//1346 1211//1346
f 1220//1347 1304//1347 1213//1347
f 1304//1348 1303//1348 1213//1348
f 1303//1349 1302//1349 1213//1349
f 1203//1350 1211//1350 1214//1350
f 1218//1351 1204//1351 1217//1351
f 1214//1352 1216//1352 1215//1352
f 1204//1353 1214//1353 1215//1353
f 1217//1354 1204//1354 1215//1354
f 1362//1355 1363//1355 1364//1355
f 1363//1356 1367//1356 1366//1356
f 1362//1357 1364//1357 1359//1357
f 1361//1358 1360//1358 1359//1358
f 1360//1359 1362//1359 1359//1359
f 1364//1360 1365//1360 1359//1360
f 1367//1361 1218//1361 1366//1361
f 1368//1362 1218//1362 1217//1362
f 1217//1363 1370//1363 1369//1363
f 1370//1364 1371//1364 1372//1364
f 1369//1365 1370//1365 1372//1365
f 1371//1366 1374//1366 1373//1366
f 1374//1367 1376//1367 1375//1367
f 1373//1368 1374//1368 1375//1368
f 1373//1369 1372//1369 1371//1369
f 1366//1370 1364//1370 1363//1370
f 1368//1371 1366//1371 1218//1371
f 1271//1372 1242//1372 1268//1372
f 1242//1373 1241//1373 1268//1373
f 1240//1374 1239//1374 1249//1374
f 1239//1375 1236//1375 1249//1375
f 1241//1376 1240//1376 1268//1376
f 1269//1377 1270//1377 1271//1377
f 1268//1378 1269//1378 1271//1378
f 1268//1379 1240//1379 1246//1379
f 1236//1380 1235//1380 1237//1380
f 1235//1381 1234//1381 1237//1381
f 1262//1382 1268//1382 1259//1382
f 1240//1383 1249//1383 1246//1383
f 1236//1384 1237//1384 1247//1384
f 1237//1385 1238//1385 1247//1385
f 1238//1386 1248//1386 1247//1386
f 1247//1387 1249//1387 1236//1387
f 1267//1388 1265//1388 1266//1388
f 1265//1389 1263//1389 1264//1389
f 1264//1390 1266//1390 1265//1390
f 1250//1391 1253//1391 1252//1391
f 1268//1392 1246//1392 1258//1392
f 1249//1393 1250//1393 1246//1393
f 1264//1394 1263//1394 1261//1394
f 1263//1395 1262//1395 1261//1395
f 1250//1396 1252//1396 1251//1396
f 1252//1397 1254//1397 1251//1397
f 1254//1398 1256//1398 1255//1398
f 1256//1399 1257//1399 1255//1399
f 1259//1400 1261//1400 1262//1400
f 1258//1401 1260//1401 1259//1401
f 1258//1402 1259//1402 1268//1402
f 1254//1403 1255//1403 1251//1403
f 1184//1404 1183//1404 1174//1404
f 1183//1405 1182//1405 1174//1405
f 1182//1406 1186//1406 1185//1406
f 1189//1407 1191//1407 1190//1407
f 1185//1408 1189//1408 1190//1408
f 1185//1409 1190//1409 1187//1409
f 1190//1410 1193//1410 1187//1410
f 1185//1411 1187//1411 1181//1411
f 1182//1412 1185//1412 1181//1412
f 1194//1413 1196//1413 1195//1413
f 1174//1414 1182//1414 1181//1414
f 1193//1415 1194//1415 1192//1415
f 1194//1416 1195//1416 1197//1416
f 1197//1417 1195//1417 1205//1417
f 1195//1418 1206//1418 1205//1418
f 1205//1419 1207//1419 1197//1419
f 1170//1420 1174//1420 1179//1420
f 1170//1421 1178//1421 1177//1421
f 1208//1422 1210//1422 1230//1422
f 1210//1423 1209//1423 1230//1423
f 1194//1424 1197//1424 1192//1424
f 1207//1425 1208//1425 1230//1425
f 1197//1426 1207//1426 1230//1426
f 1169//1427 1172//1427 1177//1427
f 1172//1428 1170//1428 1177//1428
f 1166//1429 1169//1429 1171//1429
f 1162//1430 1165//1430 1164//1430
f 1165//1431 1166//1431 1167//1431
f 1164//1432 1165//1432 1167//1432
f 1158//1433 1163//1433 1159//1433
f 1163//1434 1162//1434 1160//1434
f 1161//1435 1159//1435 1160//1435
f 1160//1436 1159//1436 1163//1436
f 1169//1437 1177//1437 1171//1437
f 1167//1438 1168//1438 1164//1438
f 1164//1439 1160//1439 1162//1439
f 1178//1440 1170//1440 1179//1440
f 1173//1441 1167//1441 1166//1441
f 1175//1442 1176//1442 1173//1442
f 1171//1443 1175//1443 1173//1443
f 1174//1444 1181//1444 1179//1444
f 1209//1445 1233//1445 1232//1445
f 1209//1446 1232//1446 1231//1446
f 1230//1447 1209//1447 1231//1447
f 1232//1448 1234//1448 1231//1448
f 1234//1449 1235//1449 1231//1449
f 1171//1450 1173//1450 1166//1450
f 1179//1451 1180//1451 1178//1451
f 1187//1452 1193//1452 1192//1452
f 1158//1453 1159//1453 1156//1453
f 1156//1454 1157//1454 1155//1454
f 1155//1455 1153//1455 1152//1455
f 1153//1456 1150//1456 1152//1456
f 1155//1457 1152//1457 1154//1457
f 1148//1458 1145//1458 1147//1458
f 1145//1459 1144//1459 1147//1459
f 1156//1460 1155//1460 1154//1460
f 1156//1461 1154//1461 1158//1461
f 1150//1462 1148//1462 1149//1462
f 1146//1463 1144//1463 1143//1463
f 1143//1464 1139//1464 1140//1464
f 1146//1465 1143//1465 1140//1465
f 1141//1466 1142//1466 1138//1466
f 1144//1467 1146//1467 1147//1467
f 1149//1468 1148//1468 1147//1468
f 1139//1469 1141//1469 1136//1469
f 1141//1470 1138//1470 1135//1470
f 1136//1471 1141//1471 1135//1471
f 1138//1472 1132//1472 1134//1472
f 1130//1473 1131//1473 1129//1473
f 1126//1474 1127//1474 1121//1474
f 1130//1475 1129//1475 1128//1475
f 1129//1476 1126//1476 1125//1476
f 1121//1477 1124//1477 1123//1477
f 1123//1478 1122//1478 1109//1478
f 1109//1479 1111//1479 1115//1479
f 1111//1480 1110//1480 1115//1480
f 1103//1481 1102//1481 1106//1481
f 1102//1482 1100//1482 1099//1482
f 1110//1483 1103//1483 1112//1483
f 1115//1484 1110//1484 1112//1484
f 1121//1485 1123//1485 1120//1485
f 1123//1486 1109//1486 1118//1486
f 1120//1487 1123//1487 1118//1487
f 1126//1488 1121//1488 1120//1488
f 1102//1489 1099//1489 1105//1489
f 1106//1490 1102//1490 1105//1490
f 1129//1491 1125//1491 1128//1491
f 1099//1492 1095//1492 1097//1492
f 1103//1493 1106//1493 1101//1493
f 1095//1494 1096//1494 1097//1494
f 1096//1495 1098//1495 1097//1495
f 1097//1496 1104//1496 1099//1496
f 1104//1497 1105//1497 1099//1497
f 1126//1498 1120//1498 1125//1498
f 1109//1499 1115//1499 1116//1499
f 1105//1500 1107//1500 1106//1500
f 1107//1501 1108//1501 1106//1501
f 1152//1502 1150//1502 1151//1502
f 1149//1503 1151//1503 1150//1503
f 1140//1504 1139//1504 1136//1504
f 1135//1505 1137//1505 1136//1505
f 1135//1506 1138//1506 1134//1506
f 1132//1507 1130//1507 1133//1507
f 1133//1508 1134//1508 1132//1508
f 1101//1509 1113//1509 1112//1509
f 1113//1510 1114//1510 1112//1510
f 1128//1511 1133//1511 1130//1511
f 1101//1512 1112//1512 1103//1512
f 1116//1513 1119//1513 1118//1513
f 1116//1514 1118//1514 1109//1514
f 1065//1515 1061//1515 1058//1515
f 1061//1516 1062//1516 1060//1516
f 1060//1517 1059//1517 1058//1517
f 1061//1518 1060//1518 1058//1518
f 1085//1519 1086//1519 1077//1519
f 1084//1520 1085//1520 1078//1520
f 1085//1521 1077//1521 1078//1521
f 1065//1522 1058//1522 1066//1522
f 1058//1523 1064//1523 1066//1523
f 1064//1524 1067//1524 1068//1524
f 1066//1525 1064//1525 1068//1525
f 1078//1526 1077//1526 1079//1526
f 1077//1527 1065//1527 1070//1527
f 1079//1528 1077//1528 1070//1528
f 1081//1529 1078//1529 1079//1529
f 1067//1530 1069//1530 1071//1530
f 1093//1531 1094//1531 1083//1531
f 1096//1532 1095//1532 1089//1532
f 1095//1533 1092//1533 1089//1533
f 1092//1534 1093//1534 1083//1534
f 1092//1535 1083//1535 1082//1535
f 1090//1536 1091//1536 1089//1536
f 1080//1537 1087//1537 1081//1537
f 1087//1538 1088//1538 1081//1538
f 1088//1539 1090//1539 1092//1539
f 1090//1540 1089//1540 1092//1540
f 1092//1541 1082//1541 1088//1541
f 1082//1542 1081//1542 1088//1542
f 1079//1543 1080//1543 1081//1543
f 1073//1544 1076//1544 1075//1544
f 1075//1545 1074//1545 293//1545
f 1073//1546 1075//1546 293//1546
f 1072//1547 1073//1547 293//1547
f 1072//1548 293//1548 287//1548
f 293//1549 290//1549 286//1549
f 287//1550 293//1550 286//1550
f 1071//1551 1072//1551 287//1551
f 1066//1552 1063//1552 1065//1552
f 1063//1553 1070//1553 1065//1553
f 278//1554 1068//1554 1067//1554
f 269//1555 276//1555 267//1555
f 276//1556 277//1556 280//1556
f 267//1557 276//1557 280//1557
f 275//1558 273//1558 272//1558
f 273//1559 271//1559 272//1559
f 272//1560 274//1560 275//1560
f 267//1561 270//1561 269//1561
f 270//1562 272//1562 271//1562
f 281//1563 280//1563 277//1563
f 279//1564 281//1564 278//1564
f 270//1565 271//1565 269//1565
f 281//1566 277//1566 278//1566
f 304//1567 286//1567 290//1567
f 279//1568 278//1568 1071//1568
f 287//1569 279//1569 1071//1569
f 301//1570 303//1570 304//1570
f 300//1571 302//1571 301//1571
f 298//1572 299//1572 300//1572
f 297//1573 298//1573 304//1573
f 298//1574 300//1574 301//1574
f 304//1575 298//1575 301//1575
f 297//1576 304//1576 291//1576
f 278//1577 1067//1577 1071//1577
f 295//1578 294//1578 292//1578
f 294//1579 296//1579 292//1579
f 291//1580 292//1580 296//1580
f 304//1581 290//1581 291//1581
f 199//1582 200//1582 313//1582
f 200//1583 201//1583 313//1583
f 197//1584 199//1584 321//1584
f 197//1585 321//1585 322//1585
f 1056//1586 1057//1586 1054//1586
f 1054//1587 197//1587 1053//1587
f 197//1588 322//1588 325//1588
f 201//1589 203//1589 313//1589
f 1055//1590 1056//1590 1054//1590
f 1052//1591 1051//1591 1055//1591
f 326//1592 1053//1592 197//1592
f 1053//1593 1050//1593 1054//1593
f 1050//1594 1052//1594 1055//1594
f 1055//1595 1054//1595 1050//1595
f 321//1596 199//1596 314//1596
f 309//1597 310//1597 286//1597
f 310//1598 289//1598 288//1598
f 310//1599 288//1599 285//1599
f 326//1600 197//1600 325//1600
f 203//1601 309//1601 305//1601
f 310//1602 285//1602 286//1602
f 288//1603 268//1603 285//1603
f 324//1604 323//1604 321//1604
f 323//1605 322//1605 321//1605
f 199//1606 313//1606 314//1606
f 268//1607 266//1607 284//1607
f 285//1608 268//1608 284//1608
f 266//1609 261//1609 265//1609
f 261//1610 255//1610 264//1610
f 265//1611 261//1611 264//1611
f 255//1612 263//1612 264//1612
f 265//1613 267//1613 280//1613
f 265//1614 280//1614 282//1614
f 282//1615 283//1615 284//1615
f 286//1616 304//1616 305//1616
f 265//1617 282//1617 284//1617
f 286//1618 305//1618 309//1618
f 265//1619 284//1619 266//1619
f 314//1620 320//1620 319//1620
f 203//1621 305//1621 307//1621
f 314//1622 319//1622 321//1622
f 313//1623 203//1623 308//1623
f 305//1624 306//1624 307//1624
f 313//1625 308//1625 312//1625
f 315//1626 316//1626 312//1626
f 312//1627 308//1627 315//1627
f 307//1628 308//1628 203//1628
f 308//1629 318//1629 317//1629
f 195//1630 194//1630 192//1630
f 192//1631 193//1631 191//1631
f 191//1632 202//1632 192//1632
f 202//1633 198//1633 192//1633
f 198//1634 199//1634 195//1634
f 199//1635 197//1635 196//1635
f 199//1636 196//1636 195//1636
f 289//1637 310//1637 311//1637
f 206//1638 205//1638 262//1638
f 205//1639 260//1639 262//1639
f 289//1640 311//1640 2877//1640
f 311//1641 206//1641 2877//1641
f 256//1642 259//1642 238//1642
f 236//1643 237//1643 228//1643
f 256//1644 238//1644 239//1644
f 238//1645 236//1645 235//1645
f 257//1646 256//1646 247//1646
f 239//1647 238//1647 235//1647
f 247//1648 256//1648 246//1648
f 236//1649 228//1649 234//1649
f 255//1650 261//1650 258//1650
f 228//1651 227//1651 231//1651
f 255//1652 258//1652 254//1652
f 258//1653 257//1653 248//1653
f 254//1654 258//1654 249//1654
f 249//1655 258//1655 248//1655
f 235//1656 236//1656 234//1656
f 254//1657 251//1657 253//1657
f 251//1658 252//1658 253//1658
f 251//1659 254//1659 249//1659
f 226//1660 223//1660 44//1660
f 248//1661 257//1661 247//1661
f 227//1662 226//1662 230//1662
f 226//1663 44//1663 230//1663
f 44//1664 349//1664 230//1664
f 349//1665 350//1665 351//1665
f 230//1666 349//1666 351//1666
f 248//1667 250//1667 249//1667
f 350//1668 366//1668 365//1668
f 368//1669 369//1669 367//1669
f 366//1670 368//1670 367//1670
f 366//1671 367//1671 365//1671
f 350//1672 365//1672 360//1672
f 362//1673 364//1673 363//1673
f 365//1674 362//1674 360//1674
f 246//1675 256//1675 239//1675
f 244//1676 245//1676 246//1676
f 241//1677 243//1677 242//1677
f 242//1678 244//1678 241//1678
f 244//1679 246//1679 239//1679
f 241//1680 244//1680 239//1680
f 351//1681 350//1681 360//1681
f 362//1682 363//1682 359//1682
f 362//1683 359//1683 360//1683
f 239//1684 240//1684 241//1684
f 360//1685 361//1685 358//1685
f 357//1686 355//1686 353//1686
f 355//1687 356//1687 354//1687
f 353//1688 355//1688 354//1688
f 360//1689 358//1689 351//1689
f 358//1690 357//1690 352//1690
f 352//1691 357//1691 353//1691
f 231//1692 232//1692 228//1692
f 232//1693 234//1693 228//1693
f 358//1694 352//1694 351//1694
f 233//1695 231//1695 227//1695
f 165//1696 163//1696 190//1696
f 163//1697 210//1697 191//1697
f 190//1698 163//1698 191//1698
f 210//1699 212//1699 204//1699
f 167//1700 165//1700 190//1700
f 215//1701 216//1701 2878//1701
f 216//1702 218//1702 217//1702
f 178//1703 167//1703 179//1703
f 216//1704 217//1704 2878//1704
f 2878//1705 238//1705 260//1705
f 238//1706 259//1706 260//1706
f 260//1707 205//1707 215//1707
f 205//1708 204//1708 212//1708
f 212//1709 215//1709 205//1709
f 215//1710 2878//1710 260//1710
f 204//1711 202//1711 210//1711
f 202//1712 191//1712 210//1712
f 167//1713 190//1713 186//1713
f 190//1714 187//1714 186//1714
f 187//1715 189//1715 186//1715
f 189//1716 188//1716 186//1716
f 186//1717 184//1717 185//1717
f 186//1718 185//1718 179//1718
f 179//1719 167//1719 186//1719
f 183//1720 182//1720 180//1720
f 182//1721 181//1721 180//1721
f 181//1722 178//1722 180//1722
f 50//1723 47//1723 48//1723
f 48//1724 49//1724 51//1724
f 50//1725 48//1725 51//1725
f 50//1726 51//1726 221//1726
f 51//1727 208//1727 221//1727
f 59//1728 60//1728 61//1728
f 65//1729 64//1729 68//1729
f 64//1730 59//1730 68//1730
f 68//1731 66//1731 65//1731
f 75//1732 72//1732 73//1732
f 72//1733 70//1733 76//1733
f 73//1734 72//1734 76//1734
f 70//1735 68//1735 61//1735
f 61//1736 68//1736 59//1736
f 61//1737 54//1737 70//1737
f 70//1738 54//1738 76//1738
f 54//1739 53//1739 76//1739
f 207//1740 76//1740 53//1740
f 161//1741 207//1741 53//1741
f 161//1742 53//1742 52//1742
f 157//1743 159//1743 158//1743
f 159//1744 160//1744 158//1744
f 157//1745 158//1745 155//1745
f 160//1746 161//1746 209//1746
f 161//1747 52//1747 211//1747
f 211//1748 52//1748 213//1748
f 52//1749 50//1749 213//1749
f 213//1750 50//1750 221//1750
f 148//1751 152//1751 153//1751
f 152//1752 156//1752 153//1752
f 147//1753 142//1753 153//1753
f 142//1754 148//1754 153//1754
f 149//1755 150//1755 147//1755
f 153//1756 154//1756 151//1756
f 151//1757 149//1757 147//1757
f 156//1758 157//1758 155//1758
f 153//1759 151//1759 147//1759
f 155//1760 153//1760 156//1760
f 158//1761 160//1761 163//1761
f 162//1762 158//1762 163//1762
f 161//1763 211//1763 209//1763
f 208//1764 224//1764 222//1764
f 164//1765 162//1765 163//1765
f 225//1766 44//1766 223//1766
f 224//1767 225//1767 223//1767
f 224//1768 223//1768 222//1768
f 160//1769 209//1769 163//1769
f 208//1770 222//1770 221//1770
f 177//1771 176//1771 175//1771
f 176//1772 170//1772 175//1772
f 221//1773 219//1773 214//1773
f 213//1774 221//1774 214//1774
f 219//1775 220//1775 218//1775
f 175//1776 170//1776 174//1776
f 170//1777 164//1777 173//1777
f 173//1778 174//1778 170//1778
f 168//1779 173//1779 164//1779
f 219//1780 218//1780 214//1780
f 169//1781 172//1781 171//1781
f 171//1782 168//1782 166//1782
f 168//1783 164//1783 166//1783
f 218//1784 216//1784 214//1784
f 169//1785 171//1785 166//1785
f 210//1786 163//1786 209//1786
f 40//1787 41//1787 45//1787
f 46//1788 56//1788 55//1788
f 40//1789 45//1789 46//1789
f 38//1790 40//1790 55//1790
f 40//1791 46//1791 55//1791
f 39//1792 38//1792 347//1792
f 38//1793 55//1793 37//1793
f 38//1794 37//1794 347//1794
f 55//1795 57//1795 37//1795
f 58//1796 59//1796 64//1796
f 64//1797 63//1797 58//1797
f 63//1798 30//1798 35//1798
f 63//1799 35//1799 36//1799
f 57//1800 58//1800 63//1800
f 57//1801 63//1801 36//1801
f 37//1802 57//1802 36//1802
f 347//1803 37//1803 346//1803
f 37//1804 345//1804 346//1804
f 42//1805 39//1805 348//1805
f 349//1806 44//1806 43//1806
f 229//1807 349//1807 43//1807
f 338//1808 340//1808 339//1808
f 338//1809 339//1809 337//1809
f 339//1810 335//1810 337//1810
f 343//1811 338//1811 342//1811
f 332//1812 333//1812 330//1812
f 338//1813 337//1813 341//1813
f 335//1814 332//1814 334//1814
f 229//1815 43//1815 42//1815
f 348//1816 229//1816 42//1816
f 335//1817 334//1817 336//1817
f 332//1818 330//1818 329//1818
f 334//1819 332//1819 329//1819
f 330//1820 331//1820 329//1820
f 331//1821 328//1821 329//1821
f 328//1822 327//1822 329//1822
f 336//1823 337//1823 335//1823
f 341//1824 342//1824 338//1824
f 347//1825 348//1825 39//1825
f 343//1826 342//1826 344//1826
f 343//1827 344//1827 345//1827
f 72//1828 75//1828 74//1828
f 75//1829 79//1829 77//1829
f 74//1830 75//1830 77//1830
f 79//1831 78//1831 80//1831
f 81//1832 138//1832 135//1832
f 138//1833 137//1833 135//1833
f 79//1834 80//1834 77//1834
f 80//1835 81//1835 82//1835
f 77//1836 80//1836 82//1836
f 82//1837 81//1837 110//1837
f 112//1838 81//1838 135//1838
f 110//1839 83//1839 82//1839
f 126//1840 114//1840 112//1840
f 112//1841 110//1841 81//1841
f 130//1842 126//1842 131//1842
f 126//1843 112//1843 135//1843
f 131//1844 126//1844 134//1844
f 132//1845 133//1845 130//1845
f 135//1846 134//1846 126//1846
f 131//1847 132//1847 130//1847
f 137//1848 139//1848 136//1848
f 141//1849 142//1849 146//1849
f 142//1850 147//1850 146//1850
f 137//1851 136//1851 135//1851
f 139//1852 141//1852 146//1852
f 136//1853 139//1853 146//1853
f 143//1854 144//1854 140//1854
f 143//1855 140//1855 145//1855
f 140//1856 136//1856 145//1856
f 84//1857 86//1857 12//1857
f 12//1858 13//1858 11//1858
f 95//1859 84//1859 71//1859
f 84//1860 12//1860 62//1860
f 95//1861 71//1861 97//1861
f 99//1862 100//1862 97//1862
f 97//1863 113//1863 104//1863
f 113//1864 97//1864 71//1864
f 12//1865 11//1865 62//1865
f 101//1866 99//1866 97//1866
f 104//1867 101//1867 97//1867
f 11//1868 10//1868 63//1868
f 71//1869 84//1869 69//1869
f 7//1870 8//1870 6//1870
f 104//1871 113//1871 115//1871
f 7//1872 6//1872 9//1872
f 6//1873 4//1873 9//1873
f 105//1874 104//1874 115//1874
f 10//1875 7//1875 9//1875
f 4//1876 5//1876 2//1876
f 2//1877 1//1877 3//1877
f 2//1878 3//1878 4//1878
f 3//1879 9//1879 4//1879
f 106//1880 105//1880 107//1880
f 107//1881 105//1881 115//1881
f 108//1882 109//1882 107//1882
f 16//1883 17//1883 15//1883
f 10//1884 9//1884 14//1884
f 9//1885 16//1885 15//1885
f 14//1886 9//1886 15//1886
f 108//1887 107//1887 115//1887
f 119//1888 120//1888 108//1888
f 123//1889 122//1889 121//1889
f 119//1890 108//1890 116//1890
f 123//1891 121//1891 124//1891
f 121//1892 119//1892 124//1892
f 108//1893 115//1893 116//1893
f 14//1894 18//1894 19//1894
f 19//1895 20//1895 24//1895
f 20//1896 21//1896 24//1896
f 14//1897 19//1897 30//1897
f 10//1898 14//1898 30//1898
f 19//1899 24//1899 30//1899
f 21//1900 22//1900 23//1900
f 26//1901 28//1901 27//1901
f 26//1902 27//1902 25//1902
f 22//1903 26//1903 25//1903
f 22//1904 25//1904 23//1904
f 129//1905 128//1905 127//1905
f 128//1906 125//1906 127//1906
f 114//1907 126//1907 125//1907
f 126//1908 127//1908 125//1908
f 118//1909 117//1909 124//1909
f 117//1910 114//1910 124//1910
f 114//1911 125//1911 124//1911
f 116//1912 118//1912 119//1912
f 118//1913 124//1913 119//1913
f 21//1914 23//1914 24//1914
f 30//1915 24//1915 29//1915
f 29//1916 32//1916 31//1916
f 32//1917 33//1917 31//1917
f 33//1918 34//1918 31//1918
f 30//1919 63//1919 10//1919
f 63//1920 62//1920 11//1920
f 29//1921 31//1921 30//1921
f 69//1922 84//1922 62//1922
f 62//1923 65//1923 67//1923
f 65//1924 66//1924 67//1924
f 83//1925 110//1925 111//1925
f 111//1926 113//1926 71//1926
f 62//1927 67//1927 69//1927
f 1558//1928 1556//1928 1564//1928
f 1563//1929 1562//1929 1561//1929
f 1558//1930 1564//1930 1560//1930
f 1564//1931 1563//1931 1560//1931
f 1561//1932 1562//1932 1570//1932
f 1562//1933 1571//1933 1570//1933
f 1574//1934 1575//1934 1572//1934
f 1572//1935 1570//1935 1569//1935
f 1570//1936 1571//1936 1568//1936
f 1570//1937 1568//1937 1569//1937
f 1573//1938 1574//1938 1572//1938
f 94//1939 1567//1939 1566//1939
f 1567//1940 1569//1940 1568//1940
f 1566//1941 1567//1941 1568//1941
f 1569//1942 1573//1942 1572//1942
f 91//1943 90//1943 92//1943
f 90//1944 89//1944 87//1944
f 88//1945 12//1945 86//1945
f 90//1946 87//1946 92//1946
f 89//1947 88//1947 87//1947
f 85//1948 92//1948 87//1948
f 96//1949 95//1949 84//1949
f 85//1950 92//1950 93//1950
f 96//1951 84//1951 85//1951
f 102//1952 98//1952 96//1952
f 1590//1953 103//1953 102//1953
f 1592//1954 1591//1954 96//1954
f 1591//1955 1590//1955 96//1955
f 1557//1956 1552//1956 1592//1956
f 1565//1957 1564//1957 1557//1957
f 93//1958 94//1958 1565//1958
f 96//1959 85//1959 1592//1959
f 85//1960 93//1960 1557//1960
f 1590//1961 102//1961 96//1961
f 1557//1962 1592//1962 85//1962
f 1544//1963 1543//1963 1541//1963
f 1543//1964 1551//1964 1535//1964
f 1541//1965 1543//1965 1539//1965
f 1537//1966 1543//1966 1535//1966
f 1540//1967 1542//1967 1541//1967
f 1537//1968 1539//1968 1543//1968
f 1539//1969 1540//1969 1541//1969
f 1532//1970 1538//1970 1537//1970
f 1532//1971 1537//1971 1533//1971
f 1531//1972 1532//1972 1534//1972
f 1537//1973 1535//1973 1533//1973
f 1525//1974 1526//1974 1527//1974
f 1527//1975 1531//1975 1530//1975
f 1525//1976 1527//1976 1529//1976
f 1532//1977 1533//1977 1534//1977
f 1525//1978 1529//1978 1521//1978
f 1521//1979 1524//1979 1525//1979
f 1517//1980 1518//1980 1519//1980
f 1517//1981 1519//1981 1516//1981
f 1519//1982 1521//1982 1520//1982
f 1516//1983 1519//1983 1520//1983
f 1514//1984 1515//1984 1516//1984
f 1515//1985 1517//1985 1516//1985
f 1506//1986 1509//1986 1508//1986
f 1509//1987 1511//1987 1508//1987
f 1503//1988 1506//1988 1505//1988
f 1503//1989 1500//1989 1498//1989
f 1511//1990 1514//1990 1512//1990
f 1512//1991 1514//1991 1516//1991
f 1559//1992 1557//1992 1564//1992
f 1556//1993 1555//1993 1554//1993
f 1555//1994 1553//1994 1554//1994
f 1559//1995 1564//1995 1556//1995
f 1554//1996 1559//1996 1556//1996
f 1502//1997 1504//1997 1503//1997
f 1493//1998 1497//1998 1494//1998
f 1497//1999 1498//1999 1494//1999
f 1494//2000 1498//2000 1499//2000
f 1498//2001 1502//2001 1503//2001
f 1500//2002 1503//2002 1505//2002
f 1498//2003 1500//2003 1499//2003
f 1551//2004 1554//2004 1553//2004
f 1535//2005 1536//2005 1533//2005
f 1551//2006 1553//2006 1535//2006
f 1489//2007 1496//2007 1495//2007
f 1495//2008 1493//2008 1492//2008
f 1505//2009 1506//2009 1508//2009
f 1534//2010 1530//2010 1531//2010
f 1485//2011 1488//2011 1486//2011
f 1488//2012 1489//2012 1487//2012
f 1486//2013 1488//2013 1487//2013
f 1483//2014 1484//2014 1481//2014
f 1484//2015 1485//2015 1481//2015
f 1480//2016 1479//2016 1483//2016
f 1477//2017 1480//2017 1478//2017
f 1480//2018 1483//2018 1478//2018
f 1489//2019 1495//2019 1490//2019
f 1473//2020 1472//2020 1470//2020
f 1472//2021 1471//2021 1470//2021
f 1483//2022 1481//2022 1478//2022
f 1481//2023 1485//2023 1486//2023
f 1471//2024 1477//2024 1474//2024
f 1527//2025 1530//2025 1529//2025
f 1529//2026 1528//2026 1520//2026
f 1528//2027 1522//2027 1520//2027
f 1466//2028 1470//2028 1468//2028
f 1470//2029 1471//2029 1468//2029
f 1466//2030 1468//2030 1465//2030
f 1456//2031 1467//2031 1466//2031
f 1453//2032 1455//2032 1461//2032
f 1455//2033 1456//2033 1462//2033
f 1448//2034 1450//2034 1449//2034
f 1450//2035 1452//2035 1451//2035
f 1448//2036 1449//2036 1447//2036
f 1446//2037 1448//2037 1447//2037
f 1449//2038 1450//2038 1451//2038
f 1442//2039 1444//2039 1445//2039
f 1444//2040 1446//2040 1445//2040
f 1440//2041 1443//2041 1441//2041
f 1443//2042 1442//2042 1441//2042
f 1434//2043 1437//2043 1435//2043
f 1437//2044 1438//2044 1436//2044
f 1435//2045 1437//2045 1436//2045
f 1431//2046 1434//2046 1432//2046
f 1431//2047 1428//2047 1429//2047
f 1428//2048 1431//2048 1433//2048
f 1431//2049 1432//2049 1433//2049
f 1426//2050 1430//2050 1429//2050
f 1426//2051 1429//2051 1428//2051
f 1425//2052 1426//2052 1427//2052
f 1419//2053 1422//2053 1417//2053
f 1422//2054 1423//2054 1417//2054
f 1426//2055 1428//2055 1427//2055
f 1438//2056 1440//2056 1439//2056
f 1423//2057 1425//2057 1424//2057
f 1421//2058 1423//2058 1424//2058
f 1410//2059 1420//2059 1419//2059
f 1409//2060 1412//2060 1413//2060
f 1412//2061 1410//2061 1413//2061
f 1408//2062 1411//2062 1409//2062
f 1403//2063 1406//2063 1404//2063
f 1406//2064 1408//2064 1407//2064
f 1404//2065 1406//2065 1407//2065
f 1399//2066 1401//2066 1400//2066
f 1401//2067 1403//2067 1402//2067
f 1400//2068 1401//2068 1402//2068
f 1396//2069 1398//2069 1397//2069
f 1398//2070 1399//2070 1397//2070
f 1389//2071 1392//2071 1390//2071
f 1392//2072 1391//2072 1390//2072
f 1391//2073 1396//2073 1394//2073
f 1391//2074 1394//2074 1390//2074
f 1408//2075 1409//2075 1413//2075
f 1389//2076 1390//2076 1388//2076
f 1387//2077 1389//2077 1388//2077
f 1387//2078 1388//2078 1386//2078
f 1407//2079 1408//2079 1413//2079
f 1410//2080 1419//2080 1416//2080
f 1423//2081 1421//2081 1417//2081
f 1394//2082 1396//2082 1397//2082
f 1385//2083 1383//2083 1384//2083
f 1383//2084 1386//2084 1384//2084
f 1388//2085 1384//2085 1386//2085
f 1395//2086 1393//2086 1390//2086
f 1400//2087 1397//2087 1399//2087
f 1394//2088 1395//2088 1390//2088
f 1452//2089 1453//2089 1454//2089
f 1456//2090 1466//2090 1464//2090
f 1455//2091 1462//2091 1461//2091
f 1452//2092 1454//2092 1451//2092
f 1474//2093 1477//2093 1476//2093
f 1521//2094 1529//2094 1520//2094
f 1522//2095 1523//2095 1520//2095
f 1476//2096 1477//2096 1478//2096
f 1442//2097 1445//2097 1441//2097
f 1445//2098 1446//2098 1447//2098
f 1512//2099 1513//2099 1510//2099
f 1512//2100 1510//2100 1511//2100
f 1508//2101 1507//2101 1505//2101
f 1510//2102 1508//2102 1511//2102
f 1500//2103 1501//2103 1499//2103
f 1402//2104 1403//2104 1404//2104
f 1404//2105 1405//2105 1402//2105
f 1413//2106 1414//2106 1407//2106
f 1413//2107 1410//2107 1415//2107
f 1416//2108 1415//2108 1410//2108
f 1418//2109 1416//2109 1419//2109
f 1417//2110 1418//2110 1419//2110
f 1427//2111 1424//2111 1425//2111
f 1435//2112 1432//2112 1434//2112
f 1439//2113 1436//2113 1438//2113
f 1441//2114 1439//2114 1440//2114
f 1457//2115 1458//2115 1454//2115
f 1459//2116 1460//2116 1457//2116
f 1462//2117 1463//2117 1461//2117
f 1461//2118 1459//2118 1457//2118
f 1461//2119 1457//2119 1454//2119
f 1465//2120 1464//2120 1466//2120
f 1464//2121 1462//2121 1456//2121
f 1461//2122 1454//2122 1453//2122
f 1474//2123 1475//2123 1469//2123
f 1474//2124 1469//2124 1471//2124
f 1469//2125 1468//2125 1471//2125
f 1494//2126 1492//2126 1493//2126
f 1492//2127 1490//2127 1495//2127
f 1490//2128 1491//2128 1487//2128
f 1490//2129 1487//2129 1489//2129
f 1543//2130 1545//2130 1548//2130
f 1545//2131 1546//2131 1548//2131
f 1543//2132 1548//2132 1551//2132
f 1548//2133 1546//2133 1547//2133
f 1549//2134 1548//2134 1547//2134
f 1602//2135 1601//2135 1598//2135
f 1601//2136 1600//2136 1598//2136
f 1549//2137 1547//2137 1595//2137
f 1547//2138 1602//2138 1595//2138
f 1592//2139 1552//2139 1594//2139
f 1552//2140 1550//2140 1594//2140
f 1550//2141 1549//2141 1595//2141
f 1600//2142 1599//2142 1596//2142
f 1598//2143 1600//2143 1596//2143
f 1605//2144 1606//2144 1603//2144
f 1595//2145 1602//2145 1597//2145
f 1599//2146 1605//2146 1589//2146
f 1605//2147 1603//2147 1589//2147
f 1603//2148 1604//2148 1589//2148
f 1586//2149 1587//2149 103//2149
f 1587//2150 1588//2150 103//2150
f 1599//2151 1589//2151 1596//2151
f 1589//2152 1586//2152 1593//2152
f 1596//2153 1589//2153 1593//2153
f 1598//2154 1597//2154 1602//2154
f 1595//2155 1594//2155 1550//2155
f 1586//2156 103//2156 1590//2156
f 1727//2157 1720//2157 1724//2157
f 1720//2158 1718//2158 1721//2158
f 1724//2159 1720//2159 1721//2159
f 1716//2160 1717//2160 1702//2160
f 1726//2161 1727//2161 1724//2161
f 1716//2162 1702//2162 1710//2162
f 1702//2163 1699//2163 1701//2163
f 1716//2164 1710//2164 1715//2164
f 1725//2165 1726//2165 1724//2165
f 1718//2166 1716//2166 1715//2166
f 1699//2167 1700//2167 1694//2167
f 1692//2168 1693//2168 1679//2168
f 1693//2169 1678//2169 1675//2169
f 1699//2170 1694//2170 1697//2170
f 1693//2171 1675//2171 1679//2171
f 1678//2172 1682//2172 1675//2172
f 1710//2173 1702//2173 1711//2173
f 1682//2174 1683//2174 1684//2174
f 1718//2175 1715//2175 1719//2175
f 1694//2176 1692//2176 1681//2176
f 1734//2177 1733//2177 1732//2177
f 1733//2178 1725//2178 1731//2178
f 1731//2179 1732//2179 1733//2179
f 1722//2180 1723//2180 1721//2180
f 1723//2181 1724//2181 1721//2181
f 1724//2182 1731//2182 1725//2182
f 1683//2183 1687//2183 1685//2183
f 1687//2184 1686//2184 1685//2184
f 1690//2185 1691//2185 1689//2185
f 1682//2186 1684//2186 1676//2186
f 1686//2187 1690//2187 1688//2187
f 1690//2188 1689//2188 1688//2188
f 1688//2189 1685//2189 1686//2189
f 1683//2190 1685//2190 1684//2190
f 1719//2191 1721//2191 1718//2191
f 1682//2192 1676//2192 1675//2192
f 1676//2193 1677//2193 1675//2193
f 1679//2194 1680//2194 1681//2194
f 1679//2195 1681//2195 1692//2195
f 1702//2196 1701//2196 1711//2196
f 1699//2197 1697//2197 1701//2197
f 1681//2198 1695//2198 1694//2198
f 1694//2199 1695//2199 1697//2199
f 1713//2200 1714//2200 1712//2200
f 1698//2201 1709//2201 1707//2201
f 1709//2202 1708//2202 1707//2202
f 1707//2203 1703//2203 1705//2203
f 1703//2204 1706//2204 1705//2204
f 1695//2205 1698//2205 1696//2205
f 1698//2206 1707//2206 1704//2206
f 1696//2207 1698//2207 1704//2207
f 1705//2208 1704//2208 1707//2208
f 1713//2209 1712//2209 1711//2209
f 1712//2210 1710//2210 1711//2210
f 1736//2211 1733//2211 1744//2211
f 1733//2212 1734//2212 1735//2212
f 1744//2213 1733//2213 1735//2213
f 1744//2214 1745//2214 1736//2214
f 1753//2215 1752//2215 1749//2215
f 1752//2216 1750//2216 1749//2216
f 1743//2217 1744//2217 1740//2217
f 1744//2218 1735//2218 1740//2218
f 1750//2219 1743//2219 1749//2219
f 1740//2220 1741//2220 1742//2220
f 1742//2221 1747//2221 1746//2221
f 1747//2222 1748//2222 1746//2222
f 1746//2223 1749//2223 1742//2223
f 1749//2224 1743//2224 1742//2224
f 1720//2225 1727//2225 1728//2225
f 1720//2226 1728//2226 1729//2226
f 1728//2227 1730//2227 1729//2227
f 1737//2228 1738//2228 1730//2228
f 1738//2229 1729//2229 1730//2229
f 1755//2230 1756//2230 1751//2230
f 1755//2231 1751//2231 1754//2231
f 1751//2232 1745//2232 1754//2232
f 1755//2233 1754//2233 1757//2233
f 1737//2234 1730//2234 1755//2234
f 1739//2235 1737//2235 1755//2235
f 1745//2236 1750//2236 1754//2236
f 1750//2237 1752//2237 1754//2237
f 1757//2238 1758//2238 1763//2238
f 1758//2239 1759//2239 1763//2239
f 1757//2240 1763//2240 1762//2240
f 1739//2241 1755//2241 1757//2241
f 1769//2242 1768//2242 1764//2242
f 1768//2243 1766//2243 1764//2243
f 1766//2244 1739//2244 1764//2244
f 1739//2245 1757//2245 1762//2245
f 1762//2246 1764//2246 1739//2246
f 1759//2247 1761//2247 1760//2247
f 1759//2248 1760//2248 1763//2248
f 1760//2249 2039//2249 1763//2249
f 1767//2250 1765//2250 2039//2250
f 1765//2251 1763//2251 2039//2251
f 1767//2252 2039//2252 2037//2252
f 2037//2253 2035//2253 1814//2253
f 2037//2254 1814//2254 1771//2254
f 1814//2255 1813//2255 1771//2255
f 1813//2256 1811//2256 1774//2256
f 1811//2257 1812//2257 1804//2257
f 1812//2258 1806//2258 1804//2258
f 1806//2259 1808//2259 1807//2259
f 1808//2260 1810//2260 1809//2260
f 1807//2261 1808//2261 1809//2261
f 1803//2262 1801//2262 1802//2262
f 1801//2263 1799//2263 1802//2263
f 1806//2264 1807//2264 1804//2264
f 1807//2265 1803//2265 1804//2265
f 1803//2266 1802//2266 1804//2266
f 1771//2267 1767//2267 2037//2267
f 1811//2268 1804//2268 1774//2268
f 2041//2269 2039//2269 2040//2269
f 2039//2270 1760//2270 2040//2270
f 2043//2271 2041//2271 2042//2271
f 2041//2272 2040//2272 2042//2272
f 2042//2273 2044//2273 2043//2273
f 2044//2274 2034//2274 2046//2274
f 2043//2275 2044//2275 2046//2275
f 1814//2276 2035//2276 2036//2276
f 2035//2277 2038//2277 2036//2277
f 1815//2278 1814//2278 2029//2278
f 2038//2279 2043//2279 2046//2279
f 2046//2280 2047//2280 2045//2280
f 2016//2281 1815//2281 2017//2281
f 1814//2282 2036//2282 2029//2282
f 1991//2283 2016//2283 2017//2283
f 2038//2284 2046//2284 2045//2284
f 2038//2285 2045//2285 2036//2285
f 1984//2286 1983//2286 1985//2286
f 2018//2287 1989//2287 1991//2287
f 1989//2288 1984//2288 1985//2288
f 1989//2289 1985//2289 1991//2289
f 1815//2290 2029//2290 2027//2290
f 2029//2291 2030//2291 2027//2291
f 1815//2292 2027//2292 2017//2292
f 1992//2293 1986//2293 1990//2293
f 1992//2294 1990//2294 1993//2294
f 1997//2295 1996//2295 1995//2295
f 1996//2296 1994//2296 1995//2296
f 1994//2297 1992//2297 1993//2297
f 1995//2298 1989//2298 1997//2298
f 1989//2299 2018//2299 1997//2299
f 1994//2300 1993//2300 1995//2300
f 2018//2301 2020//2301 1997//2301
f 2019//2302 1997//2302 2020//2302
f 2019//2303 2020//2303 2022//2303
f 2031//2304 2028//2304 2026//2304
f 2028//2305 2023//2305 2026//2305
f 2049//2306 2033//2306 2048//2306
f 2033//2307 2031//2307 2032//2307
f 2048//2308 2033//2308 2032//2308
f 2052//2309 2051//2309 2050//2309
f 2051//2310 2048//2310 2050//2310
f 2032//2311 2031//2311 2026//2311
f 2034//2312 2044//2312 2048//2312
f 2044//2313 2050//2313 2048//2313
f 2032//2314 2034//2314 2048//2314
f 2021//2315 2019//2315 2022//2315
f 2024//2316 2025//2316 2026//2316
f 2021//2317 2022//2317 2023//2317
f 2022//2318 2024//2318 2023//2318
f 1998//2319 2003//2319 2002//2319
f 1999//2320 2004//2320 2001//2320
f 2004//2321 2005//2321 2006//2321
f 2001//2322 2004//2322 2006//2322
f 1998//2323 2002//2323 1999//2323
f 1984//2324 1990//2324 1983//2324
f 1990//2325 1986//2325 1987//2325
f 1983//2326 1990//2326 1987//2326
f 1986//2327 1998//2327 1988//2327
f 1998//2328 1999//2328 1988//2328
f 2005//2329 2009//2329 2006//2329
f 2009//2330 2008//2330 2007//2330
f 1977//2331 1981//2331 1980//2331
f 1981//2332 1983//2332 1982//2332
f 1980//2333 1981//2333 1982//2333
f 1978//2334 1979//2334 1977//2334
f 1980//2335 1978//2335 1977//2335
f 2008//2336 2011//2336 2010//2336
f 2011//2337 2013//2337 2012//2337
f 2010//2338 2011//2338 2012//2338
f 2013//2339 2014//2339 2012//2339
f 2014//2340 2015//2340 2012//2340
f 2009//2341 2007//2341 2006//2341
f 1988//2342 1987//2342 1986//2342
f 1987//2343 1982//2343 1983//2343
f 2010//2344 2007//2344 2008//2344
f 2001//2345 2000//2345 1999//2345
f 1964//2346 1961//2346 1963//2346
f 1961//2347 1962//2347 1963//2347
f 1967//2348 1968//2348 1965//2348
f 1965//2349 1964//2349 1963//2349
f 1966//2350 1967//2350 1965//2350
f 1962//2351 1961//2351 1960//2351
f 1961//2352 1952//2352 1960//2352
f 1951//2353 1950//2353 1830//2353
f 1950//2354 1947//2354 1832//2354
f 1960//2355 1952//2355 1953//2355
f 1952//2356 1951//2356 1955//2356
f 1953//2357 1952//2357 1955//2357
f 1957//2358 1958//2358 1956//2358
f 1958//2359 1953//2359 1956//2359
f 1947//2360 1948//2360 1949//2360
f 1947//2361 1949//2361 1832//2361
f 1953//2362 1955//2362 1956//2362
f 1950//2363 1832//2363 1830//2363
f 1955//2364 1951//2364 1831//2364
f 1827//2365 1829//2365 1828//2365
f 1829//2366 1831//2366 1828//2366
f 1831//2367 1951//2367 1830//2367
f 1825//2368 1827//2368 1822//2368
f 1831//2369 1830//2369 1828//2369
f 1827//2370 1828//2370 1822//2370
f 1818//2371 1825//2371 1821//2371
f 1825//2372 1822//2372 1821//2372
f 1821//2373 1823//2373 1818//2373
f 1823//2374 1824//2374 1834//2374
f 1818//2375 1823//2375 1834//2375
f 1817//2376 1818//2376 1834//2376
f 1798//2377 1805//2377 1797//2377
f 1805//2378 1816//2378 1819//2378
f 1797//2379 1805//2379 1800//2379
f 1816//2380 1817//2380 1834//2380
f 1824//2381 1826//2381 1848//2381
f 1834//2382 1824//2382 1841//2382
f 1799//2383 1801//2383 1798//2383
f 1833//2384 1861//2384 1860//2384
f 1833//2385 1860//2385 1850//2385
f 1860//2386 1863//2386 1862//2386
f 1850//2387 1860//2387 1866//2387
f 1864//2388 1874//2388 1873//2388
f 1826//2389 1833//2389 1849//2389
f 1863//2390 1864//2390 1869//2390
f 1864//2391 1873//2391 1876//2391
f 1876//2392 1873//2392 1878//2392
f 1873//2393 1879//2393 1881//2393
f 1879//2394 1880//2394 1881//2394
f 1793//2395 1799//2395 1798//2395
f 1779//2396 1793//2396 1783//2396
f 1793//2397 1798//2397 1794//2397
f 1783//2398 1793//2398 1794//2398
f 1800//2399 1805//2399 1819//2399
f 1769//2400 1770//2400 1772//2400
f 1770//2401 1773//2401 1772//2401
f 1768//2402 1769//2402 1772//2402
f 1775//2403 1776//2403 1772//2403
f 1772//2404 1773//2404 1775//2404
f 1773//2405 1779//2405 1781//2405
f 1775//2406 1773//2406 1781//2406
f 1778//2407 1775//2407 1777//2407
f 1788//2408 1787//2408 1785//2408
f 1784//2409 1788//2409 1785//2409
f 1791//2410 1790//2410 1784//2410
f 1971//2411 1969//2411 1791//2411
f 1973//2412 1972//2412 1970//2412
f 1970//2413 1971//2413 1791//2413
f 1791//2414 1784//2414 1789//2414
f 1784//2415 1785//2415 1786//2415
f 1789//2416 1784//2416 1786//2416
f 1785//2417 1778//2417 1782//2417
f 1973//2418 1970//2418 1974//2418
f 1970//2419 1791//2419 1789//2419
f 1975//2420 1974//2420 1976//2420
f 1976//2421 1974//2421 1789//2421
f 1789//2422 1974//2422 1970//2422
f 1782//2423 1786//2423 1785//2423
f 1781//2424 1780//2424 1775//2424
f 1780//2425 1777//2425 1775//2425
f 1794//2426 1795//2426 1792//2426
f 1797//2427 1796//2427 1794//2427
f 1819//2428 1820//2428 1800//2428
f 1842//2429 1840//2429 1839//2429
f 1840//2430 1838//2430 1837//2430
f 1839//2431 1840//2431 1837//2431
f 1856//2432 1857//2432 1854//2432
f 1858//2433 1856//2433 1855//2433
f 1856//2434 1854//2434 1855//2434
f 1855//2435 1859//2435 1858//2435
f 1852//2436 1851//2436 1842//2436
f 1851//2437 1853//2437 1842//2437
f 1855//2438 1854//2438 1853//2438
f 1854//2439 1842//2439 1853//2439
f 1839//2440 1852//2440 1842//2440
f 1835//2441 1836//2441 1837//2441
f 1835//2442 1837//2442 1838//2442
f 1835//2443 1838//2443 1819//2443
f 1835//2444 1819//2444 1816//2444
f 1834//2445 1835//2445 1816//2445
f 1794//2446 1792//2446 1783//2446
f 1797//2447 1794//2447 1798//2447
f 1845//2448 1846//2448 1844//2448
f 1848//2449 1847//2449 1824//2449
f 1847//2450 1843//2450 1841//2450
f 1843//2451 1845//2451 1844//2451
f 1843//2452 1844//2452 1841//2452
f 1849//2453 1848//2453 1826//2453
f 1847//2454 1841//2454 1824//2454
f 1866//2455 1867//2455 1850//2455
f 1850//2456 1849//2456 1833//2456
f 1865//2457 1868//2457 1866//2457
f 1865//2458 1866//2458 1860//2458
f 1870//2459 1871//2459 1862//2459
f 1862//2460 1865//2460 1860//2460
f 1862//2461 1863//2461 1870//2461
f 1869//2462 1872//2462 1870//2462
f 1869//2463 1870//2463 1863//2463
f 1877//2464 1875//2464 1876//2464
f 1875//2465 1869//2465 1876//2465
f 1876//2466 1869//2466 1864//2466
f 1881//2467 1882//2467 1878//2467
f 1883//2468 1884//2468 1881//2468
f 1885//2469 1883//2469 1880//2469
f 1883//2470 1881//2470 1880//2470
f 1887//2471 1889//2471 1890//2471
f 1887//2472 1890//2472 1910//2472
f 1890//2473 1891//2473 1914//2473
f 1917//2474 1920//2474 1918//2474
f 1920//2475 1921//2475 1919//2475
f 1919//2476 1923//2476 1922//2476
f 1923//2477 1924//2477 1922//2477
f 1920//2478 1919//2478 1918//2478
f 1916//2479 1917//2479 1915//2479
f 1924//2480 1927//2480 1925//2480
f 1927//2481 1926//2481 1928//2481
f 1777//2482 1782//2482 1778//2482
f 1927//2483 1928//2483 1925//2483
f 1925//2484 1922//2484 1924//2484
f 1783//2485 1781//2485 1779//2485
f 1892//2486 1893//2486 1888//2486
f 1896//2487 1895//2487 1892//2487
f 1894//2488 1896//2488 1892//2488
f 1892//2489 1888//2489 1887//2489
f 1888//2490 1885//2490 1886//2490
f 1894//2491 1892//2491 1906//2491
f 1888//2492 1886//2492 1887//2492
f 1906//2493 1892//2493 1887//2493
f 1898//2494 1899//2494 1897//2494
f 1897//2495 1894//2495 1906//2495
f 1898//2496 1897//2496 1900//2496
f 1903//2497 1902//2497 1904//2497
f 1902//2498 1901//2498 1904//2498
f 1901//2499 1898//2499 1900//2499
f 1897//2500 1906//2500 1900//2500
f 1929//2501 1930//2501 1909//2501
f 1930//2502 1903//2502 1905//2502
f 1909//2503 1930//2503 1905//2503
f 1937//2504 1936//2504 1939//2504
f 1936//2505 1934//2505 1935//2505
f 1934//2506 1929//2506 1931//2506
f 1929//2507 1909//2507 1931//2507
f 1943//2508 1940//2508 1942//2508
f 1940//2509 1937//2509 1938//2509
f 1942//2510 1940//2510 1941//2510
f 1936//2511 1935//2511 1939//2511
f 1935//2512 1934//2512 1933//2512
f 1941//2513 1940//2513 1938//2513
f 1945//2514 1946//2514 1944//2514
f 1945//2515 1944//2515 1941//2515
f 1944//2516 1942//2516 1941//2516
f 1881//2517 1878//2517 1873//2517
f 1885//2518 1880//2518 1886//2518
f 1939//2519 1938//2519 1937//2519
f 1910//2520 1890//2520 1912//2520
f 1906//2521 1887//2521 1907//2521
f 1931//2522 1932//2522 1934//2522
f 1932//2523 1933//2523 1934//2523
f 1919//2524 1922//2524 1918//2524
f 1905//2525 1903//2525 1904//2525
f 1900//2526 1904//2526 1901//2526
f 1908//2527 1907//2527 1887//2527
f 1912//2528 1890//2528 1914//2528
f 1910//2529 1911//2529 1908//2529
f 1891//2530 1916//2530 1915//2530
f 1917//2531 1918//2531 1915//2531
f 1910//2532 1908//2532 1887//2532
f 1912//2533 1913//2533 1910//2533
f 2083//2534 2084//2534 2086//2534
f 2084//2535 2087//2535 2088//2535
f 2087//2536 2089//2536 2090//2536
f 2089//2537 2092//2537 2090//2537
f 2092//2538 2093//2538 2091//2538
f 2093//2539 2095//2539 2094//2539
f 2097//2540 2117//2540 2105//2540
f 2117//2541 2116//2541 2105//2541
f 2093//2542 2094//2542 2091//2542
f 2095//2543 2097//2543 2096//2543
f 2094//2544 2095//2544 2096//2544
f 2084//2545 2088//2545 2086//2545
f 2088//2546 2087//2546 2090//2546
f 2082//2547 2083//2547 2099//2547
f 2090//2548 2092//2548 2091//2548
f 2079//2549 2080//2549 2081//2549
f 2079//2550 2081//2550 2075//2550
f 2081//2551 2082//2551 2098//2551
f 2079//2552 2075//2552 2074//2552
f 2077//2553 2078//2553 2072//2553
f 2078//2554 2079//2554 2073//2554
f 2072//2555 2078//2555 2073//2555
f 2071//2556 2072//2556 2065//2556
f 2068//2557 2070//2557 2071//2557
f 2064//2558 2069//2558 2068//2558
f 2058//2559 2062//2559 2063//2559
f 2063//2560 2064//2560 2071//2560
f 2064//2561 2068//2561 2071//2561
f 2059//2562 2058//2562 2053//2562
f 2058//2563 2063//2563 2057//2563
f 2053//2564 2058//2564 2057//2564
f 2055//2565 2054//2565 2053//2565
f 2063//2566 2071//2566 2065//2566
f 2072//2567 2073//2567 2065//2567
f 2055//2568 2053//2568 2056//2568
f 2057//2569 2063//2569 2060//2569
f 2057//2570 2056//2570 2053//2570
f 2060//2571 2061//2571 2057//2571
f 2067//2572 2066//2572 2060//2572
f 2065//2573 2067//2573 2060//2573
f 2060//2574 2063//2574 2065//2574
f 2073//2575 2079//2575 2074//2575
f 2279//2576 2280//2576 2281//2576
f 2280//2577 2076//2577 2281//2577
f 2116//2578 2118//2578 2119//2578
f 2120//2579 2121//2579 2115//2579
f 2121//2580 2126//2580 2115//2580
f 2116//2581 2119//2581 2113//2581
f 2119//2582 2120//2582 2115//2582
f 2119//2583 2115//2583 2113//2583
f 2126//2584 2127//2584 2125//2584
f 2283//2585 2279//2585 2284//2585
f 2284//2586 2282//2586 2283//2586
f 2281//2587 2284//2587 2279//2587
f 2075//2588 2281//2588 2076//2588
f 2126//2589 2125//2589 2122//2589
f 2115//2590 2126//2590 2122//2590
f 2125//2591 2128//2591 2123//2591
f 2075//2592 2076//2592 2074//2592
f 2098//2593 2075//2593 2081//2593
f 2129//2594 2130//2594 2131//2594
f 2135//2595 2137//2595 2134//2595
f 2137//2596 2138//2596 2136//2596
f 2129//2597 2131//2597 2314//2597
f 2131//2598 2135//2598 2314//2598
f 2129//2599 2314//2599 2313//2599
f 2128//2600 2129//2600 2313//2600
f 2137//2601 2136//2601 2134//2601
f 2138//2602 2139//2602 2136//2602
f 2139//2603 2141//2603 2142//2603
f 2145//2604 2148//2604 2146//2604
f 2148//2605 2149//2605 2147//2605
f 2146//2606 2148//2606 2147//2606
f 2139//2607 2142//2607 2140//2607
f 2136//2608 2139//2608 2140//2608
f 2149//2609 2151//2609 2147//2609
f 2151//2610 2150//2610 2147//2610
f 2146//2611 2144//2611 2145//2611
f 2144//2612 2143//2612 2142//2612
f 2144//2613 2142//2613 2145//2613
f 2143//2614 2140//2614 2142//2614
f 2134//2615 2315//2615 2135//2615
f 2315//2616 2314//2616 2135//2616
f 2101//2617 2100//2617 2099//2617
f 2099//2618 2098//2618 2082//2618
f 2311//2619 2312//2619 2310//2619
f 2128//2620 2313//2620 2311//2620
f 2101//2621 2099//2621 2085//2621
f 2086//2622 2099//2622 2083//2622
f 2086//2623 2085//2623 2099//2623
f 2128//2624 2311//2624 2124//2624
f 2311//2625 2310//2625 2132//2625
f 2309//2626 2308//2626 2296//2626
f 2308//2627 2307//2627 2300//2627
f 2308//2628 2300//2628 2296//2628
f 2307//2629 2301//2629 2302//2629
f 2302//2630 2301//2630 2303//2630
f 2304//2631 2306//2631 2305//2631
f 2301//2632 2304//2632 2303//2632
f 2304//2633 2305//2633 2303//2633
f 2302//2634 2300//2634 2307//2634
f 2309//2635 2296//2635 2295//2635
f 2310//2636 2309//2636 2295//2636
f 2310//2637 2295//2637 2292//2637
f 2295//2638 2294//2638 2292//2638
f 2311//2639 2132//2639 2124//2639
f 2292//2640 2294//2640 2290//2640
f 2294//2641 2289//2641 2290//2641
f 2103//2642 2104//2642 2096//2642
f 2291//2643 2320//2643 2318//2643
f 2318//2644 2319//2644 2316//2644
f 2316//2645 2317//2645 2318//2645
f 2317//2646 2288//2646 2318//2646
f 2285//2647 2287//2647 2286//2647
f 2288//2648 2285//2648 2291//2648
f 2285//2649 2286//2649 2291//2649
f 2286//2650 2290//2650 2289//2650
f 2291//2651 2318//2651 2288//2651
f 2289//2652 2291//2652 2286//2652
f 2103//2653 2096//2653 2105//2653
f 2096//2654 2097//2654 2105//2654
f 2108//2655 2107//2655 2106//2655
f 2107//2656 2102//2656 2106//2656
f 2102//2657 2103//2657 2105//2657
f 2292//2658 2293//2658 2297//2658
f 2293//2659 2298//2659 2297//2659
f 2310//2660 2292//2660 2297//2660
f 2132//2661 2310//2661 2297//2661
f 2109//2662 2108//2662 2106//2662
f 2297//2663 2299//2663 2132//2663
f 2132//2664 2133//2664 2124//2664
f 2106//2665 2102//2665 2110//2665
f 2110//2666 2102//2666 2111//2666
f 2111//2667 2112//2667 2110//2667
f 2111//2668 2102//2668 2105//2668
f 2113//2669 2114//2669 2116//2669
f 2114//2670 2105//2670 2116//2670
f 2128//2671 2124//2671 2123//2671
f 2194//2672 2195//2672 2177//2672
f 2174//2673 2176//2673 2175//2673
f 2194//2674 2177//2674 2178//2674
f 2177//2675 2174//2675 2178//2675
f 2198//2676 2197//2676 2196//2676
f 2196//2677 2194//2677 2189//2677
f 2189//2678 2186//2678 2187//2678
f 2174//2679 2175//2679 2170//2679
f 2169//2680 2168//2680 2167//2680
f 2168//2681 2165//2681 2164//2681
f 2174//2682 2170//2682 2173//2682
f 2170//2683 2169//2683 2173//2683
f 2198//2684 2196//2684 2200//2684
f 2186//2685 2189//2685 2194//2685
f 2200//2686 2196//2686 2189//2686
f 2204//2687 2199//2687 2201//2687
f 2199//2688 2198//2688 2201//2688
f 2200//2689 2201//2689 2198//2689
f 2192//2690 2190//2690 2191//2690
f 2190//2691 2200//2691 2191//2691
f 2191//2692 2193//2692 2192//2692
f 2189//2693 2191//2693 2200//2693
f 2186//2694 2188//2694 2187//2694
f 2168//2695 2164//2695 2167//2695
f 2165//2696 2166//2696 2164//2696
f 2161//2697 2158//2697 2160//2697
f 2158//2698 2157//2698 2160//2698
f 2166//2699 2161//2699 2159//2699
f 2164//2700 2166//2700 2159//2700
f 2186//2701 2194//2701 2184//2701
f 2194//2702 2178//2702 2184//2702
f 2178//2703 2174//2703 2173//2703
f 2157//2704 2155//2704 2152//2704
f 2160//2705 2157//2705 2152//2705
f 2180//2706 2185//2706 2184//2706
f 2155//2707 2156//2707 2153//2707
f 2178//2708 2180//2708 2184//2708
f 2181//2709 2183//2709 2179//2709
f 2173//2710 2169//2710 2171//2710
f 2181//2711 2179//2711 2182//2711
f 2179//2712 2178//2712 2182//2712
f 2173//2713 2182//2713 2178//2713
f 2167//2714 2172//2714 2171//2714
f 2167//2715 2171//2715 2169//2715
f 2162//2716 2163//2716 2159//2716
f 2163//2717 2164//2717 2159//2717
f 2155//2718 2153//2718 2150//2718
f 2153//2719 2154//2719 2150//2719
f 2150//2720 2151//2720 2155//2720
f 2151//2721 2152//2721 2155//2721
f 2373//2722 2387//2722 2383//2722
f 2387//2723 2384//2723 2383//2723
f 2384//2724 2386//2724 2385//2724
f 2382//2725 2381//2725 2379//2725
f 2384//2726 2385//2726 2382//2726
f 2378//2727 2370//2727 2379//2727
f 2370//2728 2380//2728 2379//2728
f 2380//2729 2383//2729 2382//2729
f 2383//2730 2384//2730 2382//2730
f 2357//2731 2355//2731 2356//2731
f 2355//2732 2354//2732 2356//2732
f 2354//2733 2372//2733 2371//2733
f 2371//2734 2370//2734 2376//2734
f 2370//2735 2378//2735 2376//2735
f 2378//2736 2377//2736 2376//2736
f 2376//2737 2375//2737 2369//2737
f 2375//2738 2374//2738 2369//2738
f 2354//2739 2371//2739 2359//2739
f 2356//2740 2354//2740 2359//2740
f 2371//2741 2376//2741 2367//2741
f 2376//2742 2369//2742 2367//2742
f 2358//2743 2356//2743 2359//2743
f 2360//2744 2362//2744 2361//2744
f 2359//2745 2360//2745 2358//2745
f 2360//2746 2361//2746 2358//2746
f 2371//2747 2367//2747 2363//2747
f 2367//2748 2364//2748 2363//2748
f 2364//2749 2366//2749 2365//2749
f 2364//2750 2365//2750 2363//2750
f 2350//2751 2466//2751 2464//2751
f 2466//2752 2467//2752 2464//2752
f 2464//2753 2465//2753 2350//2753
f 2465//2754 2461//2754 2350//2754
f 2348//2755 2351//2755 2346//2755
f 2351//2756 2349//2756 2346//2756
f 2349//2757 2350//2757 2458//2757
f 2350//2758 2461//2758 2460//2758
f 2461//2759 2462//2759 2460//2759
f 2462//2760 2463//2760 2460//2760
f 2343//2761 2346//2761 2417//2761
f 2346//2762 2349//2762 2417//2762
f 2350//2763 2460//2763 2458//2763
f 2458//2764 2459//2764 2457//2764
f 2345//2765 2343//2765 2417//2765
f 2419//2766 2254//2766 2418//2766
f 2418//2767 2345//2767 2415//2767
f 2349//2768 2458//2768 2455//2768
f 2458//2769 2457//2769 2455//2769
f 2455//2770 2456//2770 2450//2770
f 2415//2771 2419//2771 2418//2771
f 2417//2772 2416//2772 2415//2772
f 2449//2773 2422//2773 2448//2773
f 2422//2774 2420//2774 2448//2774
f 2417//2775 2415//2775 2345//2775
f 2420//2776 2417//2776 2349//2776
f 2448//2777 2420//2777 2450//2777
f 2451//2778 2452//2778 2449//2778
f 2453//2779 2454//2779 2451//2779
f 2448//2780 2453//2780 2451//2780
f 2451//2781 2449//2781 2448//2781
f 2349//2782 2455//2782 2450//2782
f 2387//2783 2373//2783 2388//2783
f 2373//2784 2372//2784 2389//2784
f 2388//2785 2373//2785 2389//2785
f 2372//2786 2354//2786 2353//2786
f 2352//2787 2351//2787 2348//2787
f 2372//2788 2353//2788 2347//2788
f 2353//2789 2352//2789 2348//2789
f 2347//2790 2353//2790 2348//2790
f 2390//2791 2391//2791 2388//2791
f 2392//2792 2393//2792 2389//2792
f 2389//2793 2390//2793 2388//2793
f 2344//2794 2342//2794 2337//2794
f 2372//2795 2347//2795 2368//2795
f 2389//2796 2372//2796 2392//2796
f 2347//2797 2344//2797 2368//2797
f 2344//2798 2337//2798 2395//2798
f 2337//2799 2396//2799 2395//2799
f 2344//2800 2395//2800 2368//2800
f 2392//2801 2372//2801 2368//2801
f 2395//2802 2397//2802 2394//2802
f 2398//2803 2399//2803 2394//2803
f 2394//2804 2368//2804 2395//2804
f 2400//2805 2398//2805 2397//2805
f 2398//2806 2394//2806 2397//2806
f 2404//2807 2402//2807 2403//2807
f 2402//2808 2400//2808 2401//2808
f 2403//2809 2402//2809 2401//2809
f 2400//2810 2397//2810 2401//2810
f 2406//2811 2403//2811 2405//2811
f 2414//2812 2413//2812 2412//2812
f 2413//2813 2406//2813 2409//2813
f 2409//2814 2412//2814 2413//2814
f 2411//2815 2410//2815 2407//2815
f 2410//2816 2409//2816 2407//2816
f 2405//2817 2408//2817 2407//2817
f 2403//2818 2401//2818 2405//2818
f 2405//2819 2407//2819 2406//2819
f 2439//2820 2437//2820 2446//2820
f 2437//2821 2438//2821 2424//2821
f 2437//2822 2424//2822 2446//2822
f 2438//2823 2432//2823 2425//2823
f 2424//2824 2438//2824 2425//2824
f 2443//2825 2440//2825 2442//2825
f 2440//2826 2439//2826 2441//2826
f 2442//2827 2440//2827 2441//2827
f 2442//2828 2444//2828 2443//2828
f 2446//2829 2445//2829 2441//2829
f 2441//2830 2439//2830 2446//2830
f 2433//2831 2436//2831 2435//2831
f 2447//2832 2446//2832 2424//2832
f 2433//2833 2435//2833 2434//2833
f 2449//2834 2447//2834 2422//2834
f 2422//2835 2447//2835 2423//2835
f 2433//2836 2434//2836 2431//2836
f 2432//2837 2433//2837 2431//2837
f 2431//2838 2429//2838 2428//2838
f 2429//2839 2430//2839 2428//2839
f 2447//2840 2424//2840 2423//2840
f 2432//2841 2431//2841 2427//2841
f 2254//2842 2419//2842 2249//2842
f 2419//2843 2421//2843 2251//2843
f 2249//2844 2419//2844 2251//2844
f 2421//2845 2422//2845 2423//2845
f 2431//2846 2428//2846 2427//2846
f 2427//2847 2426//2847 2432//2847
f 2426//2848 2425//2848 2432//2848
f 2249//2849 2255//2849 2254//2849
f 2243//2850 2248//2850 2249//2850
f 2247//2851 2243//2851 2249//2851
f 2421//2852 2423//2852 2251//2852
f 2225//2853 2237//2853 2235//2853
f 2237//2854 2238//2854 2236//2854
f 2237//2855 2236//2855 2235//2855
f 2234//2856 2233//2856 2231//2856
f 2233//2857 2230//2857 2231//2857
f 2235//2858 2236//2858 2234//2858
f 2219//2859 2232//2859 2227//2859
f 2232//2860 2231//2860 2230//2860
f 2227//2861 2232//2861 2230//2861
f 2231//2862 2235//2862 2234//2862
f 2227//2863 2229//2863 2228//2863
f 2228//2864 2220//2864 2227//2864
f 2220//2865 2218//2865 2227//2865
f 2218//2866 2216//2866 2217//2866
f 2218//2867 2217//2867 2219//2867
f 2213//2868 2216//2868 2215//2868
f 2215//2869 2214//2869 2213//2869
f 2214//2870 2205//2870 2211//2870
f 2205//2871 2204//2871 2211//2871
f 2204//2872 2210//2872 2211//2872
f 2221//2873 2217//2873 2212//2873
f 2217//2874 2216//2874 2213//2874
f 2212//2875 2217//2875 2213//2875
f 2212//2876 2204//2876 2201//2876
f 2201//2877 2222//2877 2212//2877
f 2222//2878 2223//2878 2221//2878
f 2212//2879 2222//2879 2221//2879
f 2223//2880 2224//2880 2221//2880
f 2242//2881 2260//2881 2244//2881
f 2260//2882 2253//2882 2244//2882
f 2207//2883 2274//2883 2203//2883
f 2274//2884 2275//2884 2209//2884
f 2207//2885 2203//2885 2206//2885
f 2275//2886 2242//2886 2226//2886
f 2242//2887 2244//2887 2226//2887
f 2245//2888 2246//2888 2248//2888
f 2246//2889 2250//2889 2248//2889
f 2244//2890 2245//2890 2240//2890
f 2244//2891 2239//2891 2226//2891
f 2206//2892 2276//2892 2207//2892
f 2202//2893 2274//2893 2209//2893
f 2203//2894 2208//2894 2206//2894
f 2190//2895 2192//2895 2202//2895
f 2202//2896 2203//2896 2274//2896
f 2209//2897 2190//2897 2202//2897
f 2222//2898 2201//2898 2275//2898
f 2201//2899 2209//2899 2275//2899
f 2225//2900 2224//2900 2226//2900
f 2226//2901 2222//2901 2275//2901
f 2239//2902 2244//2902 2240//2902
f 2225//2903 2226//2903 2239//2903
f 2239//2904 2237//2904 2225//2904
f 2245//2905 2248//2905 2241//2905
f 2248//2906 2243//2906 2241//2906
f 2339//2907 2254//2907 2255//2907
f 2250//2908 2246//2908 2336//2908
f 2246//2909 2252//2909 2335//2909
f 2339//2910 2255//2910 2250//2910
f 2341//2911 2340//2911 2339//2911
f 2343//2912 2345//2912 2341//2912
f 2338//2913 2337//2913 2336//2913
f 2337//2914 2342//2914 2336//2914
f 2342//2915 2343//2915 2341//2915
f 2341//2916 2339//2916 2342//2916
f 2339//2917 2250//2917 2342//2917
f 2252//2918 2253//2918 2257//2918
f 2253//2919 2260//2919 2257//2919
f 2246//2920 2335//2920 2336//2920
f 2336//2921 2342//2921 2250//2921
f 2336//2922 2334//2922 2338//2922
f 2258//2923 2331//2923 2256//2923
f 2331//2924 2335//2924 2256//2924
f 2257//2925 2259//2925 2256//2925
f 2256//2926 2335//2926 2252//2926
f 2324//2927 2321//2927 2323//2927
f 2322//2928 2325//2928 2327//2928
f 2325//2929 2326//2929 2327//2929
f 2324//2930 2323//2930 2322//2930
f 2266//2931 2324//2931 2322//2931
f 2266//2932 2322//2932 2327//2932
f 2326//2933 2330//2933 2329//2933
f 2327//2934 2326//2934 2329//2934
f 2330//2935 2333//2935 2332//2935
f 2333//2936 2334//2936 2332//2936
f 2334//2937 2336//2937 2332//2937
f 2332//2938 2329//2938 2330//2938
f 2328//2939 2331//2939 2258//2939
f 2328//2940 2258//2940 2264//2940
f 2264//2941 2259//2941 2263//2941
f 2259//2942 2257//2942 2261//2942
f 2259//2943 2261//2943 2263//2943
f 2327//2944 2328//2944 2266//2944
f 2328//2945 2264//2945 2266//2945
f 2270//2946 2271//2946 2269//2946
f 2273//2947 2272//2947 2269//2947
f 2272//2948 2270//2948 2269//2948
f 2277//2949 2278//2949 2276//2949
f 2278//2950 2273//2950 2276//2950
f 2207//2951 2276//2951 2268//2951
f 2268//2952 2276//2952 2273//2952
f 2267//2953 2268//2953 2273//2953
f 2264//2954 2263//2954 2266//2954
f 2261//2955 2262//2955 2265//2955
f 2263//2956 2261//2956 2265//2956
f 2262//2957 2267//2957 2265//2957
f 2273//2958 2269//2958 2265//2958
l 2210 2212
l 1953 1959
l 1954 1955
