# Blender 4.1.1
# www.blender.org
mtllib CaveBNavMesh_Fixed.mtl
o CaveBNavMesh_ScaledMesh
v -1.407593 35.578693 151.367264
v -0.945679 35.579899 151.658569
v -2.288818 35.362019 152.768768
v -3.119995 35.770634 151.562485
v -2.219727 35.862499 149.827148
v -1.116089 35.663532 150.452835
v -4.354858 35.755901 151.521545
v -2.936279 36.097157 148.152435
v -3.204590 35.977924 149.573151
v -0.579590 36.029339 148.477936
v 0.000000 35.823849 149.124908
v -2.345947 36.317577 147.131348
v -0.347046 36.153271 147.218872
v -2.466309 36.363247 145.071045
v -1.081299 36.237705 146.208527
v -1.079834 36.247280 145.052002
v -4.391479 35.845875 149.482513
v -3.662231 35.985470 148.514618
v -4.354858 35.937931 150.165588
v -2.520264 36.338474 144.182312
v -2.943359 36.321163 144.099213
v -2.965454 36.265041 143.068481
v -0.197510 36.071239 143.208221
v -0.450073 36.155048 144.453552
v -2.065674 36.286762 143.252716
v -0.480713 36.046612 141.786285
v -1.246460 36.021114 140.145905
v -1.915161 36.053875 139.659698
v -2.715210 36.230518 142.088562
v -3.935303 36.092937 141.956696
v -3.115845 36.196522 141.043457
v -3.877075 36.137844 140.268127
v -2.840942 36.168934 137.950134
v -1.933472 36.069172 138.862183
v -4.651001 36.125378 138.381012
v -4.451172 36.051762 140.260101
v -5.609619 36.219288 137.063080
v -5.341919 36.360111 136.047150
v -6.213867 36.320499 136.533478
v -7.616089 36.747875 134.991455
v -7.161011 36.692051 134.901154
v -3.650146 36.192692 137.064789
v -2.534546 36.177921 137.042053
v -6.273071 36.905766 132.991669
v -7.670898 36.983036 133.845551
v -6.721436 37.431271 130.958069
v -6.087402 37.357494 131.912231
v -8.925171 37.534740 132.602386
v -8.477783 37.233166 133.422394
v -7.935059 37.727840 130.422485
v -9.211548 38.169445 129.770172
v -8.689209 38.038723 129.598236
v -9.987793 37.917995 131.888031
v -10.684937 38.105633 131.972992
v -11.001831 38.489819 130.821869
v -11.920166 38.902660 130.516693
v -10.831055 38.852627 129.223999
v -10.947754 39.151134 128.141479
v -12.972168 39.373684 130.013062
v -12.207886 39.649746 128.140045
v -14.314087 40.443203 128.176270
v -11.534912 39.456875 127.849579
v -10.696411 39.263638 126.997711
v -11.732788 39.768917 126.868286
v -12.170898 40.045662 126.165863
v -13.136597 40.452827 125.822083
v -12.642090 39.953106 127.515656
v -16.776245 41.605572 127.583008
v -16.213989 41.242733 128.156830
v -14.686523 41.151115 125.554138
v -16.673462 42.349159 124.230957
v -18.242676 42.404324 126.687897
v -17.897461 42.116085 127.444672
v -19.450439 42.987053 126.032562
v -17.318115 42.673409 124.541260
v -18.440674 43.187843 124.316864
v -19.112671 43.320107 124.513336
v -18.498901 43.370155 123.763489
v -18.434204 43.274162 123.127838
v -19.192993 43.556374 123.061584
v -19.840332 43.604439 124.029907
v -19.999146 43.883827 122.182251
v -20.229492 43.226036 126.149384
v -21.542603 44.017021 124.889069
v -20.970825 44.135155 123.164703
v -21.216309 44.304085 122.773956
v -22.599243 44.745796 122.992920
v -21.562866 44.333687 123.302277
v -23.803345 44.821922 124.076508
v -23.416870 44.624596 124.837891
v -23.459229 45.021690 121.611023
v -23.970703 45.131660 121.784668
v -24.861572 45.211449 123.681091
v -25.436401 45.722923 120.296265
v -26.115601 45.881508 120.662903
v -27.774292 46.039650 123.341431
v -25.751831 45.401848 123.864990
v -27.062622 45.820580 123.920776
v -27.525146 46.167580 120.140472
v -28.727661 46.357475 120.365845
v -30.059570 46.507820 122.056946
v -29.096802 46.283714 122.880341
v -30.910522 46.883629 120.504333
v -29.431396 46.655067 119.880249
v -30.965820 46.641243 121.854889
v -31.701660 46.868675 120.848083
v -31.889160 47.119164 119.109131
v -32.996460 46.994377 120.889069
v -33.800415 47.249290 118.097260
v -30.997559 47.025414 118.466858
v -34.269653 47.161339 120.098450
v -36.049072 47.406685 118.664886
v -36.218262 47.346275 119.280518
v -4.763428 34.779774 156.702576
v -3.880249 34.777905 157.213699
v -4.322998 34.772800 157.456436
v -5.313354 34.693684 156.686310
v -4.877197 34.761990 155.734192
v -6.166992 34.550976 157.061401
v -6.751099 34.722424 154.631195
v -5.515503 34.921253 154.084534
v -3.098633 34.913517 155.256638
v -2.862671 35.134197 153.597443
v -4.653564 35.124424 153.098831
v -5.085327 35.358036 152.086060
v -4.624878 35.860317 150.580917
v -4.995483 35.652065 150.203491
v -5.901855 35.150448 150.083527
v -5.586182 35.446575 150.725830
v -8.728027 34.607571 155.036575
v -8.845337 34.634342 154.328018
v -8.998047 34.327030 157.328110
v -8.684082 34.334385 157.829224
v -9.199829 34.525349 155.838577
v -9.407837 34.645741 154.565491
v -10.304199 34.392452 156.167496
v -9.892944 34.340694 157.303802
v -10.091797 34.557217 155.234421
v -10.868652 34.348408 156.196030
v -10.867310 34.438732 155.589371
v -11.234985 34.134533 158.445755
v -10.636353 34.595287 154.521927
v -9.877686 34.645321 153.853928
v -9.893799 34.616650 153.344879
v -10.780273 34.676685 153.320724
v -11.959595 34.406017 155.947861
v -11.296753 34.473515 155.086914
v -11.541138 34.552280 154.576462
v -12.602173 34.498478 155.130020
v -12.896118 34.132687 159.704224
v -13.136475 34.440533 156.671295
v -12.592529 34.525013 156.004990
v -14.325439 34.430721 156.500854
v -13.370239 34.528721 154.975876
v -15.114502 34.582569 154.956711
v -14.294189 34.550610 155.357513
v -12.442383 34.533298 154.328568
v -11.745850 34.678303 153.856171
v -12.828979 34.494678 154.665176
v -11.765015 34.626965 153.247818
v -13.961304 34.457867 154.579437
v -15.592407 34.597233 154.396973
v -16.190552 34.522488 155.749359
v -16.724976 34.366528 157.783752
v -15.355957 34.377384 158.362183
v -13.920532 34.238400 159.597931
v -13.253174 34.158566 160.607635
v -12.918579 34.091084 161.053589
v -18.031128 34.481434 155.375397
v -17.451416 34.632412 154.958664
v -17.623169 34.407032 157.581360
v -17.649048 34.504734 158.596695
v -18.742188 34.480946 157.406097
v -19.848022 34.483837 157.206253
v -20.174805 34.427143 158.252274
v -19.526978 34.424389 158.498062
v -19.709595 34.531963 155.964386
v -20.814331 34.488903 156.887802
v -19.001831 34.752895 155.128326
v -18.889282 35.645031 153.640762
v -19.228516 35.877483 153.687744
v -21.053833 34.595875 155.936493
v -21.640137 34.364666 156.656662
v -21.376709 34.401798 157.693039
v -22.644165 34.180668 154.673523
v -23.017090 34.036892 156.678375
v -23.241333 33.972134 156.218903
v -21.988037 34.644604 154.929108
v -23.998291 33.786526 155.351074
v -22.317505 34.598850 154.246536
v -21.853638 35.130840 154.309875
v -22.706787 34.331112 153.685745
v -22.991699 34.047092 154.028778
v -23.194824 34.025585 152.737152
v -24.522217 33.593563 153.287064
v -26.736572 33.015896 154.959213
v -28.090210 32.327892 154.672806
v -27.379883 32.477070 152.783279
v -25.823486 33.152699 152.921188
v -29.087646 31.864010 153.955475
v -28.782593 31.950665 152.783234
v -28.136963 32.213436 152.535812
v -29.691895 31.649570 152.605118
v -29.093872 31.932018 152.222122
v -31.904053 30.760883 153.378448
v -29.655273 31.715954 154.081589
v -32.238281 30.609478 152.012314
v -33.506226 30.197491 152.364197
v -33.689209 29.994015 150.541748
v -34.950928 29.803341 152.500427
v -31.482056 31.059864 151.700577
v -31.030762 31.276012 151.811996
v -32.647705 30.503933 151.232819
v -31.815308 30.994656 150.593292
v -32.111450 30.685200 150.212799
v -33.293335 30.218601 150.062927
v -35.944946 29.262035 149.736847
v -34.983154 29.660381 150.023987
v -36.717041 29.373707 152.474487
v -38.659790 28.424099 149.180664
v -38.276733 28.962879 152.210938
v -39.056885 28.614025 150.962051
v -39.933105 28.437222 151.047577
v -39.756592 28.374615 150.451019
v -40.686035 28.087666 150.202362
v -40.663330 28.246525 151.069626
v -41.814697 27.688648 148.784515
v -39.518555 28.114437 148.605408
v -41.664795 27.868725 149.353638
v -42.747437 27.210735 147.926910
v -37.605469 28.640118 148.493286
v -38.006836 28.595547 148.222931
v -37.052979 28.775776 148.301697
v -36.201050 29.203083 148.795868
v -38.097290 28.556599 147.752441
v -38.646118 28.353489 147.389221
v -38.972412 28.232540 146.835114
v -39.812622 27.956821 147.349701
v -39.168213 28.124096 146.384827
v -38.456543 28.225636 145.875031
v -39.175171 27.757839 144.894562
v -40.613892 27.638020 146.646912
v -39.831177 27.788891 145.742157
v -40.453491 27.547085 145.459747
v -39.725708 27.680851 144.998871
v -39.610962 27.456158 143.379913
v -40.020020 27.470600 143.693481
v -40.122437 27.191235 142.626343
v -42.597900 26.699497 144.528778
v -41.481201 27.154659 144.592102
v -40.368042 27.267712 142.998596
v -41.083252 27.259838 143.570312
v -40.915283 27.027729 142.315460
v -41.519165 27.075558 143.851318
v -41.593018 26.999546 142.860687
v -42.099487 26.801769 143.072510
v -43.084229 26.456020 143.887939
v -41.066406 26.881039 141.882355
v -40.247681 26.898075 141.333069
v -41.265869 26.729145 141.248383
v -41.677368 26.632893 141.071991
v -41.972534 26.311749 140.579712
v -43.164673 26.281506 142.476135
v -43.442139 25.950802 141.513824
v -42.912476 26.051701 141.005981
v -41.685425 26.144207 139.829498
v -43.426758 25.817989 140.892853
v -43.599609 25.570446 139.908600
v -45.458984 25.944630 144.514587
v -42.809814 25.716045 139.285431
v -43.554321 25.401011 138.714050
v -44.642822 26.318325 145.266602
v -44.276733 26.548206 145.847870
v -45.077637 26.459446 145.966034
v -45.498657 26.361774 145.796112
v -46.148438 26.234310 145.584656
v -46.188354 26.069393 145.125977
v -45.196533 25.186741 140.160675
v -46.695312 26.174534 145.458984
v -45.223633 26.633930 146.764099
v -46.847290 25.903492 144.673920
v -44.616333 26.691936 146.501709
v -44.964600 25.105228 139.551208
v -48.223389 25.267544 143.244171
v -48.244629 25.540722 143.882202
v -48.834839 25.423878 143.817261
v -48.919434 25.033085 142.909180
v -49.430786 25.631824 144.684204
v -50.097656 25.312984 144.311523
v -49.293457 25.157703 143.399475
v -49.822388 24.566631 141.844727
v -50.578125 25.049137 143.653717
v -50.073975 25.659184 145.522919
v -48.746582 26.197399 145.435883
v -47.876831 26.267185 145.574585
v -48.037109 24.368107 140.036835
v -47.376831 24.354900 138.951477
v -45.469482 25.028408 139.761810
v -46.906616 24.232195 137.926361
v -45.149048 24.943193 138.362915
v -45.718384 24.652788 137.627960
v -44.039307 25.270342 138.163330
v -45.562500 24.532030 136.889984
v -45.063354 24.772310 136.551270
v -43.347656 25.379404 137.352539
v -44.474609 24.943552 135.033661
v -43.988892 25.183428 136.372070
v -41.795532 26.149607 137.007202
v -40.741699 26.615429 139.463196
v -42.818604 25.683405 136.697937
v -43.763184 25.289560 135.409729
v -44.058838 25.236460 134.300781
v -44.730591 24.860117 133.874359
v -45.266235 24.478006 133.083649
v -45.149292 24.812471 131.253204
v -45.645142 24.675165 130.377991
v -46.421143 26.584911 147.703796
v -45.648193 26.705494 147.542603
v -46.032837 26.799511 148.132050
v -46.733765 26.483967 147.182037
v -47.636230 26.298611 147.035095
v -47.162354 26.432514 146.554596
v -44.506836 27.062702 147.791290
v -43.697266 27.244259 148.161163
v -43.635864 26.975750 147.279449
v -44.075684 26.774326 146.523529
v -80.966553 31.236174 171.330444
v -79.417236 32.219257 171.379105
v -80.227905 31.552404 172.039185
v -78.714844 32.228291 170.561752
v -77.221924 33.027294 168.340668
v -82.619141 30.732718 171.575989
v -79.130127 33.212673 165.415863
v -77.055542 33.517017 166.181381
v -77.404297 33.884144 163.717941
v -76.134644 33.786808 165.475693
v -76.107788 34.080173 164.011749
v -75.060669 34.165371 164.629135
v -74.640503 34.777020 161.531586
v -73.994629 34.650089 163.023392
v -74.060669 34.709240 162.364487
v -72.767456 34.975826 161.077393
v -73.328125 34.958164 160.923660
v -72.500977 35.254269 159.642990
v -72.758301 35.282116 159.248764
v -71.504028 35.485828 158.573517
v -72.331055 35.513630 157.654556
v -71.574463 35.723888 156.994644
v -70.436157 35.931782 157.042160
v -69.553955 35.957264 157.713974
v -69.496826 36.213757 156.136124
v -67.828003 36.617970 155.173889
v -68.553345 36.878376 153.312241
v -67.949951 37.026646 153.135117
v -67.143555 37.033642 153.921783
v -67.513672 37.081264 153.314941
v -66.777710 37.538830 152.047241
v -66.585083 37.791225 150.910751
v -66.048950 37.753399 151.609741
v -65.852417 37.914867 150.651184
v -65.929443 38.102535 149.467255
v -66.813599 37.918148 149.884277
v -65.050049 38.076550 150.103851
v -65.482910 38.461163 148.124084
v -64.626465 38.344128 149.050720
v -63.711670 38.543987 148.205780
v -64.999878 38.510601 147.709869
v -64.895386 38.540813 146.767853
v -64.430908 38.502377 146.030853
v -62.058472 38.486309 147.402740
v -62.977417 38.391613 144.941589
v -63.627930 38.191952 143.139771
v -63.130005 38.316509 144.226990
v -62.278076 38.257809 143.126190
v -63.628906 38.151104 142.313263
v -62.365356 37.984432 141.955933
v -63.406006 37.725384 140.485870
v -61.265381 37.610989 140.690735
v -62.126831 38.530727 145.043213
v -60.850952 38.401882 145.920624
v -60.638428 38.395550 145.197144
v -60.027832 38.286831 144.923218
v -60.040894 38.231579 144.233490
v -62.267212 37.388363 138.680603
v -60.969727 37.426617 139.592590
v -59.396851 37.455074 140.906250
v -59.573608 37.375454 140.277435
v -57.492554 37.339581 141.648376
v -58.044067 37.520153 142.229553
v -57.292114 37.380291 142.138611
v -57.966797 37.578197 142.792358
v -83.484863 30.408087 172.655045
v -82.760742 30.720724 173.405090
v -83.886963 30.169905 173.285309
v -84.448242 30.352667 172.529999
v -83.259644 30.602613 171.979584
v -85.521851 29.599218 173.195419
v -84.279175 29.813856 174.140320
v -83.909912 31.035345 170.435944
v -85.461426 30.917601 168.270004
v -85.159546 30.982496 169.097031
v -84.203247 29.140608 175.923599
v -85.042969 28.907850 176.120071
v -85.949341 28.857153 178.230896
v -86.900757 28.480619 180.231415
v -88.585938 28.416494 180.840668
v -92.341919 28.405775 179.033981
v -85.953857 29.375196 174.320740
v -87.372803 29.706816 173.189438
v -86.421997 29.099264 175.215088
v -87.388062 28.847815 175.930847
v -93.855469 28.359289 177.556290
v -88.281494 29.185644 175.536789
v -88.898560 29.731421 174.931320
v -88.290649 29.588308 174.383026
v -90.646362 29.570082 174.802155
v -92.608154 28.693205 174.679428
v -91.639526 29.656736 174.359741
v -94.039062 28.458326 174.815048
v -93.357666 28.829756 174.088150
v -95.795288 28.160574 176.120743
v -95.788330 28.258291 176.878342
v -94.982666 28.352789 177.444107
v -96.968262 27.489927 176.065506
v -97.627319 26.995459 175.316986
v -98.602783 26.383902 174.529343
v -97.761353 26.662474 174.213821
v -99.470337 26.006521 174.339951
v -99.645630 25.813559 173.724182
v -100.480957 25.504911 173.741425
v -101.178223 25.116743 173.237076
v -97.699463 26.376204 172.295059
v -97.079956 26.859869 173.237198
v -96.969849 26.805441 172.545303
v -95.319946 27.914907 173.233994
v -98.822876 26.109472 171.390518
v -99.714966 25.443960 171.178848
v -100.413330 24.921705 170.890228
v -100.691895 24.755270 170.204025
v -101.393799 24.086454 169.807159
v -102.258057 24.216413 171.343765
v -101.950073 24.845030 172.384613
v -102.785400 24.000586 170.293915
v -103.962036 22.729650 168.616714
v -101.458252 23.901228 169.163712
v -102.136230 23.357573 168.055664
v -103.245972 22.661726 167.187469
v -103.984131 22.244139 166.880219
v -105.757080 21.481825 166.955750
v -105.065674 21.615667 166.343491
v -105.135376 21.391607 165.647247
v -107.421021 20.219709 164.946426
v -106.495605 20.556028 164.790359
v -106.806274 20.137119 163.760818
v -108.006104 19.669010 163.841446
v -107.932373 19.211414 161.932907
v -108.832886 18.837490 162.047485
v -108.532349 18.666271 161.401550
v -110.382935 18.017185 161.321777
v -108.845947 17.708195 159.986053
v -110.980469 17.610752 160.639938
v -109.482910 16.458920 158.013138
v -108.714600 17.324116 159.201324
v -112.488647 16.822147 160.292969
v -112.393799 17.147030 160.693512
v -113.630737 16.247120 159.706558
v -113.741455 15.357189 157.375870
v -114.373413 15.285801 157.607025
v -112.439941 15.007816 155.815994
v -109.743408 15.649761 156.205933
v -109.347778 15.914379 156.719742
v -109.681152 15.105450 154.674164
v -109.239502 14.934841 153.660690
v -111.638184 14.744892 154.376495
v -111.316650 14.608158 153.233902
v -109.241699 14.471531 151.487259
v -111.528687 14.060680 150.733551
v -112.333740 14.186573 151.910080
v -112.809326 13.992725 150.974945
v -113.646851 13.944340 150.366760
v -114.493042 13.956074 150.917542
v -115.616577 14.184475 149.832031
v -115.524780 13.987194 148.767700
v -116.254150 13.966908 149.505676
v -116.667847 13.899555 148.067078
v -117.556030 13.893749 147.389923
v -117.574829 14.003651 145.605255
v -117.844727 14.036503 145.295013
v -117.960571 13.852405 143.711578
v -118.741577 13.838710 142.933655
v -119.916748 13.855427 145.800018
v -118.275513 13.883434 147.273926
v -121.150024 13.822926 145.345642
v -120.628784 13.849811 144.629883
v -120.724976 13.931933 143.957855
v -119.806152 13.883555 142.607483
v -119.998779 13.754237 141.014648
v -121.078857 13.770328 140.505585
v -121.444702 13.924060 141.496643
v -121.324463 13.823955 141.011993
v -122.174072 13.741542 139.604736
v -122.176514 13.613154 137.701050
v -123.553101 13.659076 138.508331
v -124.953857 13.595508 138.084625
v -123.493164 13.542689 136.564636
v -124.919189 13.421397 135.639191
v -125.563721 13.478496 136.725189
v -123.355469 13.494136 135.080994
v -123.777588 13.418101 133.396820
v -125.782837 13.387370 133.563263
v -125.308228 13.285669 132.446014
v -126.445679 13.285457 133.316925
v -125.583496 13.178148 131.565399
v -126.448730 13.163149 130.851624
v -127.369751 13.074991 129.352417
v -127.207275 13.289080 131.797424
v -128.593506 13.097254 129.744507
v -127.996582 13.491068 131.349945
v -130.101929 13.008806 126.575256
v -130.039795 13.011980 128.375183
v -128.034912 12.957529 126.433777
v -127.370117 13.011431 126.871399
v -127.776245 12.903597 125.365448
v -128.112305 12.930094 124.578857
v -130.489380 12.902987 124.095367
v -131.287964 12.798380 122.065826
v -129.974365 12.804148 122.512421
v -133.619507 12.661852 120.056732
v -130.916992 12.744715 120.415741
v -129.833984 12.777475 121.261047
v -130.523071 12.736436 119.325165
v -131.260010 12.700738 119.027557
v -133.325928 12.614915 118.047974
v -133.839478 12.606225 118.532562
v -131.642456 12.642526 117.866974
v -133.269165 12.568986 116.925049
v -133.599365 12.512025 115.874146
v -134.235229 12.512300 116.108948
v -131.773193 12.684594 116.882111
v -131.220215 12.614083 117.511566
v -131.565674 12.430085 114.760956
v -133.632202 12.469743 114.740112
v -134.006226 12.412843 113.242889
v -134.473633 12.412499 113.249603
v -133.954956 12.383302 112.411926
v -132.396851 12.387940 113.083282
v -131.313599 12.408563 114.261871
v -132.213989 12.341317 111.968658
v -133.067505 12.293694 111.144287
v -135.290039 12.263978 110.728790
v -134.983154 12.343560 111.963715
v -135.959839 12.218858 109.951599
v -134.778809 11.964417 106.970673
v -133.324341 12.017068 108.356873
v -132.826050 11.828896 106.740875
v -132.364868 11.935075 108.021606
v -133.648804 11.832642 105.927826
v -131.973755 11.697205 105.190063
v -131.792847 11.529350 103.705994
v -134.263428 11.649628 104.034454
v -132.208740 11.493286 103.272888
v -134.039307 11.377975 101.499634
v -131.994629 11.270912 101.584900
v -131.742310 10.889969 99.182190
v -131.409668 11.122002 100.813721
v -134.849731 11.211823 100.280151
v -134.095337 11.129890 99.836761
v -133.048950 10.873482 97.823212
v -133.659546 10.943474 98.279846
v -130.937866 10.642082 97.410309
v -131.103638 10.757919 98.706207
v -129.639160 10.401520 95.703979
v -132.765991 10.670494 96.142700
v -133.359863 10.765549 96.915344
v -132.521729 10.490532 95.062836
v -132.826294 10.439963 94.650055
v -132.228394 10.162208 92.938873
v -129.450928 10.556396 93.575592
v -129.075195 10.315246 93.856110
v -130.013184 10.082694 92.698730
v -132.572998 10.022361 91.850342
v -132.526978 9.865485 90.776764
v -132.882690 9.965766 91.500549
v -133.004272 9.810538 90.323700
v -131.856445 9.643806 89.177094
v -130.186890 10.066566 91.642639
v -129.569824 9.979087 92.061829
v -130.210205 9.710631 89.449097
v -129.552734 9.509307 87.676727
v -129.185791 9.615737 88.399292
v -131.998535 9.540603 88.077545
v -131.568359 9.507628 87.148346
v -129.603760 9.414817 86.598114
v -130.838135 9.491736 85.699463
v -131.107422 9.163627 84.062622
v -127.953491 9.344657 85.556396
v -128.840820 9.012855 83.057068
v -129.357178 8.907751 81.618713
v -128.906860 8.892416 81.797852
v -131.713013 9.081901 83.582397
v -131.736816 8.991836 82.472931
v -132.178589 8.862104 81.354736
v -130.086914 8.518370 77.323364
v -131.985474 8.692846 79.155426
v -129.691040 8.723860 79.609222
v -129.422974 8.606054 78.450104
v -131.864746 8.641493 78.601746
v -132.176025 8.414259 76.676514
v -132.665527 8.472242 77.293732
v -129.035156 8.240149 75.288940
v -128.825195 8.264326 75.643829
v -132.380615 8.281355 75.621613
v -130.629639 8.082777 73.583130
v -129.930420 8.153532 74.158508
v -133.038086 8.012991 73.308441
v -133.155396 8.145521 74.623871
v -131.370728 8.034193 73.262360
v -131.688721 7.866483 71.679474
v -134.158813 7.877637 72.542084
v -132.312012 7.726316 69.438263
v -131.763672 7.867559 70.386993
v -134.333618 7.711347 71.097229
v -134.364136 7.502744 68.569733
v -135.112793 7.632627 70.448853
v -134.406372 7.428953 67.328552
v -134.958130 7.424894 67.773438
v -131.483643 7.417516 67.026886
v -131.660034 7.769071 69.001373
v -132.003784 7.348844 66.372559
v -134.207153 7.288060 65.661835
v -132.866943 7.260297 65.124634
v -131.595947 7.342641 65.982269
v -135.315796 7.179059 64.503357
v -134.996460 7.016431 62.387024
v -133.466064 7.142529 63.496857
v -137.759644 6.821210 60.247620
v -135.880615 7.171414 64.185364
v -134.730835 6.860082 60.673187
v -137.681763 6.951482 62.087799
v -138.207275 6.844754 61.031403
v -135.762695 6.812520 60.002472
v -136.084595 6.709912 58.711456
v -136.035767 6.654706 58.184113
v -138.495728 6.646771 58.744415
v -138.933472 6.543828 57.591919
v -139.447632 6.417675 56.157471
v -136.258789 6.524548 56.304169
v -137.767334 6.477032 55.516144
v -138.671997 6.395527 54.468781
v -140.113403 6.400891 55.871124
v -140.273438 6.349347 54.379059
v -139.953125 6.300763 53.739319
v -141.612061 6.206455 53.277710
v -141.412109 6.284306 54.376373
v -143.440063 6.150898 52.987213
v -143.750122 6.093105 51.874023
v -143.267944 6.093807 50.715973
v -140.230103 6.236423 51.928101
v -139.910889 6.193691 51.474335
v -141.078613 6.119122 50.471191
v -141.246704 6.024937 48.517639
v -141.602051 6.008877 47.840424
v -144.188599 6.011730 48.900848
v -144.258301 6.038960 49.697723
v -143.050659 6.016757 47.108124
v -144.999146 5.963207 47.147858
v -144.009888 5.962154 46.134888
v -145.442871 5.892292 45.533539
v -146.246826 5.988887 46.102997
v -147.813843 5.819828 45.685303
v -147.375244 5.942638 46.289734
v -145.797852 5.806949 43.839478
v -146.693359 5.744373 42.712128
v -149.462280 5.661525 44.707825
v -149.639404 5.644046 43.961884
v -146.715454 5.746395 42.122131
v -148.398926 5.599589 40.399200
v -149.471802 5.572719 40.645050
v -149.929199 5.550838 39.950348
v -150.303711 5.563510 42.497162
v -152.139526 5.439914 39.078094
v -153.364502 5.416232 39.772797
v -151.866577 5.497402 41.404785
v -151.330811 5.542644 42.220001
v -155.474487 5.351283 39.110809
v -154.191528 5.385180 40.641052
v -153.482544 5.283870 36.426575
v -155.645264 5.183658 35.307861
v -154.297119 5.164989 35.772583
v -154.542725 5.205698 34.729553
v -157.564819 5.291446 38.605225
v -156.889648 5.158152 34.461334
v -160.390991 5.040919 35.468964
v -159.065186 4.964800 32.803375
v -157.028687 5.056406 33.751923
v -161.824097 4.902507 34.985992
v -162.857056 4.797740 34.371887
v -161.587280 4.548205 31.647308
v -163.778076 4.740436 34.817291
v -163.855469 4.226931 30.103516
v -165.002075 4.622675 34.226654
v -165.308105 3.815050 28.816498
v -166.352295 4.531207 33.650452
v -165.444580 4.633578 34.429932
v -167.337158 4.475947 33.785889
v -168.067505 4.395350 33.399200
v -170.161377 4.199015 33.516602
v -171.255737 4.130061 33.206238
v -173.844116 3.888659 33.687836
v -167.935547 3.632296 26.407410
v -167.527954 3.960443 25.612793
v -166.667236 4.187311 25.241547
v -167.376587 4.059397 23.845062
v -167.456543 4.040689 22.892822
v -168.098267 3.980707 22.120270
v -176.583008 3.396441 35.412476
v -177.849243 3.175898 35.026215
v -178.962280 2.972789 35.355316
v -180.532959 2.755236 34.401642
v -183.208130 2.366557 35.424927
v -181.614990 2.595889 36.092804
v -184.925171 2.101245 35.213562
v -186.213501 1.976573 36.999451
v -197.774902 1.147487 41.443756
v -196.476685 1.181438 42.099426
v -199.278076 1.086063 41.694092
v -196.072388 1.181423 43.277405
v -194.757935 1.281902 43.580200
v -201.918823 1.005474 44.391632
v -200.290894 1.069217 43.559052
v -202.684204 1.012928 44.377045
v -193.326904 1.395488 42.999725
v -192.650513 1.443332 42.059265
v -190.016235 1.655635 40.798462
v -188.250610 1.824855 39.631317
v -188.684204 1.788646 40.568085
v -186.469482 1.983699 39.686920
v -185.995850 2.053660 39.285156
v -89.802856 19.850401 178.954422
v -89.606201 19.800718 180.602966
v -91.490356 19.766012 181.704361
v -91.024292 19.778326 183.044449
v -91.359009 19.855192 182.471146
v -90.835693 19.751455 183.511917
v -92.333740 19.832815 183.650223
v -91.977905 19.955290 186.012421
v -93.860352 19.902769 183.618240
v -93.011230 20.005346 182.951416
v -95.536255 20.198645 184.593262
v -95.859497 20.277334 185.441605
v -96.765625 20.301573 185.577667
v -97.614258 20.301382 185.225021
v -93.005981 20.241644 188.412582
v -91.771606 19.923712 186.381119
v -92.662720 20.200125 189.062195
v -93.285278 19.900993 191.284286
v -94.596680 19.585648 192.453995
v -99.192627 19.940771 185.154404
v -98.188965 20.288984 184.609329
v -97.365967 20.366804 184.673111
v -96.027222 19.487885 193.729797
v -94.874512 19.537750 193.583145
v -96.765747 19.581467 194.907501
v -95.879395 19.535118 195.833694
v -95.370239 19.385704 196.400253
v -95.147095 19.552132 195.505035
v -96.127930 19.140617 197.350067
v -96.169800 18.445366 199.281830
v -96.688599 18.474297 200.245560
v -110.907104 19.424232 201.371078
v -110.287231 19.279915 201.219543
v -109.861938 18.856697 201.532013
v -110.636841 18.463509 202.655899
v -113.678711 19.371048 202.913986
v -115.393066 19.367020 201.333344
v -105.961792 18.389771 207.184967
v -109.489746 18.328705 204.391754
v -109.335938 18.327805 205.812363
v -110.048096 18.347015 206.686859
v -108.703613 18.401627 207.017761
v -105.175537 18.432777 206.401337
v -102.725830 18.406746 205.652145
v -101.343262 18.380447 203.893845
v -99.675293 18.443245 202.688278
v -100.133423 18.423813 203.629242
v -98.039917 18.473175 201.872223
v -98.383911 18.458801 202.518494
v -96.510132 18.466309 201.356903
v -88.854492 30.268682 166.666046
v -86.776733 30.805044 168.172348
v -87.833740 30.426420 168.337524
v -87.097900 30.699614 166.414963
v -85.561523 31.403273 167.271194
v -84.356689 31.651129 167.404282
v -88.681274 30.332808 165.502075
v -82.739258 31.705420 167.743805
v -81.401978 32.360279 167.199738
v -79.866699 33.100925 165.920029
v -90.267456 30.390600 166.656006
v -91.188721 30.129339 166.987167
v -92.668457 29.917089 166.039261
v -89.812988 30.564846 163.774811
v -90.937012 30.121387 162.456802
v -91.616577 30.019619 161.131439
v -92.352539 29.885891 161.367920
v -94.304810 30.137022 166.872375
v -95.314819 30.134977 164.851151
v -96.838623 30.144192 163.201538
v -92.731689 29.964176 160.836945
v -93.569092 30.131557 160.985291
v -94.737427 30.196087 159.947479
v -95.769409 30.057827 160.270889
v -98.403198 30.484356 162.381210
v -96.716309 30.245686 159.710983
v -99.789062 30.204670 160.527115
v -98.981201 30.371784 158.710251
v -98.307251 30.499722 158.553726
v -99.870483 30.573215 157.417953
v -101.211548 30.306744 159.269135
v -100.907715 30.112301 160.257324
v -101.887695 30.212215 157.617676
v -101.205444 30.731762 156.043182
v -101.985107 30.504826 154.604111
v -103.561768 30.686359 155.609665
v -103.333008 30.677425 153.830109
v -102.861328 30.804722 153.533951
v -104.953125 30.705647 155.261902
v -104.282715 30.915272 152.819290
v -105.253418 30.919422 154.357941
v -106.016357 30.976238 153.306046
v -104.495850 31.403912 150.347931
v -104.896851 31.492733 149.884064
v -104.791748 31.683681 148.932983
v -105.163574 31.785374 148.241821
v -104.442505 31.890797 147.120270
v -105.043457 32.036411 146.958923
v -105.166382 32.188000 146.102631
v -106.138428 32.674397 144.704041
v -109.181885 32.586742 148.410583
v -110.448608 33.049229 148.168945
v -108.132568 31.920147 150.501862
v -108.845337 32.099865 150.393158
v -107.297729 31.355694 152.086624
v -107.303955 31.259121 152.816086
v -106.599365 31.303112 153.449265
v -110.352905 33.592167 145.826141
v -110.694092 33.368565 147.771515
v -111.455444 34.220852 144.239410
v -111.207886 34.247738 144.902924
v -111.322510 34.325802 142.300201
v -111.591064 34.517956 141.012787
v -112.043579 34.288578 144.174347
v -111.650757 34.430172 141.962830
v -106.764038 33.508816 141.055634
v -106.801880 33.734158 138.775421
v -108.489746 34.011150 137.000092
v -113.184692 34.798885 137.686523
v -113.092041 34.924152 139.476959
v -109.720581 34.315815 136.163910
v -110.680420 34.387745 134.782654
v -113.984497 34.917545 136.517334
v -114.385376 34.971645 136.712738
v -111.199341 34.251057 132.298615
v -110.588135 34.360378 133.267548
v -114.619263 34.837818 134.740845
v -114.402222 34.973721 135.657440
v -115.001587 35.150303 135.539276
v -115.688232 34.791828 133.568451
v -117.468750 35.360157 131.648712
v -116.409912 34.828640 130.293335
v -116.414185 34.559429 128.943665
v -117.415894 34.379375 127.929291
v -111.048096 34.260036 131.600891
v -111.754639 34.400105 130.904175
v -114.021484 34.833973 130.813385
v -115.324463 34.857021 129.679474
v -112.447021 34.616436 130.468567
v -111.900391 34.701633 129.689850
v -111.088989 34.491001 129.908356
v -115.876587 34.563053 128.276062
v -116.010010 34.499241 127.523712
v -118.925659 34.350719 127.767090
v -115.182495 34.862518 125.451355
v -116.483398 33.567215 124.255493
v -116.115723 33.127747 123.252441
v -116.555908 32.840584 122.452118
v -117.842896 32.712563 121.858612
v -120.027588 34.317997 127.937805
v -120.425903 34.755100 128.834534
v -120.303345 33.827957 126.184845
v -122.230713 33.441483 124.604095
v -122.472778 33.110687 123.191559
v -122.165894 32.467468 120.646027
v -118.070435 32.553574 121.067627
v -118.708618 32.494423 120.530853
v -119.616699 31.903276 118.271423
v -120.087646 31.479708 116.964752
v -118.893066 32.200439 119.367432
v -122.971436 32.452690 119.979645
v -124.075073 31.958750 118.395996
v -123.801636 33.078415 120.660828
v -125.234985 33.620033 120.301361
v -124.004639 33.468124 121.971130
v -125.578247 33.924812 120.757904
v -126.268921 34.283409 120.843781
v -122.653931 31.327829 116.126251
v -121.423828 30.798922 114.075836
v -122.584961 30.909525 114.325836
v -120.663574 30.655548 113.434662
v -120.064819 31.024874 114.940643
v -119.324219 31.393358 116.435303
v -120.667236 30.241402 111.730591
v -119.570435 30.415184 112.720703
v -118.784058 30.092216 111.945587
v -119.028687 29.959274 111.046265
v -120.572510 30.100250 111.122559
v -118.060791 29.562492 109.419678
v -121.190552 29.936455 109.929108
v -117.974976 29.700996 108.500000
v -120.625244 29.659355 108.312012
v -118.606689 29.620728 107.210449
v -120.610718 29.581947 106.162628
v -119.870605 29.467606 103.643036
v -120.278076 29.485939 104.111328
v -118.017090 29.522522 105.571808
v -118.144409 29.687164 106.582458
v -119.702759 29.445816 102.556732
v -119.876099 29.441185 101.985046
v -117.265137 29.572296 104.717865
v -116.212646 29.949638 104.638702
v -119.846924 29.462929 99.761108
v -119.056030 29.517563 98.643829
v -114.867798 29.998253 103.151978
v -115.113647 30.210991 103.966095
v -115.559570 30.124283 105.425476
v -114.701172 30.072594 104.720520
v -113.519531 29.693687 102.041504
v -112.476074 29.841980 102.537628
v -119.715088 29.439888 96.362854
v -120.083862 29.444809 96.006073
v -119.809937 29.477654 95.106171
v -118.781982 29.490051 94.292297
v -118.275635 29.537521 93.070557
v -117.418945 29.543037 92.290833
v -112.866821 29.650887 89.722748
v -114.330200 29.810547 88.468262
v -116.866333 29.629791 90.957031
v -116.906860 29.755424 89.607452
v -115.929932 29.901976 87.877930
v -115.270752 29.910238 86.798309
v -116.432373 29.939146 87.137421
v -114.883179 29.904882 86.108063
v -114.288452 30.546934 85.667206
v -111.752930 29.764984 89.660095
v -110.682251 29.939507 88.432251
v -110.497681 30.051420 87.533386
v -108.812256 30.325781 86.717682
v -107.997803 30.467421 85.850311
v -107.107788 30.930143 83.889557
v -107.947021 31.041059 84.615356
v -108.716553 32.225929 83.995605
v -107.718750 31.306654 83.495148
v -102.063110 31.444151 86.635803
v -106.082764 31.044203 83.892517
v -105.654175 31.083960 84.292267
v -104.658325 31.292891 84.094055
v -102.831177 31.590384 84.439636
v -102.506226 31.316214 88.319061
v -102.073608 31.286072 89.953857
v -100.922974 31.407761 90.821289
v -99.354370 31.658455 90.829834
v -102.158691 31.696112 84.867523
v -101.546387 31.752760 85.500427
v -101.732788 31.832647 83.961151
v -101.260498 31.931265 83.949554
v -100.426025 32.052536 83.687103
v -100.167603 32.080109 84.584961
v -99.700684 32.174324 84.448608
v -97.951172 31.574280 95.404114
v -98.366943 31.768509 90.160095
v -99.900146 31.279991 97.851807
v -99.423950 31.363998 96.790924
v -99.852051 31.179138 99.862488
v -98.976562 31.227608 100.715515
v -106.620361 30.007935 100.229004
v -107.914917 29.881401 100.361237
v -108.536133 29.709396 101.745697
v -105.406372 30.183197 101.194855
v -105.416870 30.161690 102.168610
v -109.529419 29.582222 101.628937
v -108.922729 29.711807 102.444946
v -108.859253 29.820091 103.346375
v -110.274536 29.784775 102.327515
v -104.961304 30.228828 102.428101
v -105.052490 30.256767 103.342072
v -104.559326 30.308411 103.117584
v -104.386719 30.333443 102.009918
v -102.990967 30.548645 102.773529
v -101.555786 30.762062 104.020966
v -98.777100 31.332741 102.577362
v -97.871338 31.335159 103.131561
v -97.540527 31.477356 100.678406
v -97.158936 31.728371 101.678009
v -110.909180 29.999481 102.873260
v -109.759766 30.010124 103.041626
v -111.763306 30.092621 103.242004
v -112.850342 30.231483 103.395874
v -105.226074 18.609861 179.471786
v -103.923462 18.638388 180.567902
v -103.634766 18.687895 181.553558
v -106.259888 18.587866 177.971115
v -105.635376 18.575514 178.083740
v -107.546997 18.906523 176.604065
v -102.391479 18.721121 182.143265
v -101.795776 18.731108 182.754700
v -100.611328 18.729933 182.751877
v -99.657959 18.817785 183.100906
v -98.940186 19.155851 183.464890
v -99.581665 19.342703 184.448730
v -108.784058 19.006254 175.427765
v -107.769165 19.052023 175.768036
v -109.756714 19.023802 174.232590
v -109.993408 19.125296 173.099487
v -112.479248 19.340460 171.945541
v -113.002930 19.805410 171.115524
v -114.028687 19.686499 170.013229
v -115.267944 19.905783 167.635361
v -116.493896 19.766630 168.520370
v -118.212402 19.870062 168.177811
v -118.802979 19.731321 168.644058
v -120.616577 19.752890 168.371262
v -122.246216 19.653112 168.807678
v -124.033936 19.644171 168.472610
v -123.502075 19.834379 168.398941
v -126.344604 19.551565 169.138138
v -125.975952 19.577993 168.047318
v -127.948486 19.605459 169.015579
v -128.472900 19.646589 169.360794
v -129.753052 19.874342 169.217148
v -130.649658 19.718649 170.093399
v -133.034912 19.850042 170.088394
v -134.147217 19.908346 170.537598
v -135.841309 20.089705 170.274292
v -137.511475 20.465269 170.314011
v -138.224976 20.203154 170.868958
v -139.749146 19.969442 170.175232
v -142.321411 20.364477 171.069901
v -134.487427 19.645338 177.158539
v -135.562988 19.860723 176.203003
v -134.558350 19.715788 178.328781
v -135.358154 20.141806 179.730072
v -134.307983 20.312086 180.933777
v -134.126953 20.660582 182.680206
v -136.829590 20.420721 176.911240
v -138.845947 20.224516 176.516449
v -139.731079 20.307386 175.793991
v -140.901855 20.387114 175.581482
v -140.705688 20.352438 173.364502
v -141.777344 20.394590 174.798859
v -141.207397 20.312132 172.141800
v -145.410645 20.537848 170.653946
v -144.302124 20.417288 170.441040
v -142.940430 20.291403 172.525513
v -147.118896 20.691038 170.768082
v -148.792114 21.140043 170.235855
v -144.776733 19.988432 173.194778
v -144.207031 20.025839 173.537094
v -151.230591 21.110792 170.817001
v -152.054199 20.493856 171.117966
v -153.131958 20.223463 170.696411
v -153.854004 19.773657 170.432953
v -154.933472 19.515158 170.245651
v -148.357300 19.792608 173.217087
v -145.779175 19.946165 173.438828
v -150.147583 19.577101 173.117630
v -151.364624 19.513060 173.007263
v -152.584229 19.435766 173.580017
v -154.539307 19.349356 173.845520
v -155.894287 19.415144 173.543411
v -155.098267 19.508162 169.780212
v -156.868652 19.501760 169.993011
v -156.527466 19.396139 173.753128
v -159.628906 19.362837 173.569122
v -158.293335 19.502775 169.735443
v -157.824219 19.433477 169.187683
v -159.143677 19.595411 170.031158
v -159.680786 19.701399 170.886719
v -160.123657 19.394926 173.169388
v -160.719971 20.345884 170.948914
v -162.248657 19.324141 173.933212
v -161.519531 20.935637 170.697083
v -163.641846 19.472197 173.231491
v -162.875610 19.887388 170.889893
v -163.616943 19.441999 170.585495
v -164.595703 19.441404 173.579315
v -165.747803 19.341246 170.017487
v -168.355469 19.475592 169.881851
v -165.782837 19.403250 174.479065
v -168.089111 19.487799 174.390976
v -169.267212 19.557394 174.534256
v -172.188477 19.892111 174.763214
v -168.817627 19.734205 169.712601
v -169.789917 20.714308 170.378937
v -170.458130 21.748785 170.206467
v -171.269043 21.765745 171.032608
v -173.752563 20.062078 175.348175
v -173.273193 21.752447 171.170609
v -171.785645 21.818663 170.530884
v -176.371948 20.218328 175.162064
v -175.855103 21.882811 171.201553
v -174.820312 21.994627 170.906296
v -177.808594 20.263578 174.895996
v -179.282715 20.455435 175.069580
v -177.103271 21.964888 171.155731
v -176.458374 21.979086 170.704880
v -178.052246 21.907179 170.883469
v -178.533813 21.829313 170.137039
v -179.997681 21.720053 170.145645
v -181.257568 21.112089 175.816666
v -183.098145 21.628302 177.148972
v -181.737427 21.712759 169.807877
v -180.687256 21.771139 169.586853
v -184.780151 21.537535 178.930603
v -185.886353 21.298887 179.358475
v -187.207520 21.632521 177.979401
v -187.912964 21.665564 175.977997
v -186.975586 21.687094 174.749222
v -187.293457 21.651030 172.753922
v -187.054199 21.628813 170.451202
v -187.699707 21.683126 172.621307
v -187.757202 21.600241 169.673813
v -183.988403 21.706717 168.180618
v -183.075439 21.695356 168.297729
v -182.117676 21.659735 169.131622
v -185.924438 21.523108 166.552582
v -186.626831 21.478064 166.504868
v -188.479004 21.552053 169.708237
v -189.359497 21.582533 167.695908
v -187.255981 21.584249 165.934357
v -187.792725 21.690466 164.429062
v -190.849121 21.673597 167.031631
v -189.185059 21.676672 164.763199
v -190.520142 21.680462 163.816467
v -189.775024 21.664753 163.993103
v -190.971191 21.684101 163.014755
v -192.267334 21.713268 162.454376
v -194.695190 21.654202 164.178574
v -192.591187 21.537580 167.709808
v -193.531616 21.524351 166.178284
v -193.187378 21.457937 167.186539
v -193.191406 21.814014 161.737244
v -192.606445 21.835735 161.783447
v -195.668457 21.548557 163.713058
v -193.752197 21.806622 160.469757
v -194.623657 21.570278 160.017670
v -198.799805 21.062054 162.614029
v -195.736206 21.198345 158.090363
v -196.952637 20.837116 158.164032
v -199.725464 20.831249 160.812363
v -200.718628 20.834270 159.425262
v -201.616089 20.830738 157.849091
v -199.541016 20.797421 155.502090
v -201.791138 20.768688 157.075851
v -202.847778 20.783459 155.955399
v -202.100464 20.843075 153.945312
v -198.107666 20.765545 156.380524
v -197.551270 20.806705 156.428162
v -198.680786 20.775700 155.523209
v -200.725830 20.850063 153.502640
v -202.511597 20.858158 152.791672
v -201.626953 20.900311 152.441849
v -202.325928 20.868420 150.957687
v -201.589111 20.862331 151.087418
v -201.164673 20.901752 152.000015
v -203.939209 20.860126 149.394165
v -203.986450 20.858433 152.231781
v -202.514526 20.879513 149.712433
v -202.452393 20.883732 149.306061
v -205.604126 20.789150 151.957458
v -206.474976 20.865215 150.605133
v -205.847778 20.812260 147.567932
v -208.712769 20.786106 148.769867
v -207.435181 20.812359 146.644836
v -209.363892 20.834126 147.936890
v -208.273193 20.792645 145.138062
v -210.317505 20.771526 142.871674
v -210.657593 20.831860 148.046021
v -211.187744 20.861378 146.938629
v -212.803589 20.900410 145.980560
v -212.428711 20.816875 142.434052
v -214.499023 20.807949 141.988922
v -214.736816 20.766293 143.963074
v -213.806030 20.812992 145.099518
v -216.144775 20.764652 143.513153
v -215.659912 20.788418 144.087128
v -216.202271 20.798801 140.564301
v -217.900757 20.728695 140.325806
v -217.727783 20.699505 142.992981
v -217.869751 20.698040 142.107269
v -219.150391 20.617329 140.889832
v -218.863281 20.631886 142.032684
v -221.114258 20.532169 140.558197
v -220.854004 20.554699 141.701508
v -219.847778 20.616497 142.397400
v -221.791870 20.519207 141.785736
v -223.586304 20.378481 138.606628
v -221.237183 20.492159 138.507751
v -222.765991 20.418598 140.984344
v -224.086060 20.334148 140.060974
v -224.157959 20.303379 140.925262
v -224.576416 20.268953 138.217255
v -225.357910 20.225323 139.402618
v -225.646484 20.195642 138.327209
v -226.425171 20.161785 139.256714
v -226.827393 20.134104 137.545349
v -228.202637 20.081377 138.178650
v -227.398193 20.113703 137.169708
v -231.473267 19.920551 139.250061
v -229.517334 20.020388 138.310791
v -229.756348 19.972103 140.116760
v -231.009766 19.902020 139.947144
v -232.346680 19.804798 139.885315
v -232.539673 19.768154 140.505005
v -231.607056 19.788479 140.789612
v -233.472290 19.794254 139.393616
v -234.979858 19.771450 141.023285
v -235.110962 19.719843 138.924408
v -237.734131 19.670956 139.925018
v -237.197144 19.662783 138.754669
v -237.421509 19.686817 142.689453
v -238.459351 19.718113 143.098480
v -238.691895 19.697659 139.934540
v -239.952759 19.740284 140.446747
v -240.841675 19.764210 140.674408
v -240.775879 19.746449 139.781433
v -241.799438 19.823292 141.009247
v -239.618042 19.747295 143.975494
v -240.774780 19.821560 145.349518
v -244.115601 20.017467 141.286743
v -240.185669 19.790806 145.130859
v -242.619995 19.877377 140.656677
v -242.789185 19.949184 146.797516
v -244.117676 20.125782 147.800110
v -243.397278 20.065151 147.883942
v -245.227112 20.216656 149.234558
v -245.025513 20.095959 141.409363
v -244.350403 20.018993 140.791199
v -246.899658 20.259991 141.173279
v -246.479004 20.207218 140.887482
v -248.221130 20.352375 141.010864
v -249.054565 20.379818 140.294769
v -250.601807 20.544445 139.579956
v -252.001343 20.582355 140.087891
v -253.660889 20.714283 139.122040
v -255.081299 20.821276 138.419281
v -255.889648 20.837366 137.671448
v -255.449219 20.784685 136.717377
v -256.430298 20.758783 136.614716
v -258.723206 20.810541 135.696899
v -260.313171 20.833429 137.993408
v -259.943542 20.893320 137.204132
v -259.658569 20.884264 135.716339
v -261.062256 21.184139 139.154236
v -263.156250 21.088711 141.325409
v -263.050232 20.919277 142.408417
v -263.434082 20.984997 142.927124
v -263.917236 21.097935 144.494629
v -264.678162 20.833004 145.665009
v -265.483826 20.979298 146.244537
v -266.155029 20.946575 147.457336
v -266.845154 20.674160 148.929077
v -266.678589 20.528507 150.354431
v -268.363892 20.888210 151.928741
v -269.235474 21.006344 152.586395
v -270.282776 20.689404 153.885086
v -271.091675 20.735371 154.739838
v -272.456604 20.700443 155.809937
v -274.234741 20.865383 156.556335
v -276.052429 20.472563 166.779556
v -277.930420 20.654560 157.092560
v -275.688416 20.745770 156.969513
v -275.181641 21.088116 156.587677
v -278.857849 20.595051 157.480637
v -276.400818 20.444349 167.583649
v -278.327698 20.522459 168.739044
v -280.137085 20.642401 168.297699
v -282.407532 20.725340 168.151794
v -281.199036 20.673216 168.462997
v -283.833862 20.795012 167.897400
v -285.484009 20.786215 167.951523
v -284.900635 20.831861 168.517532
v -286.687500 20.753553 167.935699
v -286.315125 20.802656 168.429886
v -286.973633 20.759466 169.298660
v -287.830566 20.762243 166.856705
v -289.910950 20.699362 166.274323
v -290.363464 20.718534 167.523682
v -291.256104 20.456785 166.918579
v -291.640625 20.626478 167.749420
v -290.915222 20.821898 168.858490
v -292.116211 20.186438 165.998611
v -293.357422 20.127119 165.233856
v -294.630493 20.333761 166.052353
v -295.736450 20.792715 167.732773
v -299.045715 20.809973 167.498260
v -296.866760 20.834005 167.952759
v -297.414185 20.825071 168.713226
v -300.177734 20.810499 166.765869
v -301.294861 20.840994 166.124741
v -302.048645 20.859053 165.241638
v -303.877380 20.857992 165.182007
v -303.658447 20.859297 166.034119
v -308.026733 20.925999 163.402206
v -306.270447 20.890646 165.270462
v -307.822754 20.916372 164.477386
v -309.976257 20.828403 162.775650
v -310.975220 20.438709 161.562576
v -315.025391 20.558369 160.881989
v -315.990662 20.368282 159.653961
v -316.913818 20.207241 158.504425
v -318.398621 20.502033 156.694946
v -318.448669 20.669285 155.874405
v -304.979919 20.272495 149.108154
v -304.104492 20.342587 149.349213
v -302.434021 20.430576 150.147064
v -306.835815 20.917858 146.788727
v -301.130432 20.753292 150.579895
v -307.352600 21.023335 146.031372
v -307.932495 21.049297 144.574951
v -307.929199 21.123577 143.353699
v -308.583313 21.189404 142.547455
v -308.744690 21.239101 140.995239
v -309.374084 21.286823 140.360657
v -310.989319 20.842793 140.103516
v -313.237915 20.875317 138.990204
v -311.655579 20.838213 138.740356
v -313.939880 20.848255 139.643280
v -313.214722 20.878992 137.264343
v -315.933655 20.842968 139.440918
v -310.713440 20.838717 135.542786
v -318.505798 20.793139 138.366821
v -316.562622 20.816362 138.210876
v -318.079163 20.784876 137.625793
v -318.590881 20.871508 136.988434
v -318.748230 20.786846 139.742981
v -320.076233 20.839321 144.037628
v -319.814514 20.798374 140.704803
v -321.579224 21.034374 141.164429
v -321.263245 20.927441 140.652618
v -322.145325 21.176708 139.900970
v -323.012024 21.289873 138.743774
v -320.092529 20.871761 145.239594
v -321.020752 20.874500 146.479187
v -322.618042 21.258961 147.502289
v -322.593567 21.272968 148.715912
v -323.375671 21.263790 150.493439
v -323.176270 20.827328 153.139557
v -322.421509 20.788563 153.898041
v -320.285461 20.778805 155.263931
v -63.249023 36.222088 127.710968
v -62.286011 36.196392 128.175964
v -63.581055 36.278652 129.320709
v -64.768555 36.426846 130.129242
v -63.959229 36.341763 131.090240
v -65.346191 36.323452 127.932648
v -67.644897 36.110249 128.038788
v -66.607910 36.123501 127.355560
v -68.568481 35.672470 126.285034
v -68.443115 35.938107 127.866211
v -70.209229 35.308357 125.034119
v -70.476685 35.530018 126.424500
v -70.298706 35.140213 124.142792
v -71.110352 35.520260 126.768188
v -72.030151 34.477135 121.445618
v -72.565186 35.270226 125.654266
v -73.980957 34.355614 121.102264
v -73.342651 35.251617 126.071045
v -75.193359 34.006737 119.391449
v -74.891846 34.758957 125.159485
v -74.693481 34.858395 126.585266
v -76.502930 34.484047 123.182251
v -77.754639 34.243820 123.259521
v -78.200684 34.009598 122.756256
v -80.325317 33.861847 123.107086
v -80.785278 33.353554 119.568298
v -81.685547 33.594284 122.566772
v -83.472168 33.216507 121.792267
v -82.695435 33.448349 122.845734
v -82.926025 33.212326 120.420990
v -80.929565 33.120758 117.204834
v -82.061768 32.838127 115.651642
v -83.514160 32.731628 115.750671
v -83.212891 32.706726 114.858734
v -83.345825 32.648834 113.407288
v -84.567871 32.518967 112.609375
v -86.372192 32.390831 112.544891
v -87.520142 32.328041 113.325989
v -89.092529 32.143806 110.888611
v -89.173096 32.220970 113.759644
v -89.877075 32.127579 114.186218
v -89.678101 32.213341 115.993896
v -90.778076 32.086678 113.317169
v -90.526978 32.091286 112.159943
v -91.673096 32.078339 113.510132
v -91.463989 32.071228 111.603668
v -73.727661 33.727325 115.724854
v -73.846558 33.790825 116.352905
v -75.154297 33.821259 117.567383
v -73.184692 33.766853 115.276794
v -72.642090 33.889709 115.949921
v -71.999390 34.075844 116.129211
v -72.710693 33.909569 116.769897
v -71.613647 34.176620 115.900238
v -70.822754 34.068939 114.891418
v -70.823486 33.941353 114.069397
v -70.075439 33.964798 112.402893
v -70.622192 33.933365 112.085388
v -69.783936 33.867119 110.912415
v -69.058228 33.871315 110.184570
v -68.948975 33.918831 110.862335
v -68.911255 33.928307 108.592926
v -68.402222 33.967918 107.482361
v -69.112061 33.910591 106.749573
v -70.013428 33.827698 106.447540
v -71.436157 33.732903 106.621704
v -72.616211 33.621872 105.559937
v -72.744751 33.604683 104.431702
v -71.649170 33.681984 101.060028
v -71.441406 33.676399 102.027618
v -71.494629 33.690689 97.735046
v -72.416504 33.648109 96.707031
v -70.155762 33.819672 99.616241
v -70.724121 33.780022 98.633209
v -70.638428 33.777214 97.865753
v -72.473755 33.632729 94.342896
v -74.782104 33.575424 91.560272
v -72.588257 33.663605 93.397095
v -78.205078 33.161552 105.700500
v -72.789062 33.657822 91.949951
v -72.102295 33.763428 91.390594
v -70.364502 33.951042 91.517761
v -71.221069 33.815369 93.072937
v -79.087769 33.067627 106.577881
v -80.722290 32.909416 106.857330
v -81.623291 33.417404 108.152924
v -81.175171 33.174049 106.841644
v -82.149658 33.168686 109.296082
v -83.136597 32.934937 110.288452
v -84.636719 32.769371 110.329163
v -85.257568 32.728905 109.746429
v -86.156006 32.481773 108.779480
v -85.346069 32.504402 108.245667
v -86.728516 32.527542 107.944733
v -90.615234 32.102890 110.053528
v -90.499146 32.141518 108.070374
v -89.794922 32.167267 107.651978
v -88.842285 32.280121 107.140900
v -87.925903 32.319069 106.281006
v -87.002563 32.671059 106.486847
v -85.662476 32.698380 106.510925
v -85.224365 33.019669 103.672791
v -84.541260 33.190628 104.234375
v -86.309082 32.926414 105.280518
v -85.857056 32.840477 104.120117
v -78.196655 33.200676 104.706207
v -77.615112 33.244545 103.327240
v -77.131836 33.357414 100.009552
v -77.692749 33.398949 100.844086
v -76.393799 33.425415 99.268158
v -74.948242 33.586723 97.555756
v -74.998291 33.601631 96.142151
v -75.937500 33.540321 94.604919
v -77.164307 33.433640 92.569519
v -75.777710 33.513924 90.326965
v -76.204834 33.461006 89.502228
v -77.218994 33.439659 87.965942
v -78.693115 33.332726 91.571869
v -79.131592 33.279488 92.381744
v -78.504272 33.426781 89.967957
v -79.222290 33.382568 89.152100
v -77.670288 33.385742 87.038208
v -77.298340 33.377327 86.791840
v -79.675293 33.341560 86.168457
v -78.455688 33.383118 86.595490
v -77.905273 33.391853 85.966278
v -83.759521 33.203949 85.930878
v -81.999390 33.180405 88.512268
v -80.392456 33.246620 85.423218
v -81.452148 33.194908 84.888336
v -84.161621 33.187469 85.500580
v -83.203613 33.117233 89.955811
v -85.633789 33.116402 86.300171
v -83.453613 33.190079 90.961121
v -83.859253 33.199799 92.015564
v -84.867676 33.174988 91.424591
v -83.416992 33.184944 93.045715
v -83.020752 33.303009 92.767456
v -82.836182 33.174576 94.482483
v -82.511719 33.410675 92.561462
v -86.968384 32.982895 91.181946
v -81.800171 33.369347 94.240295
v -82.741211 33.090324 95.724884
v -82.071899 33.221565 95.601471
v -81.740723 33.477425 93.000793
v -80.853760 33.541702 93.888336
v -80.553101 33.441338 93.128204
v -88.603882 32.761528 91.596558
v -87.974365 32.999130 85.834167
v -89.141235 32.836624 87.439545
v -88.923706 32.932671 85.891174
v -88.193359 32.999481 85.294128
v -89.614136 32.899734 85.274384
v -90.550049 32.678368 88.848145
v -89.950806 32.554794 92.397156
v -91.599365 32.522820 89.151550
v -91.673950 32.336700 94.106232
v -93.045532 32.186188 94.392609
v -95.054565 32.270493 90.205048
v -93.723633 32.109604 95.099701
v -95.250854 32.016106 94.527802
v -93.888672 32.360565 89.607178
v -93.568604 32.407005 88.724548
v -96.509888 31.763611 95.724823
v -96.036011 32.127686 89.738129
v -121.124023 19.178841 199.848068
v -119.799072 19.444603 199.553101
v -120.540771 19.950729 200.718872
v -122.374756 19.025581 199.590103
v -117.902100 19.106049 198.779831
v -123.514893 19.009773 199.928391
v -124.698853 18.799797 200.793228
v -126.463135 18.230232 200.016846
v -128.497559 18.461517 198.911774
v -131.116455 19.087753 198.751053
v -130.011963 18.529221 199.673264
v -131.519897 18.785507 199.264648
v -131.335938 19.267204 197.099152
v -116.943604 19.437340 199.630417
v -116.489502 19.613281 201.195877
v -130.680054 19.273537 195.445984
v -131.134521 19.357841 193.801849
v -131.820312 19.424576 193.086517
v -131.743530 19.457191 192.456451
v -130.033691 20.434576 186.758820
v -129.457153 19.885237 187.839951
v -130.319824 20.053434 185.837143
v -130.032471 19.903664 189.907486
v -131.549927 19.592573 184.917847
v -130.929932 19.763304 185.525833
v -131.331787 19.773153 185.918015
v -130.838501 20.448654 190.562378
v -131.709106 20.876282 190.641464
v -132.439941 19.917984 191.354935
v -132.610474 19.630699 191.838043
v -133.122925 19.797997 190.498123
v -132.888916 19.699087 183.688583
v -134.016602 20.674124 184.324173
v -134.563965 20.919867 184.342087
v -127.526611 34.784088 123.463684
v -126.916992 34.346840 121.581818
v -126.432373 34.447693 123.366058
v -128.024658 34.727570 121.757080
v -128.212280 34.991631 123.132904
v -129.123779 35.182976 121.300629
v -130.195068 35.986267 122.613037
v -129.254150 35.565445 123.379181
v -130.360840 35.870964 121.985077
v -131.140381 36.439598 122.964935
v -131.835693 36.336220 121.359375
v -132.543335 36.848839 122.202515
v -131.895020 36.756683 123.855042
v -132.177734 36.872192 124.955536
v -133.289062 37.088692 121.807739
v -134.874756 37.856560 124.458160
v -133.390747 37.271187 125.485870
v -134.440430 37.700371 122.529388
v -134.557251 37.765221 121.429504
v -133.142578 37.079475 120.897308
v -135.134888 37.987907 122.913483
v -136.032959 38.200890 124.896057
v -136.735596 38.363091 124.453033
v -136.405518 38.277077 123.450378
v -136.346558 38.171883 122.264435
v -206.145142 0.965114 44.690430
v -205.411377 0.936740 45.091461
v -206.343384 0.970829 45.855804
v -207.703979 0.843036 43.420532
v -206.923584 0.941524 44.201050
v -207.951172 0.832302 43.896271
v -207.506470 0.895961 45.040955
v -208.497070 0.793071 42.659332
v -210.838989 0.656047 43.535400
v -211.745972 0.609745 44.542145
v -213.927368 0.537792 47.153900
v -212.526001 0.592907 46.747589
v -211.937134 0.675769 45.818939
v -212.532227 0.545414 47.561432
v -213.632568 0.540775 48.127136
v -214.949097 0.556034 46.969604
v -216.018555 0.540844 47.126068
v -215.755005 0.542827 47.501831
v -217.896851 0.646305 46.728424
v -218.395752 0.731144 45.985626
v -218.168213 0.661579 45.021820
v -219.412964 0.619884 43.583252
v -220.542480 0.587627 43.287659
v -221.521973 0.554752 43.549988
v -222.648438 0.615581 44.696045
v -224.341675 0.651653 41.591034
v -226.223267 0.776866 39.721680
v -224.066650 0.674838 43.294891
v -226.553711 0.785693 38.447479
v -225.661377 0.710262 44.415314
v -226.691528 0.755596 44.551636
v -226.774048 0.790813 45.228455
v -225.335693 0.734409 46.972565
v -223.247437 0.632366 46.322632
v -224.872803 0.695903 46.884949
v -223.432739 0.595188 48.171600
v -223.161987 0.620296 46.939178
v -222.740234 0.602230 48.327423
v -221.316895 0.550266 47.804291
v -229.342041 1.119723 33.657074
v -228.046509 1.009196 34.045410
v -226.972778 0.905474 34.982635
v -226.909546 0.881457 36.168610
v -230.695312 1.233531 34.657440
v -227.464600 0.921626 37.197906
v -231.398804 1.263370 37.182953
v -230.798218 1.253421 36.244629
v -204.668823 0.946720 45.243164
v -203.676025 0.989749 45.369507
v -230.367432 1.127704 41.695068
v -229.098511 1.011546 42.378693
v -230.107788 1.092151 42.479401
v -232.012451 1.254260 42.622650
v -231.278442 1.175334 43.271088
v -232.465576 1.306056 43.665009
v -233.246582 1.408267 42.162750
v -233.623901 1.404125 44.674072
v -233.895508 1.499721 41.065979
v -234.000488 1.449733 45.640900
v -234.307251 1.374180 47.168945
v -232.929321 1.169437 47.310028
v -235.072998 1.544002 46.262482
v -236.078369 1.751194 45.764923
v -236.466919 1.910129 44.896423
v -237.775146 2.196308 44.315826
v -239.983276 2.633121 44.794373
v -233.629028 1.538684 39.358185
v -241.177734 2.855274 44.147614
v -243.096558 3.137508 41.598389
v -242.787842 3.065944 43.310333
v -245.255493 3.401157 40.236755
v -232.558472 1.362811 38.417633
v -231.653687 1.260386 38.093353
v -230.468994 1.195003 38.409332
v -230.888550 1.204654 38.709320
v -246.397644 3.569705 39.888916
v -247.389099 3.738612 40.537903
v -247.665649 3.789233 40.047394
v -248.700867 3.882221 40.018829
v -249.058105 3.923923 40.883698
v -251.002075 4.125621 40.291168
v -248.101013 3.791568 41.880096
v -252.262451 4.260196 39.615326
v -253.735107 3.999858 36.426208
v -253.724243 4.002269 37.598572
v -254.895081 4.097171 39.248810
v -255.561218 4.093028 34.394165
v -255.358765 4.084773 35.051941
v -256.707520 4.148119 33.128998
v -258.708923 4.155970 33.253693
v -259.560242 4.110583 34.105621
v -259.695374 4.186137 35.263824
v -283.123352 5.552668 24.725128
v -282.577942 5.457689 24.093231
v -281.834839 5.322931 23.357269
v -281.178162 5.253511 23.925110
v -280.186890 5.023493 23.045898
v -285.016479 5.816309 24.376984
v -274.842590 4.375673 18.054993
v -285.967651 6.083590 25.407623
v -287.702026 6.443697 25.953766
v -288.273315 6.612719 27.101501
v -289.825378 6.963633 28.360199
v -290.142761 7.073824 28.952393
v -291.131042 7.381167 29.639008
v -293.121765 7.862826 30.573181
v -291.693176 7.472743 29.425171
v -294.564270 8.330172 31.551178
v -295.046082 8.466052 31.701324
v -296.560730 9.062549 34.101227
v -297.083801 9.389644 35.137207
v -299.743713 10.026591 35.759521
v -300.915161 10.347095 36.997437
v -302.008789 10.565417 37.053497
v -301.698059 10.446612 36.496735
v -303.445190 10.936755 38.775452
v -304.141968 11.139468 39.464081
v -303.462158 10.898417 37.990570
v -302.834473 10.723559 37.094147
v -304.754944 11.389308 40.506744
v -304.735413 11.223025 39.338043
v -305.534790 11.611239 41.115234
v -294.689148 8.426967 37.337769
v -295.924988 8.853084 37.936676
v -293.720581 8.699565 37.541565
v -296.672119 9.440043 38.597870
v -292.284546 8.340167 37.917877
v -297.658081 9.630542 38.804626
v -298.807556 10.251681 40.626221
v -297.821289 9.925952 39.771484
v -300.157043 10.517482 40.964294
v -300.844543 10.813838 42.036224
v -302.133301 10.931643 41.734680
v -303.187622 11.220675 42.416809
v -304.558716 11.632831 43.449951
v -303.456848 11.383739 43.056976
v -306.685791 12.307423 45.806030
v -305.482727 12.049297 44.741974
v -307.762085 12.104030 42.394196
v -306.411499 11.734691 41.130402
v -310.016479 13.004047 46.418457
v -308.159607 12.947147 48.243622
v -309.583618 12.552531 43.881042
v -309.487305 12.370364 42.908630
v -310.268372 12.911648 45.494354
v -310.818359 13.516575 48.675751
v -310.111084 13.585644 49.670197
v -311.626282 13.744907 49.328949
v -311.089355 13.799496 49.976288
v -312.462952 13.820370 49.173676
v -313.447815 14.132946 50.898529
v -312.496887 14.080425 51.014771
v -313.308167 14.368313 52.162445
v -313.712463 14.356556 51.920532
v -314.464417 14.582676 52.817413
v -312.964600 14.492077 53.275726
v -313.766541 14.703243 54.208374
v -314.605957 15.105862 56.291199
v -313.752686 14.831203 54.871582
v -316.600647 15.056316 54.274475
v -315.331116 14.726963 53.103638
v -316.970215 15.320629 55.298615
v -316.481628 15.341213 55.807709
v -315.493713 15.306851 57.104340
v -317.295410 15.590833 57.045105
v -317.672485 15.725354 58.657410
v -317.526489 15.801450 59.197144
v -316.048462 15.548055 58.196503
v -317.922852 16.091976 60.848022
v -319.731689 16.280262 60.986816
v -319.420105 16.455158 61.396454
v -319.997803 16.634518 62.892700
v -321.110596 16.521709 61.700012
v -321.335754 16.871237 64.299225
v -319.963989 16.773733 64.473114
v -319.226013 16.675657 63.599060
v -321.268616 16.946371 64.914490
v -322.419861 17.049223 65.158844
v -321.880676 17.159803 65.817902
v -323.388245 17.310591 66.234497
v -323.783813 17.306387 66.032532
v -324.049316 17.569014 67.360504
v -325.908142 17.720686 67.481995
v -326.151062 17.948614 69.045380
v -324.883911 18.014914 70.136932
v -323.990479 17.666731 68.237518
v -324.106750 17.868917 69.614471
v -327.131897 18.213102 70.868683
v -326.748291 18.051764 69.646759
v -324.890869 18.248861 71.266876
v -324.778320 18.341749 72.219299
v -325.528870 18.454664 72.658691
v -329.727478 18.918966 74.611786
v -326.439148 18.654127 73.843506
v -328.238708 18.526396 72.142639
v -326.840759 18.737059 74.667023
v -325.982056 18.712454 74.428589
v -327.956238 18.983503 75.836456
v -327.932861 19.167822 77.265198
v -330.685852 19.006674 75.055542
v -327.511230 19.285818 78.536652
v -331.081177 19.158918 76.235321
v -328.375488 19.343168 79.053162
v -332.455383 19.274122 77.140289
v -333.299133 19.411795 79.028381
v -334.094299 19.568396 81.009583
v -335.025452 19.626532 81.373962
v -328.058105 19.535933 79.938019
v -336.490173 19.739370 81.602417
v -337.872253 19.776770 83.258331
v -339.305725 19.750158 83.198761
v -339.091064 19.839773 84.980316
v -340.491272 19.886679 86.134888
v -341.074829 19.960722 87.818207
v -327.762756 19.799726 84.619354
v -342.163147 20.321686 95.667633
v -342.511292 20.296181 97.714935
v -342.682190 20.400497 95.993835
v -342.276245 20.405365 94.549591
v -343.498474 20.370811 94.258484
v -344.126648 20.215149 93.655548
v -343.619568 20.189651 92.862610
v -343.440552 20.306976 98.815948
v -344.892273 20.108459 91.285706
v -343.268250 20.091743 90.704010
v -344.406860 20.065720 90.487793
v -342.460388 20.015991 89.855957
v -328.249146 19.903677 86.091278
v -327.343201 19.855803 85.295654
v -328.092224 20.041090 87.963348
v -326.658569 20.147324 90.572632
v -325.852234 20.177933 91.979980
v -326.452515 20.247253 95.224884
v -325.792175 20.270546 95.926392
v -324.970581 20.392128 98.299805
v -324.195801 20.483574 100.872894
v -325.361572 20.525200 102.037170
v -326.217712 20.661797 103.630188
v -326.977844 20.660149 104.239441
v -326.606812 20.644112 105.107574
v -326.286011 20.644409 104.722137
v -324.630310 20.686920 105.147369
v -323.625122 20.710701 105.206299
v -323.174988 20.746346 106.576569
v -327.299194 20.659477 106.561066
v -326.743958 20.703377 108.520386
v -325.246643 20.705338 109.711884
v -324.545166 20.705826 111.796631
v -323.852600 20.756195 112.466827
v -323.407227 20.863243 113.026794
v -322.719421 20.925232 112.295929
v -322.977905 20.935747 113.794922
v -322.039185 20.837221 114.305664
v -320.838013 20.729258 113.981781
v -321.417175 20.982513 113.517242
v -319.346741 20.995424 114.532166
v -318.389099 21.072039 116.792389
v -317.814880 21.162485 117.675842
v -317.763062 20.946657 116.696411
v -317.365906 21.131739 118.543182
v -316.572266 21.323572 119.271210
v -315.677185 21.159052 120.212067
v -314.067139 21.142969 121.205536
v -315.029846 21.349237 120.299744
v -312.952759 21.024393 121.498016
v -311.908691 21.066057 122.011566
v -311.035767 20.871614 123.753815
v -309.868469 21.003687 124.857117
v -309.703125 21.191965 124.089844
v -310.447266 21.293459 123.565155
v -310.459656 20.993006 127.056824
v -310.064575 21.032534 126.174255
v -310.068848 21.225473 128.173187
v -317.104980 20.807489 134.095001
v -315.214783 20.829462 134.242371
v -314.262329 20.818308 136.232697
v -318.882324 20.860590 134.543884
v -310.377808 21.024897 134.933075
v -309.576965 21.280054 134.778534
v -309.416748 21.042192 132.651093
v -309.632080 21.175623 131.407440
v -309.315918 20.917276 130.582214
v -309.480713 20.938456 129.286041
v -319.049133 20.894686 135.109131
v -319.898376 20.902727 136.131195
v -321.169617 20.831835 136.203156
v -322.808411 21.246531 136.520477
v -323.951477 21.387468 133.214142
v -324.412292 21.112726 132.130249
v -324.980469 21.105433 130.195435
v -325.017883 21.365511 131.414276
v -325.566345 21.058535 129.210663
v -326.481689 20.987734 128.575348
v -327.790222 21.271250 128.424774
v -327.086487 21.436441 128.831177
v -328.080627 21.188929 127.819397
v -329.024719 21.293222 126.388184
v -329.142639 21.061182 125.754211
v -330.153320 20.977465 124.739136
v -330.957458 21.088076 124.462585
v -331.923889 20.825174 123.638062
v -341.162903 20.690857 113.162354
v -341.573975 20.716455 114.262329
v -343.239136 20.632446 110.981232
v -341.388672 20.733034 115.633301
v -343.444397 20.743248 108.367432
v -344.273071 20.624374 110.515594
v -344.288696 20.613625 109.018829
v -342.342041 20.815880 108.840759
v -341.257446 20.769264 107.771301
v -341.872070 20.695885 106.099060
v -341.880554 20.773851 117.550140
v -342.229980 20.751772 116.866791
v -339.355530 20.735071 119.951630
v -342.421204 20.773401 118.870575
v -342.088867 20.725405 120.007233
v -340.708801 20.738626 121.643219
v -338.203369 20.766321 119.610962
v -336.605591 20.789103 120.344757
v -336.220520 20.838175 121.341980
v -336.276489 21.257387 122.360870
v -335.464355 21.596170 122.925903
v -332.804749 20.903254 123.312164
v -332.301392 21.057222 123.854736
v -334.754333 21.592310 123.245728
v -335.603394 22.160364 123.383972
v -180.346191 2.517663 18.500183
v -180.072876 2.505380 17.249512
v -179.681641 2.702302 17.709900
v -179.682983 2.632516 15.013672
v -180.990112 2.429902 12.797974
v -178.798218 2.771256 13.967560
v -182.308350 2.202630 11.792633
v -183.531860 2.076364 11.135651
v -184.876099 1.891511 10.926758
v -187.415405 1.693848 11.802124
v -179.576416 2.706468 19.015839
v -176.414551 2.978944 19.109070
v -174.503662 3.249841 19.076660
v -173.489136 3.355653 18.283142
v -171.986450 3.529626 18.877716
v -171.931274 3.548006 19.718628
v -168.640747 3.882540 20.743652
v -188.612793 1.602754 10.880859
v -188.768188 1.524048 8.619843
v -188.384399 1.483475 7.306610
v -190.770874 1.418206 7.186249
v -188.863281 1.493691 6.763367
v -191.346313 1.384148 6.549500
v -192.072144 1.336357 5.372711
v -190.970093 1.455262 5.972900
v -194.709229 1.287133 3.837677
v -193.244507 1.313011 3.914062
v -196.671875 1.218727 4.014679
v -195.669312 1.247811 3.583618
v -199.016846 1.123581 3.437927
v -197.230347 1.195107 3.638763
v -199.949463 1.113777 2.765778
v -201.332764 1.118332 1.526245
v -200.113403 1.093483 1.946533
v -201.910034 1.136803 0.263489
v -204.791748 1.107567 1.008697
v -203.198730 1.125481 0.027588
v -206.838257 1.086952 0.595612
v -208.693726 0.986740 0.882996
v -210.767944 0.923157 0.485107
v -213.060791 0.870102 0.198120
v -211.499512 0.933479 -0.000000
v -213.562500 0.823639 1.171631
v -215.313721 0.830750 2.664978
v -214.480957 0.827294 1.455871
v -215.945557 0.836121 2.870789
v -217.219604 0.844719 2.385895
v -218.558350 0.770867 2.625488
v -217.992310 0.788460 2.081573
v -220.750732 0.646660 5.010223
v -220.500977 0.677460 2.587128
v -221.486938 0.643311 6.126587
v -221.629761 0.673714 6.781006
v -223.191895 0.821450 9.354004
v -223.929565 0.863206 10.734680
v -225.871460 0.964677 13.629089
v -225.685791 0.999986 12.735535
v -226.756958 1.058412 15.298126
v -228.378784 1.249200 16.196106
v -227.643311 1.160821 15.592529
v -229.500488 1.433908 16.997620
v -230.930420 1.725496 18.161682
v -232.760254 1.985239 18.420319
v -234.408691 2.229761 19.378021
v -236.287109 2.303453 20.172760
v -235.841797 2.292970 19.710541
v -237.318237 2.434595 20.150421
v -237.945679 2.515459 20.577393
v -239.254761 2.680833 20.516632
v -240.288696 2.794031 20.336365
v -241.514404 2.883501 19.806976
v -243.963074 3.235254 18.852722
v -246.989197 3.589944 19.172058
v -248.662537 3.674913 18.466064
v -266.845947 4.149583 15.159210
v -272.238464 4.205987 16.262817
v -270.776245 4.168969 14.457642
v -271.335266 4.178124 14.593292
v -273.682739 4.295373 17.747772
v -272.873840 4.241045 16.522583
v -274.421448 4.309106 17.506622
v -270.443115 4.124719 14.033600
v -268.678589 4.285592 14.616119
v -267.698364 4.202287 14.706512
v -265.659302 4.232232 15.288116
v -264.794678 4.231340 15.940552
v -263.782654 4.299569 15.423187
v -263.654297 4.285348 14.468719
v -262.125366 4.216043 14.313995
v -260.473022 4.224366 14.672089
v -260.942688 4.234979 13.750671
v -259.445251 4.178071 15.216309
v -259.627380 4.204530 14.566376
v -257.707825 4.168069 15.207458
v -256.426453 4.126817 15.273071
v -254.841309 4.089052 15.862854
v -255.249939 4.088685 15.326813
v -253.834106 4.078256 16.201233
v -251.542786 3.953408 16.255310
v -252.063232 3.960939 15.415649
v -250.681946 3.895730 16.532166
v -249.274963 3.763719 17.468323
v -251.343384 20.829044 161.294327
v -249.738770 20.731274 159.623245
v -250.102112 20.764912 161.271057
v -252.405884 20.826023 160.627090
v -248.843994 20.688801 159.065094
v -254.545654 20.769024 159.116226
v -254.312561 20.770931 160.524475
v -255.919983 20.704807 158.372910
v -258.537048 20.604351 158.429184
v -259.422180 20.543278 159.473480
v -259.409668 20.505718 160.563721
v -261.852478 20.537029 162.470139
v -262.801758 20.386364 163.046204
v -263.884949 20.372738 163.287430
v -260.243958 20.494259 162.047058
v -259.393738 20.466381 162.197021
v -259.938965 20.458866 162.582962
v -258.693726 20.486843 162.470352
v -264.871155 20.442234 162.596359
v -265.862915 20.357990 163.252747
v -266.235413 20.311131 164.153687
v -265.528992 20.399632 163.734329
v -267.676392 20.338598 164.645065
v -267.872681 20.333105 165.197647
v -268.691101 20.326025 166.427673
v -269.522644 20.322050 166.074860
v -271.389343 20.349188 165.865891
v -272.135620 20.318861 166.240326
v -273.449097 20.369131 165.523895
v -279.907104 20.745388 157.562317
v -279.362549 20.733631 157.116760
v -281.335022 20.805706 157.631287
v -282.850769 20.270657 157.924805
v -285.399109 20.153080 158.073959
v -287.100952 20.025555 158.365860
v -286.646423 20.126644 157.669861
v -286.567444 20.309010 156.965546
v -287.563293 20.291569 156.589233
v -287.959900 19.982113 158.884064
v -289.694092 20.039715 158.929642
v -290.594727 20.052486 158.163147
v -290.746155 20.090939 156.891190
v -289.682129 20.135372 155.772644
v -290.785156 20.093517 155.432907
v -291.994141 20.093777 154.813354
v -294.361816 20.417728 155.349854
v -295.948914 20.714916 154.473526
v -298.785278 20.815556 152.735931
v -297.401672 21.059429 153.070892
v -298.897766 21.110180 151.215759
v -299.799500 21.290722 150.602142
v -281.383850 5.863665 34.732819
v -280.104492 5.687099 35.805176
v -282.071167 5.862826 34.444855
v -281.958923 5.242236 33.702332
v -279.839294 5.534541 36.763153
v -283.083679 5.113741 33.253052
v -278.540771 5.395328 38.203003
v -280.095337 5.679118 38.795959
v -279.659790 5.660129 39.576660
v -281.281433 6.009456 39.734589
v -276.521057 5.093387 37.580444
v -274.539062 4.853358 38.863159
v -272.663147 4.739192 39.409973
v -270.424988 4.513553 40.144440
v -271.762817 4.637248 39.998413
v -271.304932 4.603686 40.628418
v -270.025085 4.477824 39.361450
v -267.103333 4.269069 39.515381
v -265.751099 4.231196 38.606415
v -263.741455 4.175975 37.350555
v -263.203674 4.179233 37.572479
v -262.391907 4.200580 36.999329
v -260.033813 4.201755 37.645996
v -258.338806 4.200282 37.149597
v -257.930054 4.188296 38.096405
v -257.025696 4.139125 38.967621
v -258.500793 4.175189 39.394043
v -284.362732 5.561190 34.312653
v -284.504456 6.452807 35.973053
v -284.948181 6.626864 36.832703
v -285.975037 7.002452 38.611908
v -284.762695 6.683619 37.950470
v -284.726074 6.768710 39.003113
v -284.128052 6.569499 38.595825
v -288.823059 7.691569 38.167999
v -291.724548 8.562022 39.509247
v -290.104736 8.081195 39.312012
v -279.497742 4.847337 20.050140
v -278.297485 4.719743 18.966675
v -277.082397 4.606271 18.761444
v -279.890381 4.881471 21.093964
v -280.376404 5.083696 22.375854
v -280.967285 5.137170 22.052124
v -342.636841 19.975540 89.023315
v -341.962280 19.966299 88.092255
v -346.409485 20.309319 100.133301
v -345.289368 20.315575 99.133698
v -345.766602 20.376213 100.823029
v -345.000244 20.427795 101.856018
v -344.518921 20.450447 102.837677
v -344.521973 20.488976 103.662933
v -345.044006 20.485886 103.683685
v -343.996399 20.636604 105.423889
v -245.235779 20.211803 150.388000
v -245.094421 20.179165 151.173935
v -245.287170 20.198895 152.714722
v -245.782043 20.347164 154.947418
v -246.769958 20.548473 155.414093
v -248.137878 20.717388 157.278717
v -327.940247 19.697149 83.477936
v -326.877380 19.574530 82.449158
v -327.322266 19.538664 80.441833
vn 0.0442 -0.9956 0.0826
vn 0.4703 -0.8730 -0.1295
vn -0.0226 0.9996 -0.0186
vn -0.5441 -0.7008 -0.4614
vn 0.0057 -0.9976 -0.0683
vn 0.1887 -0.9791 0.0764
vn -0.3130 0.9488 -0.0435
vn 0.1413 -0.9740 0.1773
vn -0.0162 0.9910 0.1330
vn -0.0231 0.9943 0.1036
vn -0.4566 0.8856 0.0853
vn 0.1443 -0.9396 0.3103
vn -0.1870 0.9086 -0.3736
vn -0.3649 0.9294 -0.0554
vn -0.3610 0.9307 -0.0582
vn -0.0317 0.9946 0.0992
vn -0.0222 -0.9952 -0.0951
vn 0.2890 -0.9463 0.1452
vn 0.6587 -0.7239 -0.2051
vn -0.2343 0.9479 -0.2159
vn -0.0696 0.9867 0.1468
vn -0.3379 0.9311 -0.1371
vn 0.1852 -0.9581 0.2184
vn 0.3677 -0.9075 0.2032
vn 0.0116 -0.9981 0.0612
vn -0.3425 -0.9131 -0.2213
vn 0.3498 0.9198 0.1779
vn -0.2104 0.9639 -0.1634
vn 0.2127 0.9479 0.2373
vn 0.1971 -0.9801 -0.0241
vn -0.3626 0.9191 -0.1541
vn 0.1470 -0.9473 0.2846
vn -0.1072 -0.9937 -0.0320
vn 0.2481 0.9687 0.0109
vn -0.0229 -0.9989 0.0401
vn -0.3886 -0.9213 -0.0129
vn 0.0357 -0.9826 -0.1821
vn -0.0367 -0.9973 -0.0632
vn -0.0690 -0.9959 0.0583
vn -0.0370 -0.9977 0.0574
vn 0.0156 -0.9982 -0.0571
vn 0.0115 -0.9955 -0.0942
vn 0.0561 -0.9935 -0.0989
vn -0.0124 -0.9947 -0.1025
vn 0.0734 -0.9786 -0.1921
vn 0.0411 -0.9939 -0.1019
vn 0.0399 -0.9968 -0.0686
vn -0.0907 -0.9945 0.0514
vn 0.0368 -0.9932 -0.1101
vn -0.1295 -0.9892 -0.0688
vn 0.0332 -0.9994 -0.0090
vn 0.0722 -0.9657 -0.2494
vn 0.0121 -0.9982 -0.0593
vn 0.0574 -0.9921 -0.1117
vn -0.1595 -0.9127 -0.3762
vn -0.0344 -0.9993 -0.0123
vn 0.0303 -0.9988 -0.0393
vn -0.0624 -0.9978 -0.0221
vn 0.0623 -0.9664 -0.2495
vn 0.0735 -0.9525 -0.2954
vn 0.4587 -0.8710 0.1761
vn 0.4629 -0.8731 0.1531
vn -0.0105 -0.9886 -0.1505
vn 0.0418 -0.9753 -0.2169
vn 0.4091 -0.9071 0.0989
vn -0.0559 -0.9984 0.0012
vn -0.0597 -0.9920 -0.1111
vn -0.0424 -0.9830 -0.1786
vn 0.0009 -0.9776 -0.2105
vn -0.0819 -0.9932 0.0832
vn -0.0725 -0.9958 0.0558
vn -0.0766 -0.9944 0.0727
vn 0.1052 -0.9925 0.0618
vn -0.0707 -0.9974 0.0171
vn 0.1488 -0.9874 -0.0545
vn -0.0369 -0.9885 -0.1467
vn -0.1474 -0.9795 -0.1374
vn -0.0148 -0.9958 0.0898
vn 0.0233 -0.9997 -0.0030
vn -0.0483 -0.9987 -0.0180
vn -0.0604 -0.9803 -0.1881
vn -0.0135 -0.9980 -0.0613
vn -0.1844 -0.9590 -0.2152
vn -0.1893 -0.9505 -0.2463
vn -0.0133 -0.9900 -0.1407
vn -0.1672 -0.9682 -0.1861
vn -0.0853 -0.9850 -0.1499
vn -0.2792 -0.9313 -0.2340
vn -0.3296 -0.9125 -0.2424
vn -0.3074 -0.9251 -0.2232
vn -0.3791 -0.9055 -0.1906
vn -0.3845 -0.9025 -0.1939
vn -0.3475 -0.8982 -0.2691
vn -0.3071 -0.9254 -0.2221
vn -0.2209 -0.9576 -0.1852
vn -0.2948 -0.9302 -0.2185
vn -0.3916 -0.9050 -0.1661
vn -0.3177 -0.9162 -0.2441
vn -0.3358 -0.9059 -0.2582
vn -0.2907 -0.9155 -0.2782
vn -0.2959 -0.9130 -0.2810
vn -0.2978 -0.9348 -0.1934
vn -0.1971 -0.9687 -0.1510
vn -0.2310 -0.9657 -0.1184
vn -0.3038 -0.9527 0.0129
vn -0.3087 -0.9453 -0.1052
vn -0.1697 -0.9782 -0.1198
vn -0.4179 -0.8779 -0.2338
vn -0.2723 -0.9556 -0.1122
vn -0.1634 -0.9851 -0.0529
vn -0.1812 -0.9819 -0.0554
vn -0.1039 -0.9782 -0.1798
vn -0.0591 -0.9821 -0.1787
vn -0.0999 -0.9863 -0.1313
vn -0.0627 -0.9921 -0.1086
vn -0.0478 -0.9927 -0.1106
vn -0.0857 -0.9943 -0.0638
vn -0.0835 -0.9961 0.0295
vn -0.0398 -0.9978 -0.0532
vn -0.2025 -0.9714 -0.1241
vn -0.2960 -0.9435 -0.1492
vn -0.0413 -0.9896 -0.1381
vn -0.1653 -0.9849 -0.0522
vn -0.1796 -0.9823 -0.0532
vn -0.3571 -0.8954 -0.2661
vn -0.2792 -0.9546 -0.1043
vn 0.7591 -0.5818 -0.2921
vn 0.3513 -0.9287 0.1184
vn 0.3873 -0.9151 0.1121
vn 0.3020 -0.9506 0.0715
vn 0.3875 -0.9213 0.0327
vn 0.3157 -0.9478 0.0439
vn 0.3380 -0.9280 -0.1567
vn 0.4359 -0.8338 0.3388
vn 0.3916 -0.9193 -0.0399
vn 0.4693 -0.8815 0.0513
vn 0.3776 -0.9183 -0.1186
vn 0.3445 -0.9290 0.1350
vn 0.2293 -0.9719 0.0531
vn 0.3330 -0.9350 -0.1218
vn 0.3808 -0.9202 -0.0903
vn 0.3125 -0.9156 0.2529
vn 0.3801 -0.9238 -0.0456
vn 0.2353 -0.9705 0.0530
vn 0.3973 -0.9168 0.0404
vn 0.4354 -0.8954 0.0930
vn 0.3782 -0.9257 -0.0094
vn 0.3934 -0.9194 0.0044
vn 0.3124 -0.9499 0.0111
vn 0.2679 -0.9632 0.0220
vn 0.1519 -0.9704 -0.1878
vn 0.3675 -0.9218 -0.1234
vn 0.2604 -0.9612 0.0912
vn 0.1741 -0.9847 -0.0045
vn 0.3407 -0.9209 0.1897
vn 0.2812 -0.9490 0.1428
vn 0.2489 -0.9611 0.1198
vn 0.1435 -0.9681 0.2055
vn 0.3107 -0.9184 0.2450
vn 0.2218 -0.9651 0.1396
vn 0.2260 -0.9627 0.1490
vn 0.3085 -0.9309 0.1955
vn 0.4408 -0.8974 -0.0189
vn 0.4191 -0.9078 -0.0181
vn 0.1802 -0.9431 0.2796
vn 0.3867 -0.9222 -0.0042
vn 0.3868 -0.9222 -0.0017
vn 0.5128 -0.8569 -0.0516
vn 0.4712 -0.8780 -0.0836
vn 0.4181 -0.9073 0.0439
vn 0.2677 -0.9345 0.2346
vn 0.3186 -0.9372 0.1421
vn 0.1835 -0.9785 0.0945
vn 0.2772 -0.9311 0.2372
vn 0.2849 -0.9406 0.1848
vn 0.1655 -0.9335 0.3181
vn 0.1955 -0.9351 0.2957
vn 0.1756 -0.9513 0.2533
vn 0.2405 -0.9673 0.0808
vn 0.2961 -0.9199 0.2571
vn 0.2028 -0.8932 0.4013
vn 0.1741 -0.5603 -0.8098
vn 0.3743 -0.8720 0.3155
vn -0.2846 -0.9541 -0.0936
vn -0.2270 -0.9725 -0.0529
vn -0.3545 -0.9218 -0.1568
vn -0.3250 -0.9431 -0.0702
vn -0.2756 -0.9549 -0.1102
vn -0.4771 -0.8755 -0.0763
vn -0.2290 -0.9532 -0.1971
vn -0.3755 -0.9068 -0.1915
vn -0.3311 -0.9283 -0.1694
vn -0.3068 -0.9206 -0.2418
vn -0.3833 -0.9072 -0.1735
vn -0.3532 -0.9149 -0.1956
vn -0.2749 -0.9553 -0.1088
vn -0.1663 -0.9727 -0.1617
vn -0.0698 -0.9971 -0.0307
vn -0.1546 -0.9016 -0.4039
vn -0.0135 -0.9998 -0.0145
vn 0.0145 -0.9991 -0.0401
vn -0.0663 -0.9969 -0.0430
vn -0.0757 -0.9964 0.0370
vn -0.0751 -0.9959 0.0506
vn -0.0776 -0.9964 0.0327
vn -0.0738 -0.9959 0.0521
vn -0.0658 -0.9962 0.0576
vn -0.0808 -0.9964 -0.0245
vn -0.0766 -0.9908 -0.1117
vn -0.0835 -0.9965 -0.0084
vn -0.1102 -0.9715 -0.2099
vn -0.0759 -0.9970 -0.0177
vn -0.0030 -0.9831 -0.1829
vn 0.0711 -0.9915 -0.1086
vn 0.0405 -0.9912 -0.1261
vn 0.0533 -0.9918 -0.1164
vn 0.0671 -0.9872 -0.1448
vn 0.0669 -0.9729 -0.2212
vn 0.0049 -0.9999 -0.0121
vn 0.1568 -0.9825 -0.1007
vn 0.1547 -0.9880 -0.0000
vn 0.1216 -0.9876 -0.0989
vn 0.0757 -0.9966 -0.0328
vn 0.0704 -0.9937 -0.0870
vn 0.0498 -0.9976 -0.0488
vn 0.0995 -0.9860 -0.1337
vn -0.0896 -0.9888 -0.1197
vn -0.1551 -0.9873 -0.0330
vn -0.1015 -0.9948 -0.0116
vn -0.0579 -0.9973 -0.0450
vn -0.0573 -0.9959 -0.0707
vn 0.0362 -0.9971 -0.0669
vn -0.0660 -0.9934 0.0939
vn 0.0060 -0.9989 -0.0474
vn 0.0146 -0.9987 -0.0496
vn -0.0262 -0.9962 -0.0832
vn 0.0043 -0.9993 -0.0382
vn -0.0452 -0.9939 -0.1004
vn 0.0073 -0.9993 -0.0379
vn 0.1495 -0.9888 -0.0026
vn 0.2319 -0.9725 0.0239
vn 0.1897 -0.9693 -0.1567
vn 0.2864 -0.9350 -0.2092
vn 0.2599 -0.9649 0.0369
vn 0.3822 -0.9235 0.0320
vn 0.2694 -0.9597 0.0801
vn 0.2365 -0.9658 0.1061
vn 0.2608 -0.9566 0.1301
vn 0.2201 -0.9676 0.1238
vn 0.2538 -0.9526 0.1678
vn -0.0622 -0.9467 0.3159
vn 0.0534 -0.9351 0.3502
vn 0.2020 -0.9591 0.1983
vn 0.2604 -0.9519 0.1617
vn 0.3066 -0.9334 0.1866
vn 0.2266 -0.9583 0.1742
vn 0.0802 -0.9522 0.2947
vn 0.0297 -0.9466 0.3211
vn 0.2052 -0.9368 0.2834
vn 0.2108 -0.9754 -0.0640
vn 0.1433 -0.9754 0.1678
vn 0.1713 -0.9814 0.0872
vn -0.1022 0.9832 0.1512
vn -0.0248 0.9960 0.0858
vn 0.0121 0.9998 0.0188
vn -0.0008 0.9952 0.0979
vn 0.0698 0.9933 -0.0923
vn -0.0530 0.9917 0.1168
vn -0.3115 0.9495 -0.0368
vn -0.3203 0.9463 -0.0438
vn 0.0632 -0.9606 0.2708
vn 0.0905 0.9909 0.0994
vn 0.0184 0.9945 0.1028
vn -0.0780 0.9950 0.0625
vn 0.0427 0.9980 0.0460
vn -0.4682 0.8744 0.1275
vn 0.0988 -0.9453 0.3108
vn -0.1243 0.9156 -0.3824
vn -0.3418 0.9340 -0.1043
vn -0.2983 0.9488 -0.1036
vn -0.2163 0.9749 -0.0534
vn -0.3776 0.9237 -0.0644
vn -0.0105 0.9953 0.0958
vn -0.3271 0.9434 -0.0549
vn 0.1900 -0.9639 0.1864
vn -0.3493 -0.9151 -0.2017
vn 0.1861 0.9796 0.0758
vn 0.2414 -0.9652 0.1010
vn 0.2734 -0.9558 0.1085
vn -0.2222 0.9665 -0.1285
vn -0.4072 0.8891 -0.2088
vn -0.0894 -0.9946 0.0525
vn 0.0808 -0.9908 -0.1084
vn -0.0444 -0.9990 0.0089
vn -0.0362 -0.9914 -0.1262
vn 0.0091 -0.9967 0.0803
vn 0.0023 -0.9981 0.0623
vn -0.0085 -0.9980 0.0624
vn 0.0085 -0.9998 -0.0158
vn 0.0446 -0.9894 0.1383
vn 0.0508 -0.9968 0.0616
vn -0.0370 -0.9788 -0.2015
vn -0.0294 -0.9991 -0.0295
vn -0.0276 -0.9991 -0.0329
vn -0.0058 -1.0000 -0.0010
vn -0.0335 -0.9991 0.0261
vn -0.0336 -0.9991 0.0263
vn -0.0550 -0.9982 0.0251
vn -0.0277 -0.9996 0.0004
vn -0.0040 -1.0000 -0.0009
vn -0.0530 -0.9970 -0.0566
vn -0.0454 -0.9968 -0.0664
vn -0.0115 -0.9999 0.0022
vn -0.0142 -0.9999 0.0090
vn -0.0507 -0.9987 0.0108
vn -0.0101 -0.9999 -0.0008
vn -0.0583 -0.9969 -0.0529
vn -0.0081 -1.0000 -0.0043
vn -0.0463 -0.9953 0.0852
vn -0.0741 -0.9972 -0.0085
vn -0.0932 -0.9952 0.0294
vn -0.0484 -0.9958 0.0774
vn -0.0900 -0.9958 0.0175
vn -0.1442 -0.9844 0.1006
vn -0.1025 -0.9947 -0.0060
vn 0.0362 -0.9992 -0.0171
vn -0.0919 -0.9955 0.0240
vn -0.1218 -0.9911 -0.0529
vn -0.0522 -0.9986 0.0036
vn -0.3503 -0.9365 0.0149
vn -0.0429 -0.9969 0.0660
vn -0.1283 -0.9917 0.0027
vn -0.0792 -0.9968 0.0148
vn -0.1094 -0.9940 0.0030
vn -0.1395 -0.9894 0.0403
vn -0.2432 -0.9697 -0.0205
vn -0.0521 -0.9986 0.0037
vn -0.1026 -0.9942 0.0307
vn -0.1262 -0.9920 0.0024
vn -0.1241 -0.9919 -0.0264
vn -0.1575 -0.9874 -0.0137
vn -0.1411 -0.9896 0.0269
vn -0.1569 -0.9815 0.1098
vn -0.1876 -0.9809 0.0511
vn -0.1310 -0.9849 0.1131
vn -0.1937 -0.9768 0.0909
vn -0.2466 -0.9691 -0.0076
vn -0.2444 -0.9692 -0.0300
vn -0.1947 -0.9796 -0.0495
vn -0.2504 -0.9638 0.0912
vn -0.1961 -0.9768 0.0858
vn -0.2362 -0.9673 0.0929
vn -0.2783 -0.9601 0.0292
vn -0.3087 -0.9507 0.0288
vn 0.1337 -0.9897 -0.0516
vn -0.0499 -0.9984 -0.0255
vn -0.2654 -0.9593 0.0965
vn -0.2459 -0.9656 0.0848
vn -0.2318 -0.9722 0.0323
vn -0.2265 -0.9736 0.0285
vn -0.4264 -0.9019 0.0695
vn 0.3220 -0.8763 -0.3583
vn -0.1884 -0.9807 0.0522
vn -0.1897 -0.9765 0.1025
vn -0.3374 -0.9330 0.1252
vn -0.1321 -0.9910 -0.0222
vn -0.1848 -0.9808 0.0619
vn -0.1911 -0.9802 0.0520
vn -0.1930 -0.9799 0.0503
vn -0.1756 -0.9816 0.0757
vn -0.0539 -0.9985 0.0027
vn -0.1664 -0.9766 0.1362
vn -0.1385 -0.9903 0.0144
vn -0.2052 -0.9787 -0.0069
vn -0.1695 -0.9855 -0.0101
vn -0.1117 -0.9937 0.0094
vn -0.1586 -0.9847 -0.0719
vn -0.1229 -0.9924 -0.0111
vn -0.0549 -0.9981 0.0269
vn -0.0323 -0.9994 0.0134
vn 0.0490 -0.9972 0.0563
vn 0.1152 -0.9853 0.1265
vn 0.1111 -0.9913 0.0703
vn 0.0482 -0.9988 -0.0077
vn 0.0605 -0.9977 0.0307
vn 0.0351 -0.9933 -0.1099
vn 0.0592 -0.9972 0.0446
vn 0.0275 -0.9993 -0.0268
vn -0.0145 -0.9997 -0.0185
vn -0.0039 -1.0000 0.0001
vn 0.0169 -0.9996 0.0221
vn -0.0625 -0.9965 -0.0553
vn -0.1513 -0.9882 -0.0231
vn -0.0757 -0.9966 -0.0312
vn 0.0086 -0.9999 -0.0063
vn 0.0515 -0.9965 0.0651
vn 0.0369 -0.9989 -0.0287
vn 0.0221 -0.9983 -0.0546
vn 0.0277 -0.9995 0.0154
vn 0.0347 -0.9919 -0.1222
vn 0.0188 -0.9997 -0.0177
vn 0.0332 -0.9968 -0.0723
vn -0.0081 -0.9996 0.0258
vn 0.0047 -0.9999 -0.0106
vn 0.0125 -0.9997 -0.0203
vn -0.0310 -0.9990 0.0310
vn 0.0044 -1.0000 -0.0086
vn 0.0396 -0.9992 0.0040
vn 0.0364 -0.9992 0.0172
vn 0.0176 -0.9998 0.0019
vn 0.1280 -0.9910 -0.0387
vn 0.0427 -0.9990 0.0142
vn -0.0423 -0.9989 0.0185
vn 0.0327 -0.9992 -0.0241
vn 0.0166 -0.9994 0.0303
vn 0.0098 -0.9990 0.0446
vn -0.0028 -1.0000 -0.0078
vn 0.0377 -0.9992 0.0117
vn 0.0293 -0.9990 0.0328
vn 0.0991 -0.9931 0.0631
vn 0.1492 -0.9848 -0.0886
vn 0.0101 -0.9990 0.0440
vn 0.0465 -0.9989 -0.0007
vn 0.0317 -0.9995 -0.0008
vn 0.0991 -0.9950 0.0146
vn 0.1859 -0.9823 -0.0216
vn 0.0710 -0.9975 0.0064
vn 0.1542 -0.9880 -0.0006
vn 0.1904 -0.9814 -0.0226
vn -0.2182 -0.9703 0.1042
vn -0.1987 -0.9763 0.0864
vn -0.1763 -0.9795 0.0978
vn -0.1380 -0.9882 0.0668
vn -0.0995 -0.9798 0.1737
vn -0.1768 -0.9734 0.1455
vn -0.1766 -0.9740 0.1418
vn -0.1543 -0.9822 0.1072
vn -0.1826 -0.9708 0.1555
vn -0.1979 -0.9654 0.1696
vn -0.1249 -0.9873 0.0983
vn -0.2099 -0.9739 0.0862
vn -0.2168 -0.9711 0.0996
vn -0.0715 -0.9878 0.1382
vn -0.1141 -0.9840 0.1369
vn -0.1251 -0.9746 0.1860
vn -0.0839 -0.9847 0.1526
vn -0.0862 -0.9777 0.1916
vn -0.0886 -0.9960 -0.0087
vn 0.3629 -0.9276 0.0884
vn 0.0885 -0.9957 0.0291
vn -0.0795 -0.9804 0.1805
vn -0.0774 -0.9786 0.1908
vn -0.1189 -0.9819 0.1473
vn -0.1162 -0.9828 0.1435
vn -0.1596 -0.9683 0.1923
vn -0.0910 -0.9939 0.0616
vn -0.1580 -0.9829 0.0944
vn -0.1586 -0.9780 0.1354
vn -0.0388 -0.9908 0.1299
vn 0.0304 -0.9274 0.3728
vn -0.0190 -0.9936 0.1117
vn -0.0828 -0.9835 0.1611
vn -0.0607 -0.9005 0.4306
vn -0.0764 -0.9825 0.1700
vn -0.0428 -0.9790 0.1993
vn -0.0614 -0.9899 0.1276
vn -0.0428 -0.9790 0.1996
vn -0.0277 -0.9957 0.0883
vn -0.0867 -0.9877 0.1301
vn -0.0819 -0.9926 0.0892
vn -0.0448 -0.9786 0.2008
vn -0.0908 -0.9843 0.1514
vn -0.1709 -0.9662 0.1928
vn -0.1170 -0.9747 0.1905
vn 0.1106 -0.9939 0.0055
vn 0.2160 -0.9758 0.0349
vn -0.0633 -0.9857 0.1561
vn 0.0856 -0.9963 0.0085
vn 0.1409 -0.9893 0.0369
vn 0.1124 -0.9936 0.0112
vn 0.1093 -0.9939 0.0146
vn 0.1702 -0.9849 0.0314
vn 0.0099 -0.9990 0.0432
vn -0.1048 -0.9862 0.1278
vn -0.1455 -0.9857 0.0848
vn -0.1026 -0.9847 0.1411
vn -0.1011 -0.9855 0.1362
vn -0.1756 -0.9656 0.1920
vn -0.1564 -0.9714 0.1787
vn 0.0901 -0.9953 0.0355
vn 0.0774 -0.9969 0.0131
vn 0.2411 -0.9699 -0.0336
vn 0.6411 -0.7674 0.0119
vn 0.1649 -0.9825 -0.0861
vn 0.3151 -0.9449 -0.0887
vn 0.1311 -0.9892 -0.0658
vn -0.1761 -0.9730 0.1489
vn -0.1545 -0.9710 0.1824
vn -0.1322 -0.9739 0.1845
vn -0.0734 -0.9572 0.2801
vn -0.1745 -0.9818 0.0755
vn -0.2871 -0.9473 0.1418
vn -0.5712 -0.8169 0.0798
vn -0.1823 -0.9826 0.0360
vn -0.1759 -0.9814 0.0763
vn -0.2107 -0.9737 0.0869
vn -0.0298 -0.9937 0.1079
vn 0.0989 -0.9890 0.1098
vn 0.0550 -0.9859 0.1579
vn 0.1249 -0.9772 0.1718
vn -0.3423 -0.9388 -0.0383
vn 0.0597 -0.9911 0.1186
vn 0.0238 -0.9945 0.1021
vn 0.1114 -0.9874 0.1127
vn -0.0237 -0.9889 0.1465
vn 0.0485 -0.9974 0.0526
vn -0.2528 -0.9421 0.2203
vn -0.1911 -0.9745 0.1178
vn -0.1895 -0.9780 0.0869
vn -0.2611 -0.9614 0.0868
vn -0.2092 -0.9741 0.0860
vn -0.2440 -0.9677 0.0634
vn -0.2102 -0.9740 0.0843
vn -0.1296 -0.9237 0.3605
vn 0.5536 -0.7131 0.4301
vn 0.0365 -0.9935 0.1080
vn -0.0004 -0.9992 -0.0389
vn 0.0730 -0.9906 0.1154
vn -0.0012 -0.9995 0.0319
vn -0.0295 -0.9985 0.0453
vn 0.0783 -0.9935 0.0831
vn 0.0409 -0.9984 0.0381
vn 0.0424 -0.9989 0.0197
vn 0.0343 -0.9994 0.0089
vn 0.0266 -0.9996 0.0070
vn 0.0542 -0.9980 0.0321
vn 0.0257 -0.9991 0.0350
vn -0.0732 -0.9952 0.0655
vn 0.0503 -0.9987 -0.0053
vn 0.0342 -0.9988 0.0345
vn 0.0280 -0.9992 0.0284
vn 0.0193 -0.9998 0.0037
vn 0.0815 -0.9921 0.0959
vn 0.0480 -0.9983 0.0331
vn -0.2498 -0.7612 0.5985
vn -0.5975 -0.4942 0.6315
vn -0.0589 -0.9983 0.0007
vn -0.0030 -1.0000 -0.0047
vn 0.0071 -0.9998 0.0200
vn -0.0106 -0.9962 0.0864
vn 0.0168 -0.9988 0.0467
vn 0.0097 -0.9991 0.0402
vn 0.0278 -0.9995 0.0148
vn 0.0638 -0.9970 0.0431
vn 0.0490 -0.9984 0.0280
vn 0.0238 -0.9959 0.0876
vn 0.0488 -0.9982 0.0355
vn 0.0113 -0.9992 0.0385
vn 0.0247 -0.9975 0.0661
vn 0.0275 -0.9939 0.1066
vn 0.0216 -0.9965 0.0808
vn 0.0163 -0.9997 0.0206
vn 0.0604 -0.9960 0.0660
vn -0.0119 -0.9960 0.0890
vn 0.0052 -0.9969 0.0779
vn 0.1791 -0.9826 0.0499
vn -0.0992 -0.9866 -0.1296
vn 0.0274 -0.9944 0.1020
vn 0.0240 -0.9965 0.0802
vn 0.0072 -0.9976 0.0695
vn 0.0152 -0.9967 0.0804
vn 0.0317 -0.9983 0.0489
vn 0.0064 -0.9950 0.0994
vn 0.0144 -0.9842 0.1765
vn 0.0871 -0.9914 0.0972
vn 0.0595 -0.9982 -0.0043
vn 0.0917 -0.9950 0.0395
vn 0.0890 -0.9945 0.0561
vn 0.0206 -0.9970 0.0741
vn 0.0060 -0.9978 0.0666
vn 0.0003 -0.9964 0.0843
vn -0.1609 -0.9857 0.0498
vn -0.1389 -0.9899 0.0295
vn -0.2015 -0.9755 0.0887
vn -0.1559 -0.9858 0.0630
vn 0.0155 -0.9946 0.1023
vn 0.0169 -0.9936 0.1113
vn 0.0122 -0.9941 0.1074
vn -0.0043 -0.9968 0.0798
vn -0.0615 -0.9927 0.1040
vn -0.0093 -0.9965 0.0830
vn -0.0083 -0.9950 0.0992
vn 0.0013 -0.9907 0.1362
vn 0.0375 -0.9920 0.1203
vn 0.0077 -0.9959 0.0899
vn -0.0046 -0.9958 0.0914
vn -0.0731 -0.9924 0.0988
vn -0.0431 -0.9883 0.1465
vn -0.0516 -0.9986 -0.0145
vn 0.0380 -0.9912 0.1267
vn -0.0080 -0.9971 0.0757
vn -0.0223 -0.9958 0.0883
vn 0.0062 -0.9933 0.1151
vn -0.0075 -0.9995 0.0320
vn -0.1687 -0.9847 0.0428
vn 0.0205 -0.9809 0.1933
vn -0.0514 -0.9986 -0.0149
vn -0.0113 -0.9859 -0.1670
vn -0.4799 -0.8709 -0.1058
vn -0.0938 -0.9926 0.0767
vn -0.1136 -0.9861 0.1212
vn -0.0144 -0.9972 -0.0738
vn -0.0529 -0.9936 0.0998
vn 0.0188 -0.8846 0.4659
vn -0.0583 -0.9866 0.1522
vn -0.0566 -0.9874 0.1477
vn 0.1013 -0.9810 0.1656
vn -0.1115 -0.9840 0.1388
vn -0.0336 -0.9992 0.0208
vn -0.0570 -0.9907 0.1233
vn -0.0274 -0.9937 0.1090
vn -0.0499 -0.9937 0.1003
vn -0.0348 -0.9933 0.1099
vn -0.0572 -0.9969 0.0532
vn 0.0256 -0.9868 0.1599
vn -0.0579 -0.9871 0.1492
vn -0.0333 -0.9937 0.1069
vn -0.0574 -0.9935 0.0980
vn -0.0623 -0.9963 0.0584
vn -0.0157 -0.9934 0.1136
vn -0.0983 -0.9950 0.0147
vn -0.0937 -0.9955 0.0151
vn -0.0990 -0.9949 -0.0210
vn -0.0146 -0.9999 0.0013
vn -0.0074 -0.9978 0.0653
vn -0.0140 -0.9991 0.0395
vn -0.0180 -0.9993 0.0340
vn -0.0925 -0.9953 -0.0302
vn -0.0195 -0.9992 0.0348
vn 0.0266 -0.9922 0.1217
vn -0.0196 -0.9991 0.0378
vn -0.0114 -0.9991 0.0408
vn 0.0754 -0.9958 -0.0525
vn 0.0396 -0.9990 0.0219
vn 0.0041 -0.9994 0.0334
vn -0.0028 -0.9998 0.0210
vn -0.0012 -0.9981 0.0619
vn -0.0513 -0.9986 -0.0117
vn 0.0028 -0.9991 0.0422
vn 0.0372 -0.9971 0.0663
vn 0.0142 -0.9996 0.0256
vn 0.0013 -0.9982 0.0608
vn -0.0217 -0.9987 0.0452
vn 0.0210 -0.9988 0.0432
vn 0.0273 -0.9993 0.0249
vn 0.0285 -0.9992 0.0275
vn -0.0554 -0.9946 0.0880
vn -0.0482 -0.9896 0.1359
vn 0.0236 -0.9947 0.1006
vn 0.0574 -0.9979 0.0307
vn 0.0161 -0.9998 0.0097
vn 0.0018 -0.9982 0.0598
vn -0.0291 -0.9973 0.0673
vn 0.0600 -0.9975 0.0382
vn -0.0525 -0.9954 0.0799
vn -0.0691 -0.9936 0.0890
vn -0.1571 -0.9755 0.1539
vn 0.1021 -0.9858 0.1331
vn -0.0012 -1.0000 -0.0018
vn -0.0919 -0.9958 -0.0015
vn -0.0680 -0.9959 -0.0597
vn 0.0135 -0.9997 -0.0181
vn -0.0693 -0.9953 -0.0671
vn 0.0052 -0.9999 0.0124
vn 0.1123 -0.9879 0.1066
vn -0.0261 -0.9962 -0.0827
vn 0.0537 -0.9966 -0.0619
vn 0.0581 -0.9979 0.0300
vn -0.1637 -0.9724 0.1661
vn 0.0540 -0.9985 0.0051
vn 0.1076 -0.9731 0.2039
vn 0.0827 -0.9834 0.1618
vn 0.1103 -0.9721 0.2071
vn 0.1094 -0.9713 0.2112
vn 0.0982 -0.9135 0.3948
vn 0.2022 -0.8493 0.4877
vn 0.1796 -0.8714 0.4566
vn 0.3943 -0.8262 0.4024
vn 0.3671 -0.9012 0.2303
vn 0.3980 -0.8885 0.2284
vn 0.2677 -0.8244 0.4987
vn 0.1626 -0.9037 0.3962
vn 0.3679 -0.8948 0.2531
vn 0.3898 -0.8873 0.2464
vn 0.3900 -0.8872 0.2465
vn 0.3994 -0.8842 0.2421
vn 0.3795 -0.8955 0.2327
vn 0.3915 -0.8860 0.2485
vn 0.4002 -0.8434 0.3584
vn 0.2080 -0.9224 0.3253
vn 0.1497 -0.9540 0.2596
vn 0.5277 -0.7685 0.3618
vn 0.3719 -0.9254 0.0735
vn 0.5792 -0.8088 0.1017
vn 0.2555 -0.9663 -0.0324
vn 0.3738 -0.9155 0.1486
vn 0.5171 -0.8225 0.2369
vn 0.4651 -0.8737 0.1427
vn 0.5087 -0.8482 0.1477
vn 0.4619 -0.8749 0.1454
vn 0.3672 -0.9141 0.1720
vn 0.2899 -0.8959 0.3365
vn 0.3781 -0.9176 0.1229
vn 0.3811 -0.8969 0.2244
vn 0.3919 -0.8873 0.2431
vn 0.3577 -0.9153 0.1850
vn 0.4103 -0.8293 0.3794
vn 0.3415 -0.9115 0.2294
vn 0.1861 -0.9723 0.1414
vn 0.1117 -0.9830 0.1460
vn 0.3681 -0.8937 0.2566
vn 0.3664 -0.8956 0.2524
vn 0.2932 -0.8815 0.3701
vn 0.2765 -0.7774 0.5651
vn 0.2984 -0.7998 0.5208
vn 0.2837 -0.9003 0.3303
vn 0.1781 -0.9079 0.3795
vn 0.2268 -0.9134 0.3380
vn 0.1609 -0.9092 0.3839
vn 0.1833 -0.9156 0.3580
vn 0.1208 -0.9338 0.3367
vn 0.1848 -0.9434 0.2752
vn 0.1552 -0.9748 0.1603
vn 0.1411 -0.9695 0.2003
vn 0.0200 -0.9985 0.0519
vn -0.0891 -0.9893 -0.1159
vn 0.2252 -0.9543 0.1963
vn -0.0373 -0.9977 0.0574
vn 0.0243 -0.9978 -0.0617
vn 0.0721 -0.9955 -0.0613
vn 0.0317 -0.9994 -0.0145
vn -0.1014 -0.9891 -0.1064
vn -0.0439 -0.9990 0.0059
vn -0.0862 -0.9921 0.0910
vn -0.0519 -0.9805 0.1896
vn -0.0433 -0.9955 0.0844
vn 0.0022 -1.0000 0.0035
vn 0.0270 -0.9978 0.0606
vn 0.0363 -0.9969 0.0695
vn 0.0366 -0.9966 0.0741
vn 0.0062 -0.9977 0.0673
vn -0.2219 -0.9739 -0.0483
vn 0.0526 -0.9742 0.2194
vn -0.0246 -0.9997 0.0026
vn 0.0255 -0.9989 0.0382
vn 0.0451 -0.9985 0.0299
vn -0.0151 -0.9982 0.0574
vn 0.0175 -0.9987 0.0486
vn 0.0209 -0.9989 0.0419
vn -0.0313 -0.9992 -0.0239
vn -0.0039 -0.9999 -0.0118
vn 0.0011 -1.0000 0.0067
vn -0.0041 -0.9999 -0.0109
vn -0.0013 -1.0000 0.0064
vn 0.0395 -0.9968 0.0696
vn 0.0352 -0.9972 0.0655
vn 0.0779 -0.9965 0.0296
vn 0.0013 -0.9993 0.0377
vn 0.0060 -0.9972 0.0747
vn 0.0014 -0.9980 0.0640
vn -0.0120 -0.9993 0.0348
vn -0.0271 -0.9963 0.0812
vn -0.0327 -0.9969 0.0721
vn -0.0374 -0.9940 0.1032
vn -0.0203 -0.9888 0.1482
vn -0.0052 -0.9951 0.0992
vn -0.0739 -0.9924 0.0981
vn -0.0611 -0.9956 0.0709
vn -0.0037 -0.9929 0.1193
vn -0.0362 -0.9884 0.1478
vn -0.0881 -0.9906 0.1048
vn 0.0167 -0.9893 0.1453
vn -0.0116 -0.9911 0.1325
vn 0.0255 -0.9956 0.0901
vn 0.0310 -0.9888 0.1458
vn 0.0164 -0.9894 0.1440
vn 0.0287 -0.9925 0.1184
vn 0.0714 -0.9943 0.0792
vn 0.0055 -0.9936 0.1131
vn -0.0017 -0.9971 0.0766
vn 0.0251 -0.9933 0.1132
vn 0.0259 -0.9930 0.1151
vn 0.0155 -0.9947 0.1016
vn 0.0340 -0.9933 0.1102
vn 0.0326 -0.9961 0.0818
vn 0.0536 -0.9969 0.0574
vn 0.0739 -0.9940 0.0811
vn 0.0114 -0.9924 0.1228
vn -0.0273 -0.9970 0.0725
vn 0.0138 -0.9956 0.0926
vn 0.0661 -0.9955 0.0677
vn 0.0043 -0.9975 0.0704
vn 0.0270 -0.9991 0.0316
vn 0.0568 -0.9966 0.0603
vn 0.0231 -0.9987 0.0454
vn 0.0186 -0.9992 0.0358
vn 0.0419 -0.9990 0.0168
vn 0.0312 -0.9953 0.0912
vn 0.0154 -0.9993 0.0340
vn 0.0657 -0.9861 0.1527
vn 0.0660 -0.9966 0.0502
vn 0.0399 -0.9991 0.0139
vn 0.0405 -0.9988 0.0288
vn -0.0742 -0.9952 0.0641
vn 0.0312 -0.9993 0.0210
vn 0.0323 -0.9995 -0.0050
vn 0.0181 -0.9989 0.0432
vn 0.0448 -0.9982 0.0394
vn 0.0741 -0.9951 0.0653
vn 0.0789 -0.9963 0.0350
vn 0.0231 -0.9943 0.1037
vn 0.0669 -0.9945 0.0809
vn 0.0369 -0.9952 0.0909
vn 0.1733 -0.9848 -0.0058
vn 0.1631 -0.9859 -0.0369
vn 0.1656 -0.9850 -0.0480
vn 0.1432 -0.9897 -0.0017
vn 0.1158 -0.9849 0.1287
vn 0.1505 -0.9884 0.0180
vn 0.1610 -0.9868 0.0180
vn 0.0885 -0.9960 0.0111
vn 0.1008 -0.9949 0.0082
vn 0.0683 -0.9977 -0.0017
vn 0.0725 -0.9972 -0.0165
vn 0.1173 -0.9925 0.0336
vn 0.0622 -0.9973 -0.0381
vn 0.0620 -0.9978 -0.0250
vn 0.0636 -0.9978 -0.0206
vn 0.0827 -0.9962 -0.0284
vn 0.0672 -0.9944 -0.0816
vn 0.0784 -0.9969 0.0090
vn 0.0404 -0.9992 -0.0028
vn 0.0251 -0.9997 0.0046
vn -0.0079 -0.9957 -0.0918
vn 0.0410 -0.9990 0.0177
vn 0.0333 -0.9993 0.0151
vn 0.0198 -0.9993 -0.0311
vn -0.0378 -0.9993 -0.0015
vn 0.0063 -0.9966 -0.0821
vn 0.0159 -0.9996 0.0229
vn 0.1010 -0.9948 0.0161
vn 0.0120 -0.9935 0.1133
vn 0.0266 -0.9989 0.0379
vn 0.0974 -0.9948 0.0282
vn 0.0186 -0.9991 0.0389
vn 0.1146 -0.9911 0.0684
vn 0.0164 -0.9968 -0.0785
vn 0.0224 -0.9981 -0.0581
vn 0.0050 -1.0000 0.0015
vn 0.0136 -0.9999 -0.0042
vn -0.0112 -0.9993 -0.0369
vn 0.0040 -0.9991 -0.0424
vn -0.0108 -0.9993 -0.0363
vn 0.0050 -0.9980 -0.0624
vn -0.0561 -0.9984 -0.0000
vn -0.2011 -0.9793 0.0232
vn -0.0055 -0.9994 0.0338
vn 0.0278 -0.9963 -0.0815
vn 0.0040 -0.9993 -0.0367
vn 0.0482 -0.9960 -0.0754
vn -0.0371 -0.9993 -0.0017
vn 0.0141 -0.9998 -0.0173
vn -0.0432 -0.9986 -0.0298
vn -0.0792 -0.9967 0.0195
vn -0.0598 -0.9981 0.0170
vn -0.0377 -0.9982 0.0473
vn -0.0303 -0.9995 -0.0116
vn -0.0437 -0.9990 -0.0135
vn -0.0370 -0.9993 0.0060
vn -0.0313 -0.9995 -0.0012
vn -0.0801 -0.9967 0.0139
vn -0.0493 -0.9986 0.0215
vn -0.0477 -0.9988 0.0061
vn -0.1157 -0.9930 -0.0237
vn -0.0011 -0.9991 -0.0418
vn 0.0026 -0.9990 -0.0436
vn -0.0250 -0.9995 -0.0189
vn 0.0146 -0.9974 -0.0704
vn 0.1495 -0.9887 0.0124
vn 0.0034 -0.9999 0.0127
vn -0.0505 -0.9986 -0.0174
vn -0.0464 -0.9984 -0.0327
vn -0.1034 -0.9945 -0.0171
vn -0.1260 -0.9913 -0.0385
vn -0.2303 -0.9698 -0.0808
vn -0.0430 -0.9990 0.0157
vn -0.1442 -0.9895 -0.0058
vn -0.0563 -0.9984 0.0048
vn 0.0488 -0.9946 0.0918
vn 0.1732 -0.9849 0.0004
vn -0.0890 -0.9949 -0.0467
vn -0.1054 -0.9944 -0.0015
vn -0.1197 -0.9835 0.1356
vn 0.0139 -0.9933 0.1150
vn -0.1509 -0.9885 -0.0098
vn -0.0917 -0.9911 0.0960
vn -0.1046 -0.9945 0.0047
vn -0.1712 -0.9852 -0.0051
vn -0.1449 -0.9717 0.1864
vn -0.1195 -0.9926 -0.0199
vn -0.1540 -0.9866 0.0532
vn -0.1607 -0.9863 -0.0363
vn -0.1917 -0.9808 0.0357
vn -0.1689 -0.9856 -0.0105
vn -0.1908 -0.9815 0.0153
vn -0.1491 -0.9829 -0.1081
vn -0.1493 -0.9823 -0.1130
vn -0.2224 -0.9733 -0.0569
vn -0.2009 -0.9792 -0.0300
vn -0.1769 -0.9840 -0.0225
vn -0.1389 -0.9873 -0.0767
vn -0.1304 -0.9886 -0.0751
vn -0.1773 -0.9838 -0.0283
vn -0.0828 -0.9964 -0.0178
vn -0.1088 -0.9941 0.0021
vn -0.0814 -0.9965 -0.0182
vn -0.0885 -0.9959 -0.0211
vn -0.1224 -0.9925 -0.0039
vn -0.0986 -0.9950 -0.0165
vn -0.1492 -0.9888 0.0058
vn -0.0309 0.9722 0.2319
vn -0.1230 0.9776 0.1707
vn -0.4536 0.8044 0.3836
vn -0.1300 0.9914 -0.0138
vn -0.0807 0.9962 -0.0338
vn 0.5416 0.8389 -0.0551
vn 0.5238 0.8499 -0.0576
vn -0.2208 0.9674 -0.1241
vn -0.0506 0.9985 0.0222
vn -0.3236 0.9373 -0.1292
vn -0.0069 0.9941 0.1079
vn -0.0391 0.9992 -0.0089
vn 0.1395 0.9884 -0.0606
vn 0.1133 0.9931 -0.0290
vn -0.3054 0.8054 0.5080
vn -0.0005 0.9997 0.0259
vn 0.0042 0.9999 0.0093
vn -0.0127 0.9998 0.0143
vn 0.0792 0.9920 0.0981
vn -0.1432 0.9843 -0.1033
vn 0.1620 0.9654 -0.2042
vn 0.0119 0.9995 0.0293
vn 0.0097 0.9941 -0.1081
vn -0.0410 0.9981 -0.0450
vn -0.0579 0.9983 -0.0093
vn -0.0216 0.9217 -0.3873
vn 0.1663 0.9380 0.3041
vn 0.0786 0.9958 0.0477
vn -0.0534 0.9980 -0.0342
vn -0.0751 0.9645 0.2532
vn 0.0223 0.9993 0.0313
vn 0.0203 0.9998 0.0061
vn -0.0043 1.0000 0.0076
vn 0.0063 0.9998 0.0201
vn 0.0486 0.9985 0.0269
vn -0.2836 0.9479 0.1448
vn -0.3761 0.9183 0.1235
vn 0.0255 0.9978 0.0608
vn 0.0279 0.9855 -0.1673
vn -0.1209 0.9869 0.1070
vn -0.0133 0.9996 0.0231
vn -0.1566 0.9856 -0.0638
vn -0.0015 1.0000 0.0003
vn 0.1539 0.9607 -0.2312
vn -0.0347 0.9990 -0.0269
vn 0.0043 1.0000 -0.0036
vn 0.0213 0.9997 -0.0138
vn -0.0143 0.9989 -0.0442
vn -0.0385 0.9988 -0.0295
vn -0.0672 0.9967 -0.0457
vn 0.0705 0.9802 0.1848
vn -0.3544 0.8628 0.3606
vn -0.2635 0.8376 0.4786
vn -0.0007 1.0000 0.0018
vn 0.1195 0.9903 -0.0704
vn -0.0388 0.9992 0.0028
vn 0.0814 0.9965 0.0204
vn 0.0174 0.9998 -0.0038
vn 0.0809 0.9965 0.0211
vn 0.1463 0.9868 0.0697
vn 0.1677 0.9858 0.0119
vn 0.0324 0.9995 0.0050
vn -0.0005 1.0000 -0.0036
vn -0.3292 0.8838 0.3325
vn -0.0606 0.9962 -0.0628
vn -0.1113 0.9902 -0.0840
vn -0.1068 0.9654 0.2380
vn -0.0980 0.9660 0.2391
vn -0.0559 0.9926 0.1077
vn 0.0427 0.9990 0.0105
vn -0.3374 0.9410 -0.0272
vn 0.0571 0.9973 -0.0468
vn -0.0494 0.9971 -0.0573
vn -0.0842 0.9949 -0.0561
vn -0.0963 0.9908 -0.0954
vn 0.1522 0.9753 0.1603
vn 0.0092 0.9977 -0.0667
vn 0.0307 0.9956 -0.0885
vn 0.1396 0.9898 -0.0291
vn -0.0028 0.9952 -0.0973
vn -0.0370 0.9972 0.0644
vn 0.1694 0.6114 0.7730
vn -0.0213 0.9996 -0.0170
vn -0.1222 0.9811 -0.1498
vn 0.0140 0.9998 0.0125
vn 0.0321 0.9995 0.0047
vn 0.0002 0.9994 -0.0356
vn 0.0407 0.9987 -0.0313
vn 0.0302 0.9976 -0.0616
vn -0.0005 0.9998 -0.0215
vn 0.0109 0.9997 -0.0220
vn 0.0054 0.9990 -0.0436
vn -0.0024 0.9989 -0.0459
vn 0.0080 1.0000 0.0014
vn -0.0041 0.9989 -0.0460
vn 0.0068 0.9972 0.0739
vn 0.0051 0.9999 0.0133
vn 0.0016 0.9973 -0.0733
vn -0.0054 0.9977 -0.0669
vn -0.0129 0.9971 -0.0747
vn 0.0804 0.9961 -0.0356
vn -0.0394 0.9957 -0.0833
vn 0.0281 0.9985 -0.0464
vn 0.0091 0.9954 -0.0954
vn -0.0027 0.9990 -0.0454
vn 0.0147 0.9759 -0.2179
vn -0.0093 0.9965 -0.0825
vn 0.0103 0.9969 -0.0776
vn 0.0269 0.9955 -0.0910
vn 0.0392 0.9909 -0.1285
vn 0.0008 0.9950 -0.0998
vn 0.0650 0.9871 -0.1460
vn 0.0165 0.9956 -0.0922
vn 0.0647 0.9908 -0.1185
vn 0.0865 0.9905 -0.1068
vn 0.0506 0.9905 -0.1279
vn 0.0094 0.9898 -0.1420
vn 0.0813 0.9847 -0.1542
vn 0.0770 0.9874 -0.1385
vn 0.0617 0.9803 -0.1875
vn 0.0204 0.9791 -0.2026
vn 0.0733 0.9906 -0.1153
vn 0.0797 0.9881 -0.1317
vn 0.0510 0.9915 -0.1194
vn 0.0499 0.9921 -0.1153
vn 0.0373 0.9926 -0.1156
vn 0.0249 0.9957 -0.0890
vn 0.0142 0.9977 -0.0664
vn 0.0414 0.9928 -0.1122
vn 0.0841 0.9953 0.0477
vn 0.0251 0.9952 -0.0946
vn 0.0071 0.9976 -0.0688
vn -0.0165 0.9987 -0.0482
vn -0.0039 0.9990 -0.0453
vn -0.0026 0.9996 -0.0289
vn -0.0412 0.9984 -0.0398
vn -0.0020 0.9993 -0.0380
vn -0.0057 0.9989 -0.0465
vn -0.0772 0.9939 -0.0794
vn -0.0113 0.9981 -0.0604
vn 0.0064 0.9965 -0.0829
vn -0.0063 0.9989 -0.0463
vn -0.1323 0.9844 -0.1163
vn 0.0027 0.9916 -0.1289
vn -0.0856 0.9946 -0.0590
vn 0.0058 0.9997 -0.0240
vn 0.1758 0.9835 0.0422
vn -0.0035 0.9989 -0.0474
vn -0.0029 0.9991 -0.0428
vn -0.0389 0.9983 -0.0436
vn 0.5184 0.6349 0.5729
vn -0.1392 0.9834 0.1168
vn 0.1201 0.9880 -0.0972
vn -0.0456 0.9974 0.0566
vn 0.0813 0.9965 -0.0188
vn 0.0615 0.9981 -0.0024
vn 0.0523 0.9986 -0.0042
vn 0.1161 0.9930 -0.0211
vn 0.3105 0.9299 0.1969
vn 0.3017 0.9344 0.1894
vn -0.1583 0.9802 0.1190
vn -0.0517 0.9977 0.0427
vn 0.0443 0.9990 0.0028
vn 0.1255 0.9916 -0.0328
vn 0.1042 0.9841 0.1438
vn -0.0229 0.9528 -0.3026
vn 0.0756 0.9891 0.1267
vn 0.0558 0.9977 -0.0388
vn 0.0137 0.9967 -0.0797
vn 0.0788 0.9969 0.0090
vn 0.0336 0.9991 -0.0277
vn 0.0048 0.9970 0.0779
vn 0.0237 0.9960 -0.0862
vn -0.0196 0.9977 -0.0642
vn 0.0439 0.9970 0.0631
vn 0.0434 0.9972 0.0617
vn 0.0616 0.9935 0.0955
vn 0.0717 0.9964 -0.0452
vn 0.0622 0.9980 -0.0062
vn 0.0488 0.9988 0.0038
vn 0.0893 0.9958 -0.0173
vn 0.0700 0.9975 -0.0090
vn 0.0709 0.9974 -0.0096
vn 0.0062 0.9992 0.0405
vn 0.0930 0.9946 -0.0468
vn 0.0504 0.9987 -0.0115
vn 0.0812 0.9961 -0.0354
vn 0.0796 0.9963 -0.0325
vn 0.0222 0.9996 -0.0182
vn 0.0849 0.9964 -0.0081
vn 0.0254 0.9997 -0.0059
vn 0.0561 0.9983 -0.0157
vn 0.0227 0.9997 -0.0033
vn 0.0278 0.9996 -0.0089
vn 0.0303 0.9995 -0.0087
vn -0.0258 0.9995 -0.0188
vn -0.0309 0.9983 0.0494
vn -0.0390 0.9990 -0.0221
vn -0.0273 0.9994 -0.0229
vn -0.0290 0.9985 0.0458
vn -0.0758 0.9942 0.0769
vn -0.0372 0.9993 0.0023
vn -0.0442 0.9988 0.0209
vn 0.0268 0.9996 -0.0084
vn -0.0358 0.9994 -0.0017
vn 0.0054 0.9998 0.0190
vn 0.1023 0.9945 0.0239
vn -0.0376 0.9986 0.0360
vn -0.0490 0.9988 -0.0046
vn -0.0413 0.9991 -0.0065
vn -0.0584 0.9981 0.0190
vn -0.0534 0.9985 0.0135
vn -0.1074 0.9942 -0.0066
vn -0.0693 0.9976 -0.0089
vn -0.0778 0.9969 -0.0146
vn -0.0725 0.9973 -0.0151
vn -0.0483 0.9988 -0.0002
vn -0.0438 0.9989 0.0179
vn -0.0804 0.9966 0.0185
vn -0.0686 0.9976 0.0068
vn -0.0153 0.9998 0.0119
vn -0.0488 0.9987 0.0125
vn -0.0416 0.9991 -0.0102
vn -0.0667 0.9978 0.0041
vn 0.0114 0.9997 -0.0196
vn 0.0258 0.9995 -0.0208
vn 0.0330 0.9993 -0.0150
vn -0.0086 0.9998 0.0201
vn -0.0070 0.9998 -0.0189
vn -0.0053 0.9999 0.0092
vn -0.0180 0.9996 -0.0211
vn 0.0018 0.9999 -0.0141
vn -0.0318 0.9994 -0.0150
vn -0.0154 0.9998 0.0080
vn -0.0016 0.9993 -0.0363
vn -0.0502 0.9975 -0.0500
vn -0.0081 0.9990 -0.0439
vn -0.0078 0.9989 -0.0467
vn 0.0166 0.9994 -0.0312
vn -0.0411 0.9982 -0.0445
vn -0.0366 0.9983 -0.0454
vn -0.0350 0.9983 -0.0467
vn -0.0014 0.9965 -0.0831
vn -0.0161 0.9998 0.0114
vn -0.0307 0.9991 -0.0289
vn 0.0131 0.9995 -0.0277
vn 0.0028 0.9997 0.0246
vn 0.0080 0.9991 0.0406
vn -0.0056 1.0000 0.0005
vn -0.0473 0.9989 0.0008
vn 0.0221 0.9989 0.0420
vn -0.0019 1.0000 0.0054
vn 0.0254 0.9997 -0.0051
vn -0.0745 0.9972 0.0082
vn -0.2857 0.9581 -0.0200
vn -0.3255 0.9353 0.1386
vn -0.0525 0.9774 0.2049
vn 0.0271 0.9996 -0.0107
vn 0.0302 0.9988 -0.0386
vn 0.0065 0.9977 0.0681
vn -0.0494 0.9973 -0.0537
vn -0.0598 0.9964 -0.0598
vn -0.0315 0.9995 -0.0082
vn 0.0800 0.9921 0.0965
vn 0.0274 0.9991 0.0337
vn -0.0164 0.9988 0.0451
vn 0.0392 0.9952 0.0893
vn -0.1311 0.9909 -0.0312
vn -0.2004 0.9708 -0.1322
vn -0.1074 0.9942 -0.0011
vn -0.0117 0.9994 -0.0326
vn 0.0201 0.9998 0.0035
vn -0.0592 0.9960 -0.0665
vn -0.0965 0.9927 0.0724
vn -0.0993 0.9941 0.0436
vn -0.0046 1.0000 -0.0071
vn 0.0563 0.9983 0.0135
vn -0.0817 0.9954 0.0511
vn 0.0220 0.9996 -0.0151
vn 0.0082 0.9994 0.0333
vn -0.0286 0.9916 0.1260
vn 0.0899 0.9877 -0.1280
vn -0.0139 0.9998 0.0155
vn -0.0746 0.9957 -0.0557
vn -0.1932 0.9432 0.2703
vn -0.0238 0.9946 0.1013
vn 0.3710 0.9110 0.1801
vn 0.0608 0.9911 0.1182
vn 0.0789 0.9209 0.3817
vn 0.0138 0.9181 0.3961
vn 0.0006 0.9945 0.1043
vn 0.6223 0.5021 0.6005
vn 0.5499 0.7683 -0.3276
vn -0.0435 0.9990 -0.0140
vn 0.0517 0.9986 -0.0058
vn -0.0365 0.9993 -0.0117
vn 0.4185 0.7718 0.4786
vn -0.5668 0.7813 0.2614
vn -0.5105 0.8597 -0.0146
vn 0.6450 0.7631 -0.0402
vn 0.6139 0.7771 0.1391
vn 0.0372 0.9992 -0.0136
vn 0.1017 0.9241 0.3684
vn 0.0253 0.8908 0.4536
vn 0.0143 0.9837 0.1791
vn 0.0837 0.9940 -0.0706
vn 0.0203 0.9939 -0.1084
vn -0.0052 0.9999 -0.0132
vn -0.5286 0.8489 -0.0006
vn -0.2440 0.9672 0.0713
vn 0.1123 0.8504 0.5140
vn -0.3750 0.7597 0.5313
vn 0.1190 0.9112 0.3945
vn -0.3430 0.8875 0.3076
vn 0.1384 0.8987 0.4160
vn 0.0259 0.9899 -0.1395
vn -0.0105 0.9996 0.0273
vn -0.0201 0.9994 0.0299
vn -0.1314 0.8960 0.4241
vn 0.0094 0.9985 0.0541
vn 0.1398 0.9744 0.1758
vn -0.1137 0.9845 0.1337
vn 0.1017 0.9703 0.2196
vn -0.0953 0.8070 0.5828
vn 0.0774 0.9968 0.0210
vn -0.0067 0.9643 0.2647
vn 0.5242 0.8247 0.2124
vn 0.0392 0.9984 0.0417
vn 0.0097 0.9779 0.2090
vn -0.0540 0.9762 -0.2102
vn 0.1239 0.9890 -0.0805
vn 0.1881 0.7724 0.6067
vn 0.0549 0.9977 0.0402
vn 0.0697 0.9966 0.0432
vn 0.1012 0.9943 0.0337
vn 0.0564 0.9978 0.0359
vn 0.1336 0.9431 0.3043
vn 0.0382 0.9974 -0.0609
vn -0.0366 0.9993 0.0118
vn -0.1396 0.6721 0.7272
vn -0.0142 0.9850 0.1722
vn 0.0007 0.9582 0.2860
vn -0.0339 0.9934 0.1093
vn -0.2621 0.7620 0.5922
vn 0.0542 0.9861 -0.1569
vn 0.0496 0.9957 0.0788
vn -0.1106 0.9738 0.1989
vn 0.0345 0.9993 -0.0134
vn 0.0762 0.9960 0.0472
vn 0.0786 0.9957 0.0498
vn -0.0114 0.9973 0.0723
vn 0.0572 0.9981 0.0245
vn 0.0343 0.9994 -0.0072
vn 0.0256 0.9992 -0.0323
vn 0.6280 0.6404 -0.4420
vn -0.0236 0.9991 -0.0356
vn -0.0155 0.9890 0.1468
vn -0.0188 0.9971 0.0736
vn 0.0485 0.9981 0.0376
vn 0.0447 0.9984 0.0346
vn -0.0277 0.9989 -0.0366
vn 0.0270 0.9980 -0.0580
vn -0.0353 0.9992 0.0180
vn -0.0083 0.9995 -0.0311
vn 0.1557 0.9867 0.0472
vn 0.0479 0.9298 -0.3648
vn 0.0001 0.9405 -0.3397
vn -0.0031 0.9995 -0.0312
vn 0.0526 0.9985 0.0156
vn -0.2550 0.9058 -0.3383
vn 0.1055 0.9944 0.0112
vn 0.3806 0.5913 -0.7110
vn -0.2897 0.9434 -0.1613
vn -0.0995 0.9924 0.0729
vn -0.2268 0.9548 0.1924
vn -0.2130 0.8321 0.5122
vn -0.0143 0.9996 -0.0250
vn 0.0108 0.9999 0.0048
vn -0.0027 0.9991 0.0430
vn -0.0036 1.0000 -0.0050
vn -0.0170 0.9993 0.0341
vn 0.0122 0.9998 -0.0182
vn 0.0097 0.9998 -0.0162
vn -0.0113 0.9999 -0.0065
vn -0.1155 0.9163 -0.3834
vn 0.0038 0.9999 0.0145
vn -0.0044 0.9999 -0.0109
vn 0.0120 0.9985 -0.0538
vn 0.2334 0.8290 -0.5082
vn 0.2967 0.7874 -0.5404
vn 0.3172 0.6437 -0.6965
vn 0.2494 0.8459 -0.4714
vn 0.1110 0.9878 -0.1090
vn 0.0910 0.9942 -0.0576
vn 0.0406 0.9785 0.2022
vn -0.0007 0.9995 0.0302
vn -0.0779 0.9917 -0.1020
vn 0.0469 0.9972 -0.0588
vn 0.1064 0.9918 0.0709
vn 0.0810 0.9930 0.0858
vn 0.0487 0.9971 -0.0590
vn 0.0573 0.9978 0.0342
vn 0.2031 0.9787 -0.0298
vn 0.0938 0.9925 -0.0782
vn 0.0249 0.9996 -0.0120
vn -0.0866 0.9903 0.1090
vn -0.0811 0.9884 0.1285
vn -0.1653 0.9798 0.1128
vn -0.1451 0.9841 0.1026
vn -0.0390 0.9987 0.0328
vn 0.0190 0.9950 0.0976
vn 0.0877 0.9956 0.0320
vn 0.1316 0.9913 0.0038
vn -0.0046 0.9993 0.0380
vn -0.1797 0.9588 0.2200
vn 0.0530 0.9850 0.1639
vn 0.0663 0.9779 0.1983
vn 0.5769 0.7645 0.2876
vn 0.0032 0.9676 0.2523
vn -0.0107 0.9996 -0.0248
vn 0.1998 0.9457 0.2563
vn 0.0066 1.0000 0.0061
vn -0.0306 0.9992 -0.0248
vn 0.0227 0.9880 0.1530
vn -0.0098 0.9998 0.0170
vn -0.0350 0.9994 0.0036
vn 0.0080 0.9999 -0.0087
vn 0.0083 0.9978 -0.0655
vn -0.0289 0.9992 0.0259
vn -0.0293 0.9985 -0.0458
vn -0.1935 0.9600 0.2024
vn -0.0257 0.9997 0.0034
vn 0.0432 0.9980 0.0453
vn -0.1142 0.9742 0.1947
vn 0.0298 0.9952 0.0931
vn 0.0748 0.9965 0.0366
vn 0.3071 0.7416 -0.5964
vn 0.6322 0.6822 -0.3673
vn -0.0593 0.9973 -0.0427
vn 0.2738 0.7340 0.6215
vn -0.0128 0.9999 0.0114
vn -0.0132 0.9985 0.0532
vn 0.1158 0.9115 -0.3946
vn 0.2367 0.9555 -0.1760
vn -0.0743 0.9956 -0.0563
vn 0.1981 0.9668 -0.1617
vn 0.2318 0.9428 -0.2394
vn 0.2292 0.6965 -0.6799
vn 0.1374 0.8608 -0.4900
vn -0.0119 0.9993 -0.0341
vn -0.2783 0.8037 -0.5260
vn -0.1556 0.9719 0.1769
vn -0.1312 0.7489 -0.6496
vn -0.2571 0.9590 -0.1192
vn -0.2001 0.8179 0.5395
vn 0.0024 0.9985 0.0549
vn -0.1686 0.9308 0.3242
vn 0.0074 0.8593 0.5115
vn 0.2018 0.9260 0.3191
vn -0.0043 0.9971 0.0755
vn -0.1562 0.9833 0.0936
vn 0.2182 0.9717 0.0903
vn 0.2275 0.9709 0.0752
vn 0.0383 0.9977 0.0563
vn -0.0253 0.9936 0.1101
vn 0.0927 0.9955 0.0169
vn -0.1561 0.8722 0.4636
vn -0.4207 0.8707 0.2547
vn 0.6858 0.6685 0.2878
vn 0.5357 0.8290 -0.1604
vn 0.2377 0.9705 -0.0408
vn 0.0541 0.9983 -0.0197
vn 0.1790 0.9329 -0.3125
vn 0.4038 0.7170 0.5682
vn -0.5873 0.7213 0.3672
vn -0.4043 0.7242 0.5586
vn 0.0723 0.9905 0.1168
vn -0.0588 0.9967 -0.0567
vn -0.0713 0.9942 -0.0810
vn 0.0325 0.9994 0.0106
vn 0.9028 0.2182 -0.3705
vn -0.0158 0.9996 -0.0215
vn 0.0238 0.9997 0.0024
vn -0.0039 0.9993 0.0372
vn -0.0210 0.9994 -0.0273
vn 0.0567 0.9934 0.0997
vn -0.0211 0.9997 -0.0108
vn -0.0135 0.9997 -0.0189
vn -0.0025 1.0000 -0.0015
vn 0.1179 0.9770 0.1775
vn 0.1059 0.9931 0.0499
vn -0.0132 0.9997 0.0211
vn -0.0117 0.9999 0.0025
vn -0.0220 0.9996 -0.0190
vn -0.0003 0.9999 -0.0123
vn 0.0931 0.9846 -0.1483
vn 0.1321 0.9912 -0.0018
vn -0.0489 0.9899 0.1334
vn 0.2889 0.9571 -0.0216
vn 0.0235 0.9996 0.0154
vn 0.2244 0.9744 -0.0158
vn 0.1828 0.9794 0.0855
vn -0.1210 0.9779 0.1704
vn -0.0561 0.9939 0.0948
vn -0.0527 0.9779 0.2025
vn 0.0390 0.9973 0.0615
vn 0.2004 0.9791 -0.0335
vn 0.0900 0.9885 0.1212
vn 0.0555 0.9817 -0.1821
vn -0.0257 0.9993 -0.0257
vn 0.0626 0.9777 -0.2005
vn 0.0674 0.9324 -0.3551
vn 0.0133 0.9999 0.0064
vn -0.0005 1.0000 -0.0014
vn 0.0139 0.9999 0.0059
vn 0.0152 0.9999 0.0028
vn 0.0305 0.9995 -0.0056
vn 0.0696 0.9975 0.0096
vn 0.0774 0.9950 -0.0633
vn 0.0711 0.9915 -0.1093
vn -0.0117 0.9999 0.0033
vn -0.0183 0.9614 -0.2746
vn 0.0344 0.9757 -0.2164
vn -0.0289 0.9991 -0.0306
vn -0.2144 0.9722 -0.0937
vn -0.0387 0.9978 0.0541
vn -0.0647 0.9961 0.0608
vn -0.1133 0.9619 -0.2489
vn -0.0915 0.9892 -0.1144
vn 0.0358 0.9993 0.0113
vn -0.2157 0.9728 -0.0842
vn -0.1227 0.9810 -0.1504
vn -0.5375 0.7760 0.3302
vn 0.4084 0.9121 -0.0349
vn 0.6373 0.7691 -0.0491
vn -0.2184 0.9227 0.3178
vn -0.4603 0.8693 0.1802
vn -0.2204 0.9708 -0.0947
vn 0.1506 0.9873 -0.0503
vn 0.1089 0.9667 -0.2317
vn 0.7003 0.6827 -0.2088
vn 0.5502 0.8009 -0.2362
vn 0.0346 0.8132 -0.5810
vn 0.1084 0.9939 -0.0187
vn 0.0455 0.9989 0.0106
vn -0.0276 0.9989 0.0373
vn -0.0981 0.9949 -0.0249
vn -0.0077 0.9973 -0.0725
vn -0.0260 0.9965 -0.0794
vn 0.0696 0.9975 -0.0094
vn 0.0561 0.9984 -0.0040
vn 0.0209 0.9997 -0.0138
vn -0.0057 0.9999 -0.0098
vn 0.0191 0.9990 -0.0408
vn -0.1258 0.9868 0.1015
vn -0.0828 0.9484 0.3060
vn -0.0009 0.9988 0.0497
vn -0.0181 0.9919 0.1255
vn -0.0374 0.9913 0.1258
vn 0.0460 0.9188 0.3921
vn 0.0881 0.9624 0.2569
vn -0.0429 0.9990 -0.0142
vn 0.1368 0.8713 0.4713
vn 0.2417 0.8896 0.3877
vn 0.0272 0.9203 0.3903
vn -0.0465 0.9125 0.4063
vn -0.1650 0.9091 0.3824
vn 0.1623 0.9165 0.3656
vn 0.0400 0.9946 0.0962
vn -0.0844 0.9470 0.3100
vn 0.0140 0.9979 0.0640
vn 0.1336 0.9722 -0.1921
vn -0.0172 0.9998 -0.0114
vn -0.0009 0.9999 0.0168
vn 0.0792 0.9969 -0.0014
vn 0.0045 0.9998 0.0172
vn 0.1064 0.9937 -0.0349
vn -0.0645 0.9970 0.0433
vn 0.0254 0.9992 -0.0295
vn -0.0946 0.9946 -0.0436
vn -0.0852 0.9919 0.0944
vn 0.0154 0.9983 0.0559
vn -0.0545 0.9985 -0.0034
vn 0.0455 0.9984 0.0348
vn 0.0012 1.0000 0.0023
vn -0.0829 0.9930 -0.0846
vn -0.1417 0.9893 -0.0342
vn 0.0142 0.9998 -0.0104
vn -0.0000 1.0000 0.0022
vn -0.0002 0.9996 0.0296
vn -0.0021 0.9999 0.0152
vn -0.0372 0.9990 0.0263
vn -0.0428 0.9991 -0.0001
vn 0.0327 0.9990 0.0320
vn 0.0005 0.9997 0.0264
vn -0.0607 0.9977 -0.0299
vn 0.0165 0.9983 -0.0553
vn 0.0190 0.9998 -0.0074
vn -0.0428 0.9991 0.0052
vn -0.0076 0.9998 0.0202
vn 0.0343 0.9988 0.0341
vn 0.0564 0.9976 0.0400
vn 0.0827 0.9941 0.0707
vn 0.0402 0.9992 0.0010
vn -0.0186 0.9998 -0.0081
vn -0.0468 0.9987 -0.0211
vn -0.0028 0.9972 0.0751
vn -0.0388 0.9992 -0.0109
vn -0.0767 0.9965 -0.0318
vn 0.0005 0.9985 0.0552
vn -0.0056 1.0000 0.0020
vn 0.0116 0.9996 0.0265
vn -0.0017 1.0000 0.0093
vn -0.0837 0.9961 0.0285
vn 0.0427 0.9967 0.0695
vn -0.1241 0.9923 0.0003
vn 0.0138 0.9993 0.0334
vn -0.0578 0.9983 -0.0120
vn 0.0147 0.9993 0.0330
vn -0.0363 0.9982 0.0477
vn -0.0760 0.9939 0.0801
vn -0.0394 0.9969 0.0684
vn 0.0074 0.9960 0.0896
vn -0.0214 0.9753 0.2198
vn -0.0324 0.9992 -0.0242
vn 0.0235 0.9983 0.0526
vn 0.0046 0.9992 0.0403
vn 0.0336 0.9991 0.0266
vn 0.0393 0.9987 0.0340
vn -0.0365 0.9990 0.0275
vn 0.0286 0.9993 0.0238
vn -0.0387 0.9990 0.0244
vn 0.0467 0.9988 -0.0147
vn 0.0902 0.9944 -0.0557
vn -0.0291 0.9996 0.0035
vn 0.0139 0.9983 -0.0573
vn 0.0211 0.9990 -0.0382
vn -0.0109 0.9978 -0.0660
vn 0.0495 0.9988 0.0046
vn -0.0051 0.9976 -0.0684
vn 0.0514 0.9986 -0.0090
vn 0.0759 0.9961 0.0460
vn -0.0159 0.9947 -0.1018
vn 0.1754 0.9845 0.0093
vn 0.1890 0.9817 -0.0233
vn 0.0079 1.0000 -0.0005
vn 0.4897 -0.8653 0.1071
vn 0.1174 -0.9246 -0.3624
vn 0.0267 -0.9915 0.1276
vn 0.1871 -0.9819 0.0277
vn 0.0094 -0.9993 -0.0367
vn 0.0698 -0.9878 -0.1392
vn 0.2068 -0.9614 -0.1816
vn -0.2895 -0.9448 -0.1536
vn 0.1711 -0.9798 -0.1031
vn 0.0069 -0.9963 -0.0858
vn 0.1719 -0.9192 -0.3543
vn 0.0266 -0.9996 -0.0126
vn 0.1575 -0.9864 -0.0462
vn 0.2972 -0.5562 -0.7761
vn -0.4589 -0.8400 -0.2895
vn 0.4035 -0.9124 0.0690
vn 0.1162 -0.6760 -0.7277
vn 0.4434 -0.8946 -0.0552
vn -0.0655 -0.9551 -0.2890
vn 0.5307 -0.8273 -0.1840
vn 0.2083 -0.9565 -0.2041
vn 0.4808 -0.7779 0.4046
vn 0.3055 -0.9101 -0.2799
vn 0.1901 -0.9633 -0.1895
vn 0.1570 -0.9733 -0.1673
vn 0.1887 -0.9636 -0.1896
vn 0.1620 -0.9650 -0.2064
vn 0.2238 -0.9356 -0.2730
vn 0.1805 -0.9683 -0.1725
vn 0.0791 -0.9812 -0.1758
vn 0.0684 -0.9883 -0.1360
vn 0.2113 -0.9714 -0.1084
vn 0.1973 -0.8689 -0.4540
vn 0.3279 -0.9022 -0.2801
vn 0.2036 -0.9176 -0.3414
vn 0.0467 -0.9605 -0.2744
vn 0.0455 -0.9610 -0.2727
vn 0.3320 -0.9151 -0.2288
vn -0.0560 -0.9749 -0.2156
vn 0.2421 -0.9652 -0.0992
vn 0.0935 -0.9496 -0.2992
vn 0.3175 -0.8404 -0.4393
vn 0.0878 -0.9646 -0.2485
vn 0.0264 -0.9629 -0.2685
vn 0.1482 -0.9770 -0.1535
vn 0.1592 -0.9721 -0.1721
vn 0.1885 -0.9634 -0.1906
vn 0.1965 -0.9576 -0.2105
vn 0.1156 -0.9831 -0.1419
vn 0.1735 -0.9672 -0.1854
vn 0.1163 -0.9728 -0.2004
vn 0.0879 -0.9829 -0.1615
vn -0.0895 -0.9959 -0.0162
vn -0.0220 -0.9994 0.0264
vn 0.1641 -0.9862 -0.0233
vn -0.1964 -0.9793 -0.0491
vn -0.0887 -0.9959 -0.0173
vn -0.1391 -0.9869 0.0817
vn 0.0814 -0.9861 -0.1451
vn -0.0369 -0.9980 0.0522
vn 0.0367 -0.9989 -0.0280
vn -0.0033 -0.9925 -0.1223
vn 0.1085 -0.9689 -0.2226
vn -0.0626 -0.9708 0.2315
vn 0.0494 -0.9946 0.0913
vn 0.0022 -0.9946 0.1041
vn -0.0343 -0.9989 0.0305
vn 0.2105 -0.9522 -0.2215
vn 0.2605 -0.9509 -0.1670
vn 0.2038 -0.9671 -0.1521
vn 0.4883 -0.8657 -0.1103
vn 0.0201 -0.9605 -0.2777
vn -0.1670 -0.9782 0.1238
vn -0.1211 -0.9800 0.1581
vn -0.1635 -0.9754 0.1479
vn -0.1294 -0.9751 0.1802
vn -0.0664 -0.9876 0.1425
vn -0.0734 -0.9866 0.1459
vn -0.1036 -0.9851 0.1375
vn -0.0996 -0.9833 0.1525
vn -0.0666 -0.9735 0.2187
vn -0.0733 -0.9720 0.2232
vn 0.0492 -0.9976 0.0492
vn 0.1138 -0.9826 -0.1468
vn 0.1270 -0.9784 -0.1633
vn 0.1285 -0.9741 -0.1863
vn 0.1893 -0.9679 -0.1653
vn 0.1379 -0.9785 -0.1537
vn 0.1837 -0.9707 -0.1546
vn 0.0973 -0.9883 -0.1175
vn 0.1505 -0.9714 -0.1839
vn 0.0750 -0.9883 -0.1326
vn 0.1238 -0.9742 -0.1886
vn 0.0097 -0.9939 0.1094
vn 0.3365 -0.9417 -0.0050
vn 0.2313 -0.9716 -0.0495
vn 0.2250 -0.9649 -0.1352
vn 0.1091 -0.8896 -0.4435
vn -0.0853 -0.9941 -0.0675
vn 0.2002 -0.9794 -0.0276
vn -0.0902 -0.9931 -0.0743
vn -0.1060 -0.9929 0.0540
vn -0.1917 -0.9806 -0.0410
vn 0.0442 -0.9922 0.1166
vn -0.1799 -0.9834 -0.0257
vn -0.0825 -0.9966 0.0011
vn -0.0047 -1.0000 -0.0012
vn -0.1738 -0.9817 -0.0776
vn 0.0214 -0.9991 0.0372
vn 0.1353 -0.9635 -0.2312
vn 0.4272 -0.9038 -0.0239
vn 0.0069 -0.9960 -0.0886
vn 0.1747 -0.9845 -0.0152
vn -0.0083 -0.9889 -0.1484
vn -0.0146 -0.9999 0.0031
vn -0.1698 -0.9702 -0.1730
vn -0.0418 -0.9988 -0.0237
vn 0.1846 -0.9828 -0.0083
vn 0.0708 -0.9560 -0.2848
vn 0.1452 -0.9774 -0.1536
vn 0.2050 -0.9634 -0.1726
vn 0.1468 -0.9891 -0.0047
vn 0.2273 -0.8666 -0.4442
vn 0.0996 -0.9407 -0.3243
vn 0.0909 -0.9875 -0.1291
vn 0.1214 -0.9814 -0.1485
vn -0.3511 -0.8223 0.4478
vn -0.1650 -0.9776 -0.1308
vn -0.1492 -0.9846 -0.0915
vn -0.1038 -0.9754 -0.1944
vn -0.0867 -0.9787 -0.1860
vn -0.2109 -0.9570 -0.1992
vn -0.1733 -0.9531 -0.2482
vn -0.1997 -0.9581 -0.2052
vn -0.0654 -0.9890 -0.1328
vn -0.1969 -0.8201 -0.5373
vn -0.7658 -0.5642 0.3086
vn -0.3937 -0.9028 -0.1728
vn -0.2675 -0.9328 -0.2417
vn -0.1075 -0.9923 -0.0611
vn -0.1573 -0.9763 -0.1484
vn -0.2581 -0.9461 -0.1955
vn -0.2729 -0.9595 -0.0706
vn 0.2357 -0.9716 -0.0185
vn 0.2816 -0.9561 0.0816
vn 0.1744 -0.9846 -0.0138
vn -0.1967 -0.9805 -0.0041
vn 0.0833 -0.9844 -0.1550
vn -0.0324 -0.9846 -0.1716
vn 0.1462 -0.9565 -0.2523
vn 0.0588 -0.9477 -0.3137
vn -0.0107 -0.9868 0.1614
vn -0.1210 -0.9926 -0.0106
vn 0.0810 -0.9789 -0.1876
vn -0.1782 -0.9624 -0.2050
vn -0.2052 -0.9599 -0.1912
vn -0.1806 -0.9726 -0.1463
vn -0.1616 -0.9868 -0.0003
vn -0.2030 -0.9748 -0.0930
vn -0.1997 -0.9579 -0.2062
vn -0.2212 -0.9582 -0.1812
vn -0.2133 -0.9761 -0.0416
vn -0.1054 -0.9916 0.0748
vn -0.1233 -0.9918 0.0341
vn -0.2189 -0.9748 -0.0438
vn -0.0619 -0.9867 0.1504
vn -0.1136 -0.9935 0.0110
vn -0.1510 -0.9875 -0.0454
vn -0.1908 -0.9578 -0.2149
vn -0.1626 -0.9620 -0.2194
vn -0.1867 -0.9819 -0.0306
vn -0.1882 -0.9817 -0.0277
vn -0.2027 -0.9738 -0.1031
vn -0.1766 -0.9641 -0.1981
vn 0.0089 -0.9995 -0.0305
vn -0.1553 -0.9879 0.0060
vn -0.1136 -0.9785 0.1720
vn 0.6411 -0.7575 0.1232
vn -0.0799 -0.9235 0.3753
vn -0.0977 -0.9699 0.2231
vn -0.0812 -0.9233 0.3753
vn 0.0828 -0.9526 0.2927
vn 0.1537 -0.9559 0.2503
vn 0.0187 -0.9680 0.2501
vn 0.0156 -0.9700 0.2426
vn -0.0320 -0.9827 0.1823
vn -0.0045 -0.9767 0.2148
vn 0.0660 -0.9631 0.2608
vn 0.1036 -0.9924 0.0658
vn 0.0420 -0.9747 0.2195
vn -0.0972 -0.9804 0.1714
vn -0.1082 -0.9518 0.2869
vn 0.0259 -0.9889 -0.1465
vn -0.0864 -0.9785 0.1873
vn -0.0958 -0.9861 0.1355
vn 0.0144 -0.9866 0.1625
vn 0.0537 -0.9964 -0.0659
vn 0.0117 -0.9983 0.0564
vn -0.0784 -0.9737 0.2138
vn -0.0809 -0.9810 0.1765
vn -0.0458 -0.9658 0.2551
vn 0.0715 -0.9846 0.1592
vn 0.0912 -0.9695 -0.2277
vn 0.4116 -0.8436 0.3447
vn 0.3426 -0.8966 0.2806
vn -0.0768 -0.9814 0.1760
vn 0.1230 -0.9891 -0.0808
vn 0.1096 -0.9940 0.0042
vn -0.0622 -0.9188 0.3899
vn 0.0295 -0.9508 0.3085
vn -0.0390 -0.9445 0.3262
vn 0.0018 -0.9599 0.2802
vn 0.0120 -0.9257 0.3782
vn 0.0023 -0.9595 0.2819
vn 0.1830 -0.9775 0.1045
vn 0.1187 -0.9905 0.0690
vn 0.1340 -0.9890 -0.0627
vn -0.0574 -0.9528 -0.2980
vn 0.1515 -0.9883 0.0168
vn -0.2039 -0.9736 -0.1028
vn -0.1370 -0.9905 -0.0068
vn -0.3144 -0.9254 0.2116
vn -0.1532 -0.9881 0.0099
vn 0.0359 -0.9993 0.0064
vn -0.3726 -0.9252 0.0717
vn 0.0049 -0.9999 -0.0123
vn 0.1348 -0.9718 0.1934
vn 0.1748 -0.9752 0.1355
vn 0.1012 -0.9919 0.0761
vn 0.0990 -0.8764 0.4712
vn 0.0687 -0.9636 0.2586
vn -0.0072 -0.9693 0.2458
vn -0.0172 -0.9729 0.2308
vn 0.0010 -0.9514 0.3080
vn 0.0158 -0.9690 0.2467
vn -0.0138 -0.9756 0.2191
vn -0.0931 -0.9865 0.1344
vn -0.0592 -0.9700 0.2359
vn -0.0338 -0.9601 0.2775
vn 0.0133 -0.9723 0.2332
vn 0.1219 -0.9916 0.0425
vn 0.1614 -0.9867 -0.0201
vn 0.1604 -0.9867 -0.0264
vn 0.1232 -0.9915 0.0426
vn 0.2169 -0.9757 0.0319
vn 0.1713 -0.9848 -0.0286
vn 0.1086 -0.9926 -0.0551
vn 0.1690 -0.9851 -0.0312
vn 0.1694 -0.9851 -0.0303
vn 0.1727 -0.9842 -0.0385
vn 0.1638 -0.9850 -0.0533
vn 0.1257 -0.9715 -0.2012
vn 0.2519 -0.9674 0.0276
vn 0.1731 -0.9688 0.1772
vn 0.1883 -0.9821 0.0067
vn 0.0949 -0.9952 -0.0232
vn 0.1627 -0.9855 -0.0481
vn 0.1477 -0.9874 -0.0574
vn 0.0351 -0.9994 0.0053
vn 0.1092 -0.9934 -0.0347
vn 0.1428 -0.9880 -0.0583
vn 0.1578 -0.9852 -0.0665
vn 0.0746 -0.9965 -0.0364
vn 0.0812 -0.9957 -0.0452
vn 0.0979 -0.9938 -0.0535
vn 0.0734 -0.9958 -0.0553
vn 0.0536 -0.9975 -0.0458
vn 0.1460 -0.9881 -0.0482
vn 0.1672 -0.9846 -0.0503
vn 0.1196 -0.9913 -0.0547
vn 0.1776 -0.9808 -0.0801
vn -0.0424 -0.9925 0.1143
vn 0.1502 -0.9855 -0.0787
vn 0.1677 -0.9831 -0.0733
vn 0.1634 -0.9823 -0.0911
vn 0.2214 -0.9704 -0.0965
vn 0.1564 -0.9797 -0.1256
vn 0.0373 -0.9960 0.0815
vn 0.0157 -0.9998 0.0152
vn 0.1487 -0.9857 -0.0788
vn 0.2147 -0.9709 -0.1062
vn 0.0441 -0.9985 -0.0333
vn -0.0217 -0.9997 0.0147
vn 0.0913 -0.9958 -0.0023
vn 0.0228 -0.9994 -0.0247
vn 0.0413 -0.9988 -0.0272
vn 0.1255 -0.9915 -0.0341
vn 0.0776 -0.9970 -0.0061
vn 0.0660 -0.9975 -0.0237
vn -0.4124 -0.8887 0.2004
vn -0.4180 -0.8687 0.2657
vn -0.4120 -0.7961 0.4433
vn 0.0246 -0.9591 0.2820
vn -0.2692 -0.8500 0.4527
vn -0.0444 -0.9735 0.2245
vn 0.0015 -0.9681 0.2506
vn -0.4001 -0.8722 0.2814
vn 0.0005 -0.9994 0.0360
vn -0.0127 -0.9989 0.0447
vn -0.0058 -0.9994 0.0341
vn 0.1168 -0.9928 -0.0274
vn 0.0562 -0.9984 -0.0090
vn 0.0300 -0.9992 0.0247
vn 0.0471 -0.9988 -0.0168
vn 0.0170 -0.9994 -0.0313
vn 0.0786 -0.9968 0.0112
vn -0.0111 -0.9995 -0.0292
vn -0.0463 -0.9972 -0.0579
vn 0.0269 -0.9996 0.0080
vn 0.0388 -0.9992 -0.0001
vn -0.0194 -0.9956 -0.0921
vn -0.0213 -0.9951 -0.0964
vn -0.0169 -0.9973 -0.0719
vn 0.0816 -0.9957 -0.0433
vn 0.0264 -0.9996 0.0049
vn -0.0330 -0.9991 -0.0278
vn -0.0270 -0.9996 -0.0074
vn 0.7883 -0.4240 0.4459
vn 0.0802 -0.9965 -0.0221
vn 0.0284 -0.9993 0.0225
vn 0.0650 -0.9978 0.0131
vn 0.0635 -0.9980 0.0036
vn 0.0390 -0.9978 -0.0539
vn 0.0378 -0.9993 0.0028
vn -0.0249 -0.9949 -0.0976
vn -0.0443 -0.9984 -0.0347
vn 0.1005 -0.9946 -0.0252
vn 0.1554 -0.9878 -0.0049
vn 0.1125 -0.9886 -0.1000
vn 0.1622 -0.9857 -0.0452
vn 0.1705 -0.9833 -0.0633
vn 0.1583 -0.9873 -0.0126
vn -0.7232 -0.6242 -0.2954
vn -0.0426 -0.9054 -0.4223
vn -0.3632 -0.8873 -0.2844
vn 0.1106 -0.9937 -0.0198
vn 0.0470 -0.9779 0.2038
vn -0.1569 -0.9860 -0.0564
vn 0.0643 -0.9976 -0.0275
vn 0.0788 -0.9966 -0.0224
vn 0.0719 -0.9967 -0.0386
vn 0.0739 -0.9973 -0.0006
vn 0.0598 -0.9982 -0.0035
vn 0.0678 -0.9970 -0.0367
vn -0.5042 -0.8635 -0.0120
vn -0.3353 -0.8766 -0.3451
vn 0.1627 -0.8749 0.4562
vn 0.1527 -0.9850 -0.0801
vn 0.0204 -0.9980 0.0600
vn 0.2369 -0.9700 -0.0537
vn 0.1197 -0.9829 0.1400
vn 0.0297 -0.9799 -0.1972
vn 0.0221 -0.9945 -0.1021
vn 0.2403 -0.9567 0.1645
vn 0.2588 -0.9657 -0.0208
vn 0.0950 -0.9939 0.0562
vn 0.3828 -0.9096 -0.1615
vn 0.0235 -0.9807 -0.1941
vn 0.1020 -0.9943 -0.0294
vn 0.0259 -0.9995 -0.0180
vn 0.0350 -0.9993 -0.0148
vn 0.1266 -0.9916 -0.0276
vn 0.0505 -0.9947 -0.0891
vn 0.1756 -0.9806 0.0874
vn 0.0180 -0.9998 0.0057
vn 0.0618 -0.9977 0.0285
vn 0.1308 -0.9891 -0.0674
vn 0.0735 -0.9969 0.0279
vn 0.1286 -0.9893 -0.0683
vn 0.0089 -1.0000 -0.0021
vn 0.1495 -0.9883 0.0304
vn 0.0984 -0.9936 -0.0552
vn 0.0797 -0.9967 0.0133
vn 0.1060 -0.9881 -0.1117
vn 0.0743 -0.9910 -0.1111
vn 0.0721 -0.9970 0.0288
vn 0.1567 -0.9844 -0.0798
vn 0.1064 -0.9929 -0.0531
vn 0.0814 -0.9964 -0.0247
vn 0.0767 -0.9956 0.0537
vn 0.0921 -0.9953 0.0313
vn 0.0888 -0.9959 0.0198
vn 0.1046 -0.9891 0.1037
vn 0.1143 -0.9893 0.0905
vn 0.1759 -0.9817 0.0731
vn 0.1099 -0.9876 0.1123
vn 0.1109 -0.9845 0.1360
vn 0.1186 -0.9876 0.1030
vn 0.1674 -0.9815 0.0926
vn 0.0901 -0.9874 0.1301
vn 0.1446 -0.9819 0.1222
vn 0.1975 -0.9440 0.2643
vn 0.2887 -0.9570 0.0266
vn 0.2181 -0.9561 0.1957
vn 0.1187 -0.9872 0.1069
vn 0.1568 -0.9555 0.2499
vn 0.0379 -0.9935 0.1073
vn 0.1687 -0.9645 0.2032
vn 0.0795 -0.9898 0.1184
vn 0.0428 -0.9932 0.1083
vn 0.0603 -0.9839 0.1684
vn 0.0630 -0.9818 0.1789
vn 0.1775 -0.9727 0.1493
vn 0.0850 -0.9837 0.1585
vn -0.1168 -0.9931 0.0105
vn -0.0782 -0.9947 0.0674
vn 0.0934 -0.9954 0.0223
vn -0.0397 -0.9989 0.0269
vn -0.0456 -0.9986 0.0257
vn 0.1797 -0.9757 -0.1254
vn 0.1831 -0.9746 -0.1289
vn 0.1909 -0.9799 -0.0579
vn 0.2048 -0.9562 0.2093
vn 0.1908 -0.9813 -0.0248
vn 0.1407 -0.9900 -0.0101
vn 0.1937 -0.9764 -0.0951
vn 0.1268 -0.9910 -0.0419
vn 0.2029 -0.9778 -0.0519
vn 0.2434 -0.9583 -0.1497
vn 0.2459 -0.9577 -0.1498
vn 0.1566 -0.9862 -0.0534
vn 0.1439 -0.9885 -0.0466
vn 0.0649 -0.9975 -0.0289
vn 0.1304 -0.9899 -0.0565
vn 0.0832 -0.9961 -0.0287
vn 0.0704 -0.9972 -0.0255
vn 0.0666 -0.9964 -0.0525
vn 0.0612 -0.9965 -0.0564
vn 0.0720 -0.9974 0.0028
vn 0.0681 -0.9973 -0.0283
vn 0.0458 -0.9989 -0.0045
vn -0.0061 -1.0000 -0.0049
vn 0.0472 -0.9989 0.0031
vn 0.0998 -0.9945 0.0306
vn 0.0398 -0.9990 0.0191
vn 0.0309 -0.9995 0.0090
vn 0.0075 -0.9999 -0.0073
vn 0.0030 -1.0000 0.0007
vn 0.0600 -0.9982 0.0014
vn 0.0488 -0.9982 0.0343
vn 0.0120 -0.9986 0.0522
vn 0.0156 -0.9999 0.0036
vn 0.0252 -0.9984 0.0510
vn 0.1244 -0.9916 -0.0345
vn 0.1092 -0.9937 -0.0265
vn 0.0240 -0.9991 -0.0355
vn 0.0417 -0.9991 -0.0018
vn 0.0205 -0.9997 -0.0113
vn 0.0167 -0.9998 0.0061
vn 0.1077 -0.9941 -0.0110
vn 0.0822 -0.9966 0.0058
vn 0.1284 -0.9760 0.1760
vn 0.0859 -0.9812 0.1729
vn 0.0975 -0.9869 0.1288
vn 0.0293 -0.9995 0.0151
vn 0.0730 -0.9784 0.1936
vn 0.0302 -0.9995 -0.0012
vn 0.0983 -0.9950 0.0146
vn 0.0839 -0.9964 -0.0083
vn 0.0318 -0.9994 -0.0126
vn 0.1122 -0.9937 0.0026
vn 0.0730 -0.9861 0.1494
vn 0.0848 -0.9896 0.1161
vn 0.0679 -0.9976 0.0119
vn 0.0917 -0.9958 -0.0004
vn 0.0866 -0.9962 0.0080
vn 0.0796 -0.9968 0.0009
vn 0.0865 -0.9960 0.0237
vn 0.0891 -0.9958 0.0196
vn 0.0652 -0.9961 0.0593
vn 0.0755 -0.9971 0.0021
vn -0.0332 -0.9987 -0.0388
vn 0.2668 -0.9630 -0.0393
vn 0.2661 -0.9629 0.0456
vn 0.1600 -0.9604 0.2280
vn 0.2700 -0.9624 0.0313
vn 0.0520 -0.9986 0.0093
vn 0.1497 -0.9771 0.1515
vn 0.0799 -0.9967 0.0121
vn -0.3486 -0.9091 -0.2279
vn -0.2807 -0.9509 0.1300
vn -0.4537 -0.8811 0.1337
vn -0.4899 -0.8624 0.1280
vn -0.3056 -0.9445 0.1205
vn -0.3447 -0.9295 0.1314
vn -0.3561 -0.8979 0.2589
vn -0.4207 -0.8998 0.1153
vn -0.3829 -0.8963 0.2235
vn -0.3776 -0.8991 0.2214
vn -0.3390 -0.9054 0.2557
vn -0.3037 -0.9525 0.0220
vn -0.3145 -0.9466 0.0706
vn -0.4547 -0.8883 -0.0642
vn -0.3801 -0.9101 0.1650
vn -0.3925 -0.9140 0.1030
vn -0.3509 -0.9360 -0.0265
vn -0.2776 -0.9605 0.0209
vn -0.2297 -0.9732 0.0079
vn -0.1900 -0.9787 0.0774
vn -0.3467 -0.9380 -0.0021
vn -0.4702 -0.8826 -0.0021
vn -0.2387 -0.9702 -0.0423
s 0
f 160//1 145//1 158//1
f 315//2 314//2 316//2
f 1826//3 1825//3 1827//3
f 180//4 179//4 181//4
f 145//5 143//5 142//5
f 317//6 321//6 320//6
f 228//7 220//7 232//7
f 325//8 282//8 326//8
f 19//9 7//9 4//9
f 156//10 153//10 151//10
f 213//11 211//11 214//11
f 275//12 269//12 272//12
f 286//13 287//13 290//13
f 304//14 302//14 307//14
f 256//15 249//15 254//15
f 134//16 135//16 138//16
f 147//17 146//17 149//17
f 270//18 268//18 271//18
f 190//19 185//19 193//19
f 283//20 298//20 278//20
f 139//21 136//21 140//21
f 242//22 239//22 243//22
f 255//23 251//23 252//23
f 265//24 264//24 267//24
f 22//25 25//25 20//25
f 62//26 67//26 64//26
f 86//27 88//27 85//27
f 223//28 222//28 224//28
f 78//29 81//29 77//29
f 250//30 252//30 247//30
f 256//31 261//31 263//31
f 274//32 273//32 282//32
f 1974//33 1623//33 1627//33
f 2120//34 2118//34 2116//34
f 1425//35 1418//35 1417//35
f 1574//36 1579//36 1576//36
f 148//37 158//37 142//37
f 158//38 145//38 142//38
f 143//39 145//39 144//39
f 143//40 144//40 131//40
f 142//41 143//41 131//41
f 142//42 131//42 137//42
f 131//43 120//43 132//43
f 137//44 131//44 132//44
f 157//45 158//45 148//45
f 148//46 142//46 137//46
f 159//47 157//47 148//47
f 155//48 162//48 161//48
f 159//49 148//49 141//49
f 155//50 161//50 165//50
f 161//51 159//51 165//51
f 169//52 170//52 163//52
f 163//53 155//53 165//53
f 148//54 137//54 141//54
f 177//55 179//55 169//55
f 177//56 169//56 173//56
f 169//57 163//57 171//57
f 173//58 169//58 171//58
f 124//59 125//59 3//59
f 125//60 126//60 3//60
f 127//61 129//61 128//61
f 127//62 128//62 17//62
f 17//63 18//63 6//63
f 18//64 8//64 6//64
f 127//65 17//65 126//65
f 126//66 17//66 6//66
f 126//67 6//67 1//67
f 126//68 1//68 3//68
f 8//69 12//69 10//69
f 14//70 21//70 16//70
f 21//71 22//71 23//71
f 16//72 21//72 24//72
f 22//73 30//73 29//73
f 22//74 29//74 23//74
f 32//75 36//75 35//75
f 37//76 39//76 38//76
f 39//77 40//77 41//77
f 31//78 32//78 28//78
f 32//79 35//79 33//79
f 28//80 32//80 34//80
f 39//81 41//81 38//81
f 35//82 37//82 42//82
f 45//83 49//83 44//83
f 49//84 48//84 44//84
f 37//85 38//85 42//85
f 41//86 45//86 44//86
f 38//87 41//87 44//87
f 53//88 54//88 55//88
f 55//89 56//89 57//89
f 56//90 59//90 57//90
f 61//91 69//91 70//91
f 69//92 68//92 70//92
f 59//93 61//93 58//93
f 57//94 59//94 58//94
f 48//95 53//95 50//95
f 53//96 55//96 51//96
f 68//97 73//97 72//97
f 74//98 83//98 84//98
f 68//99 72//99 75//99
f 72//100 74//100 76//100
f 74//101 84//101 76//101
f 84//102 90//102 87//102
f 90//103 89//103 87//103
f 93//104 97//104 95//104
f 97//105 98//105 96//105
f 89//106 93//106 92//106
f 87//107 89//107 92//107
f 68//108 75//108 70//108
f 97//109 96//109 95//109
f 96//110 102//110 100//110
f 102//111 101//111 100//111
f 101//112 105//112 103//112
f 105//113 106//113 103//113
f 106//114 108//114 107//114
f 108//115 111//115 107//115
f 111//116 113//116 112//116
f 112//117 109//117 111//117
f 109//118 110//118 107//118
f 109//119 107//119 111//119
f 101//120 103//120 104//120
f 100//121 101//121 104//121
f 106//122 107//122 103//122
f 96//123 100//123 99//123
f 95//124 96//124 99//124
f 72//125 76//125 75//125
f 95//126 94//126 92//126
f 192//127 191//127 188//127
f 195//128 194//128 192//128
f 198//129 199//129 196//129
f 199//130 195//130 196//130
f 201//131 202//131 200//131
f 202//132 198//132 197//132
f 203//133 204//133 201//133
f 215//134 214//134 209//134
f 214//135 212//135 208//135
f 209//136 214//136 208//136
f 216//137 215//137 209//137
f 217//138 218//138 219//138
f 218//139 209//139 210//139
f 212//140 203//140 205//140
f 208//141 212//141 205//141
f 233//142 234//142 231//142
f 234//143 217//143 231//143
f 218//144 210//144 219//144
f 202//145 197//145 200//145
f 197//146 198//146 196//146
f 195//147 192//147 189//147
f 189//148 192//148 188//148
f 203//149 201//149 200//149
f 195//150 189//150 196//150
f 188//151 182//151 183//151
f 189//152 188//152 187//152
f 237//153 235//153 225//153
f 235//154 231//154 225//154
f 241//155 240//155 237//155
f 248//156 246//156 230//156
f 246//157 241//157 230//157
f 260//158 259//158 248//158
f 262//159 260//159 276//159
f 260//160 248//160 276//160
f 276//161 248//161 280//161
f 241//162 237//162 230//162
f 308//163 309//163 266//163
f 308//164 266//164 310//164
f 266//165 262//165 303//165
f 310//166 266//166 303//166
f 311//167 310//167 303//167
f 313//168 312//168 306//168
f 312//169 311//169 306//169
f 306//170 311//170 303//170
f 297//171 299//171 262//171
f 299//172 303//172 262//172
f 248//173 230//173 280//173
f 296//174 262//174 281//174
f 296//175 297//175 262//175
f 292//176 291//176 285//176
f 291//177 296//177 285//177
f 289//178 292//178 285//178
f 227//179 237//179 225//179
f 293//180 289//180 288//180
f 288//181 289//181 285//181
f 294//182 295//182 293//182
f 288//183 294//183 293//183
f 95//184 92//184 93//184
f 92//185 91//185 87//185
f 87//186 82//186 84//186
f 82//187 79//187 76//187
f 82//188 76//188 84//188
f 75//189 71//189 70//189
f 53//190 51//190 50//190
f 61//191 70//191 66//191
f 66//192 65//192 61//192
f 55//193 57//193 51//193
f 65//194 63//194 58//194
f 65//195 58//195 61//195
f 51//196 52//196 50//196
f 50//197 46//197 48//197
f 46//198 47//198 48//198
f 47//199 44//199 48//199
f 42//200 43//200 33//200
f 42//201 33//201 35//201
f 33//202 34//202 32//202
f 28//203 27//203 31//203
f 27//204 26//204 29//204
f 26//205 23//205 29//205
f 23//206 24//206 21//206
f 27//207 29//207 31//207
f 15//208 13//208 12//208
f 13//209 10//209 12//209
f 16//210 15//210 14//210
f 10//211 11//211 6//211
f 14//212 15//212 12//212
f 10//213 6//213 8//213
f 1//214 2//214 3//214
f 123//215 122//215 124//215
f 122//216 118//216 121//216
f 124//217 122//217 121//217
f 3//218 123//218 124//218
f 114//219 115//219 116//219
f 114//220 116//220 117//220
f 118//221 114//221 117//221
f 117//222 119//222 120//222
f 119//223 133//223 132//223
f 119//224 132//224 120//224
f 118//225 117//225 120//225
f 121//226 118//226 120//226
f 141//227 150//227 166//227
f 150//228 168//228 167//228
f 150//229 167//229 166//229
f 141//230 166//230 165//230
f 141//231 165//231 159//231
f 165//232 164//232 163//232
f 164//233 172//233 171//233
f 173//234 176//234 174//234
f 176//235 175//235 174//235
f 164//236 171//236 163//236
f 177//237 173//237 174//237
f 182//238 177//238 178//238
f 178//239 177//239 174//239
f 178//240 184//240 183//240
f 183//241 186//241 187//241
f 182//242 178//242 183//242
f 183//243 187//243 188//243
f 200//244 206//244 203//244
f 206//245 205//245 203//245
f 208//246 210//246 209//246
f 219//247 221//247 217//247
f 231//248 217//248 221//248
f 221//249 223//249 231//249
f 223//250 226//250 225//250
f 225//251 229//251 227//251
f 230//252 324//252 280//252
f 324//253 318//253 280//253
f 223//254 225//254 231//254
f 237//255 227//255 230//255
f 281//256 262//256 276//256
f 281//257 285//257 296//257
f 276//258 279//258 281//258
f 318//259 319//259 317//259
f 321//260 322//260 320//260
f 320//261 280//261 318//261
f 318//262 317//262 320//262
f 158//263 157//263 137//263
f 157//264 159//264 137//264
f 145//265 158//265 131//265
f 131//266 158//266 137//266
f 131//267 144//267 145//267
f 137//268 159//268 141//268
f 232//269 236//269 228//269
f 236//270 238//270 228//270
f 325//271 323//271 282//271
f 5//272 9//272 4//272
f 9//273 19//273 4//273
f 151//274 152//274 154//274
f 154//275 156//275 151//275
f 213//276 207//276 211//276
f 275//277 277//277 269//277
f 286//278 284//278 287//278
f 304//279 301//279 300//279
f 300//280 302//280 304//280
f 302//281 305//281 307//281
f 256//282 257//282 249//282
f 134//283 130//283 135//283
f 242//284 238//284 239//284
f 255//285 253//285 251//285
f 62//286 60//286 67//286
f 78//287 80//287 81//287
f 247//288 245//288 244//288
f 244//289 250//289 247//289
f 258//290 261//290 256//290
f 261//291 265//291 263//291
f 1992//292 1993//292 1984//292
f 1984//293 1994//293 1995//293
f 1996//294 1997//294 1998//294
f 1992//295 1984//295 1985//295
f 1984//296 1995//296 1988//296
f 1985//297 1984//297 1988//297
f 1996//298 1998//298 1999//298
f 1998//299 2000//299 1999//299
f 1991//300 1992//300 1986//300
f 1986//301 1992//301 1985//301
f 1995//302 1996//302 2001//302
f 1996//303 1999//303 2001//303
f 1999//304 2002//304 2001//304
f 2001//305 2003//305 1673//305
f 2003//306 2004//306 2005//306
f 2004//307 2006//307 2005//307
f 2007//308 2009//308 2008//308
f 2003//309 2005//309 1672//309
f 1673//310 2003//310 1672//310
f 2007//311 2008//311 1983//311
f 2008//312 2010//312 1983//312
f 2005//313 2007//313 1672//313
f 1987//314 1986//314 1985//314
f 1988//315 1989//315 1985//315
f 1995//316 2001//316 1673//316
f 2010//317 2011//317 1983//317
f 1988//318 1995//318 1674//318
f 1682//319 1990//319 1988//319
f 2007//320 1983//320 1672//320
f 2102//321 1682//321 1680//321
f 1682//322 1988//322 1680//322
f 2100//323 2101//323 2102//323
f 2104//324 2105//324 2103//324
f 2103//325 2100//325 2102//325
f 1674//326 1995//326 1673//326
f 1680//327 1988//327 2079//327
f 1982//328 1981//328 1980//328
f 1983//329 1982//329 1672//329
f 2104//330 2103//330 1680//330
f 2103//331 2102//331 1680//331
f 1982//332 1980//332 1659//332
f 1659//333 1980//333 1979//333
f 1979//334 1978//334 1654//334
f 1677//335 1678//335 1679//335
f 1679//336 1680//336 2066//336
f 1672//337 1982//337 1670//337
f 1680//338 2079//338 2073//338
f 1977//339 1976//339 1974//339
f 1978//340 1977//340 1627//340
f 2066//341 1676//341 1679//341
f 1676//342 1677//342 1679//342
f 1683//343 1681//343 1676//343
f 1685//344 1684//344 1683//344
f 1687//345 1686//345 1685//345
f 1689//346 1690//346 1688//346
f 1687//347 1685//347 2090//347
f 1685//348 1683//348 2068//348
f 2068//349 1683//349 1676//349
f 1691//350 1689//350 1710//350
f 1689//351 1688//351 1710//351
f 1691//352 1708//352 1693//352
f 1688//353 1687//353 2090//353
f 1685//354 2068//354 2090//354
f 1676//355 2066//355 2068//355
f 1974//356 1975//356 1973//356
f 1708//357 1691//357 1710//357
f 1693//358 1692//358 1691//358
f 1696//359 1695//359 1711//359
f 1695//360 1694//360 1711//360
f 1694//361 1693//361 1706//361
f 1693//362 1708//362 1706//362
f 1680//363 2073//363 2064//363
f 1697//364 1698//364 1696//364
f 1688//365 2090//365 2097//365
f 1977//366 1974//366 1627//366
f 1701//367 1702//367 1697//367
f 1701//368 1697//368 1699//368
f 1697//369 1696//369 1699//369
f 1699//370 1696//370 1714//370
f 1670//371 1982//371 1667//371
f 1703//372 1704//372 1700//372
f 1973//373 1972//373 1971//373
f 1971//374 1970//374 1624//374
f 1970//375 1968//375 1624//375
f 1968//376 1969//376 1967//376
f 1965//377 1966//377 1964//377
f 1968//378 1967//378 1624//378
f 1967//379 1965//379 1591//379
f 1965//380 1964//380 1591//380
f 1964//381 1963//381 1953//381
f 1963//382 1962//382 1955//382
f 1962//383 1961//383 1959//383
f 1959//384 1960//384 1957//384
f 1957//385 1958//385 1956//385
f 1957//386 1956//386 1955//386
f 1962//387 1959//387 1955//387
f 1959//388 1957//388 1955//388
f 1963//389 1955//389 1953//389
f 1953//390 1954//390 1952//390
f 1964//391 1953//391 1939//391
f 1974//392 1973//392 1623//392
f 1973//393 1971//393 1623//393
f 1623//394 1971//394 1624//394
f 1964//395 1939//395 1591//395
f 1953//396 1952//396 1949//396
f 1952//397 1950//397 1951//397
f 1952//398 1951//398 1949//398
f 1953//399 1949//399 1948//399
f 1948//400 1947//400 1945//400
f 1953//401 1948//401 1939//401
f 1939//402 1948//402 1945//402
f 1939//403 1945//403 1941//403
f 1945//404 1946//404 1942//404
f 1946//405 1944//405 1942//405
f 1942//406 1943//406 1941//406
f 1945//407 1942//407 1941//407
f 1939//408 1940//408 1937//408
f 1937//409 1938//409 1935//409
f 1935//410 1936//410 1933//410
f 1933//411 1934//411 1932//411
f 1930//412 1931//412 1928//412
f 1931//413 1929//413 1928//413
f 1935//414 1933//414 1937//414
f 1933//415 1932//415 1937//415
f 1932//416 1930//416 1937//416
f 1967//417 1591//417 1625//417
f 1939//418 1937//418 1927//418
f 1930//419 1928//419 1927//419
f 1919//420 1918//420 1916//420
f 1918//421 1917//421 1916//421
f 1937//422 1930//422 1927//422
f 1939//423 1927//423 726//423
f 1591//424 1939//424 726//424
f 1919//425 1916//425 1911//425
f 1916//426 1914//426 1911//426
f 1927//427 1919//427 724//427
f 1914//428 1915//428 1913//428
f 1914//429 1913//429 1911//429
f 1703//430 1700//430 1716//430
f 1700//431 1699//431 1716//431
f 1722//432 1723//432 1718//432
f 1723//433 1705//433 1718//433
f 1726//434 1727//434 1722//434
f 1724//435 1728//435 1720//435
f 1728//436 1726//436 1720//436
f 1726//437 1722//437 1720//437
f 1729//438 1724//438 1725//438
f 1722//439 1718//439 1721//439
f 1720//440 1722//440 1721//440
f 1705//441 1703//441 1717//441
f 1718//442 1705//442 1717//442
f 1734//443 1733//443 1735//443
f 1733//444 1731//444 1735//444
f 1731//445 1729//445 1732//445
f 1735//446 1731//446 1732//446
f 1737//447 1734//447 1736//447
f 1624//448 1967//448 1625//448
f 1911//449 1912//449 1910//449
f 1919//450 1911//450 1910//450
f 1738//451 1737//451 1736//451
f 1734//452 1735//452 1736//452
f 1743//453 1744//453 1740//453
f 1744//454 1738//454 1740//454
f 1746//455 1745//455 1743//455
f 1749//456 1748//456 1751//456
f 1748//457 1746//457 1747//457
f 1751//458 1748//458 1747//458
f 1757//459 1756//459 1755//459
f 1756//460 1753//460 1754//460
f 1756//461 1754//461 1755//461
f 1753//462 1749//462 1750//462
f 1754//463 1753//463 1752//463
f 1763//464 1764//464 1761//464
f 1763//465 1761//465 1762//465
f 1761//466 1757//466 1760//466
f 1762//467 1765//467 1763//467
f 1759//468 1758//468 1755//468
f 1758//469 1760//469 1757//469
f 1755//470 1758//470 1757//470
f 1760//471 1762//471 1761//471
f 1750//472 1752//472 1753//472
f 1746//473 1743//473 1741//473
f 1743//474 1740//474 1742//474
f 1919//475 1910//475 722//475
f 1910//476 1920//476 722//476
f 1751//477 1750//477 1749//477
f 1920//478 1921//478 719//478
f 709//479 1921//479 1922//479
f 1922//480 1923//480 1925//480
f 1923//481 1924//481 1925//481
f 1921//482 709//482 719//482
f 709//483 1922//483 710//483
f 1742//484 1741//484 1743//484
f 1741//485 1747//485 1746//485
f 1736//486 1739//486 1738//486
f 1739//487 1740//487 1738//487
f 1725//488 1730//488 1729//488
f 1730//489 1732//489 1729//489
f 1925//490 1926//490 715//490
f 715//491 714//491 713//491
f 713//492 712//492 711//492
f 713//493 711//493 710//493
f 1925//494 715//494 710//494
f 715//495 713//495 710//495
f 1922//496 1925//496 710//496
f 1720//497 1725//497 1724//497
f 1717//498 1719//498 1718//498
f 1714//499 1715//499 1716//499
f 1713//500 1712//500 1711//500
f 1712//501 1714//501 1696//501
f 1711//502 1712//502 1696//502
f 1707//503 1709//503 1694//503
f 1709//504 1711//504 1694//504
f 1714//505 1716//505 1699//505
f 1716//506 1717//506 1703//506
f 706//507 710//507 702//507
f 710//508 706//508 707//508
f 706//509 702//509 703//509
f 702//510 700//510 703//510
f 1706//511 1707//511 1694//511
f 700//512 698//512 697//512
f 703//513 700//513 701//513
f 698//514 694//514 696//514
f 694//515 695//515 692//515
f 694//516 692//516 693//516
f 2099//517 2098//517 1710//517
f 2097//518 2099//518 1710//518
f 2097//519 1710//519 1688//519
f 2096//520 2095//520 2094//520
f 2095//521 2093//521 2094//521
f 2093//522 2097//522 2092//522
f 2094//523 2093//523 2092//523
f 2092//524 2097//524 2090//524
f 2090//525 2091//525 2092//525
f 697//526 698//526 696//526
f 688//527 690//527 689//527
f 701//528 700//528 697//528
f 692//529 688//529 691//529
f 688//530 689//530 685//530
f 689//531 687//531 685//531
f 687//532 681//532 682//532
f 681//533 679//533 683//533
f 679//534 678//534 683//534
f 678//535 677//535 680//535
f 677//536 676//536 680//536
f 673//537 672//537 670//537
f 672//538 668//538 669//538
f 676//539 673//539 680//539
f 668//540 667//540 666//540
f 667//541 665//541 666//541
f 678//542 680//542 684//542
f 672//543 669//543 670//543
f 680//544 673//544 675//544
f 2063//545 2065//545 2066//545
f 2064//546 2063//546 2066//546
f 1667//547 1982//547 1659//547
f 665//548 662//548 663//548
f 662//549 661//549 663//549
f 660//550 659//550 658//550
f 661//551 660//551 657//551
f 661//552 657//552 663//552
f 666//553 665//553 663//553
f 660//554 658//554 653//554
f 658//555 652//555 653//555
f 652//556 649//556 651//556
f 649//557 648//557 646//557
f 648//558 647//558 645//558
f 647//559 643//559 645//559
f 643//560 642//560 644//560
f 645//561 643//561 644//561
f 649//562 646//562 650//562
f 646//563 648//563 645//563
f 641//564 638//564 634//564
f 642//565 641//565 636//565
f 2064//566 2066//566 1680//566
f 2067//567 2064//567 2073//567
f 642//568 636//568 644//568
f 634//569 635//569 633//569
f 635//570 631//570 630//570
f 641//571 634//571 639//571
f 631//572 632//572 629//572
f 629//573 627//573 625//573
f 627//574 628//574 625//574
f 620//575 621//575 622//575
f 621//576 618//576 622//576
f 628//577 620//577 623//577
f 625//578 628//578 623//578
f 635//579 630//579 633//579
f 631//580 629//580 630//580
f 630//581 629//581 625//581
f 2070//582 2067//582 2069//582
f 2069//583 2067//583 2073//583
f 2071//584 2072//584 2070//584
f 2069//585 2071//585 2070//585
f 618//586 617//586 615//586
f 617//587 613//587 612//587
f 613//588 614//588 612//588
f 614//589 610//589 612//589
f 610//590 611//590 603//590
f 603//591 606//591 607//591
f 606//592 605//592 607//592
f 610//593 603//593 612//593
f 618//594 615//594 619//594
f 605//595 598//595 602//595
f 607//596 605//596 604//596
f 598//597 599//597 597//597
f 597//598 596//598 594//598
f 596//599 593//599 594//599
f 589//600 590//600 588//600
f 598//601 597//601 601//601
f 593//602 589//602 592//602
f 589//603 588//603 591//603
f 592//604 589//604 591//604
f 586//605 587//605 580//605
f 597//606 594//606 595//606
f 594//607 593//607 592//607
f 2075//608 2074//608 2073//608
f 578//609 579//609 572//609
f 570//610 571//610 568//610
f 571//611 564//611 568//611
f 578//612 572//612 575//612
f 572//613 570//613 575//613
f 580//614 578//614 577//614
f 564//615 565//615 567//615
f 565//616 563//616 567//616
f 578//617 575//617 577//617
f 575//618 570//618 573//618
f 586//619 580//619 577//619
f 563//620 561//620 562//620
f 561//621 559//621 558//621
f 555//622 556//622 554//622
f 561//623 558//623 560//623
f 558//624 555//624 557//624
f 588//625 586//625 582//625
f 563//626 562//626 567//626
f 558//627 557//627 560//627
f 555//628 554//628 553//628
f 557//629 555//629 553//629
f 597//630 595//630 601//630
f 2075//631 2073//631 2079//631
f 2076//632 2078//632 2077//632
f 2077//633 2075//633 2079//633
f 1988//634 1674//634 2082//634
f 549//635 548//635 545//635
f 548//636 546//636 545//636
f 546//637 547//637 541//637
f 539//638 540//638 535//638
f 546//639 541//639 542//639
f 541//640 539//640 537//640
f 542//641 541//641 537//641
f 546//642 542//642 543//642
f 539//643 535//643 536//643
f 532//644 531//644 529//644
f 529//645 530//645 526//645
f 530//646 527//646 526//646
f 527//647 524//647 525//647
f 524//648 523//648 519//648
f 525//649 524//649 519//649
f 521//650 522//650 520//650
f 522//651 515//651 520//651
f 520//652 515//652 517//652
f 523//653 521//653 519//653
f 535//654 532//654 533//654
f 532//655 529//655 528//655
f 533//656 532//656 528//656
f 514//657 513//657 516//657
f 513//658 511//658 516//658
f 511//659 509//659 510//659
f 509//660 508//660 506//660
f 510//661 509//661 506//661
f 505//662 502//662 503//662
f 502//663 498//663 501//663
f 508//664 505//664 506//664
f 498//665 497//665 500//665
f 497//666 490//666 496//666
f 515//667 514//667 518//667
f 511//668 510//668 512//668
f 516//669 511//669 512//669
f 2079//670 2076//670 2077//670
f 2081//671 2080//671 2079//671
f 2084//672 2083//672 2082//672
f 2082//673 2081//673 2079//673
f 490//674 489//674 494//674
f 489//675 488//675 491//675
f 488//676 487//676 492//676
f 487//677 485//677 486//677
f 485//678 483//678 484//678
f 483//679 480//679 482//679
f 480//680 477//680 479//680
f 477//681 476//681 475//681
f 479//682 477//682 478//682
f 476//683 473//683 475//683
f 473//684 472//684 475//684
f 470//685 471//685 462//685
f 462//686 463//686 461//686
f 463//687 460//687 461//687
f 458//688 456//688 457//688
f 456//689 454//689 455//689
f 457//690 456//690 455//690
f 460//691 458//691 459//691
f 461//692 460//692 459//692
f 454//693 453//693 452//693
f 453//694 451//694 449//694
f 451//695 450//695 449//695
f 448//696 447//696 444//696
f 447//697 446//697 444//697
f 450//698 448//698 449//698
f 444//699 446//699 443//699
f 446//700 445//700 443//700
f 445//701 440//701 443//701
f 440//702 439//702 441//702
f 439//703 438//703 441//703
f 437//704 436//704 429//704
f 436//705 432//705 429//705
f 429//706 432//706 427//706
f 438//707 437//707 431//707
f 432//708 434//708 433//708
f 434//709 435//709 433//709
f 432//710 433//710 427//710
f 429//711 427//711 426//711
f 425//712 424//712 426//712
f 437//713 429//713 431//713
f 427//714 425//714 426//714
f 448//715 444//715 449//715
f 426//716 428//716 429//716
f 441//717 438//717 442//717
f 429//718 430//718 431//718
f 431//719 442//719 438//719
f 441//720 443//720 440//720
f 449//721 452//721 453//721
f 452//722 455//722 454//722
f 457//723 459//723 458//723
f 461//724 465//724 464//724
f 461//725 464//725 462//725
f 464//726 466//726 467//726
f 464//727 467//727 462//727
f 466//728 468//728 467//728
f 470//729 462//729 469//729
f 469//730 462//730 467//730
f 472//731 470//731 474//731
f 474//732 470//732 469//732
f 472//733 474//733 475//733
f 475//734 478//734 477//734
f 479//735 481//735 480//735
f 481//736 482//736 480//736
f 482//737 484//737 483//737
f 484//738 486//738 485//738
f 486//739 492//739 487//739
f 492//740 491//740 488//740
f 491//741 493//741 494//741
f 494//742 495//742 490//742
f 495//743 496//743 490//743
f 496//744 499//744 497//744
f 499//745 500//745 497//745
f 500//746 501//746 498//746
f 491//747 494//747 489//747
f 503//748 504//748 505//748
f 504//749 507//749 505//749
f 507//750 506//750 505//750
f 501//751 503//751 502//751
f 516//752 518//752 514//752
f 518//753 517//753 515//753
f 520//754 519//754 521//754
f 526//755 528//755 529//755
f 528//756 534//756 533//756
f 525//757 526//757 527//757
f 536//758 538//758 537//758
f 533//759 536//759 535//759
f 2088//760 2089//760 2087//760
f 2089//761 2085//761 2087//761
f 1675//762 2086//762 2085//762
f 2086//763 2087//763 2085//763
f 2085//764 2084//764 1675//764
f 1675//765 2084//765 1674//765
f 2084//766 2082//766 1674//766
f 536//767 537//767 539//767
f 542//768 544//768 543//768
f 545//769 551//769 549//769
f 551//770 550//770 549//770
f 543//771 545//771 546//771
f 550//772 552//772 554//772
f 552//773 553//773 554//773
f 560//774 562//774 561//774
f 562//775 566//775 567//775
f 550//776 554//776 549//776
f 567//777 569//777 564//777
f 569//778 568//778 564//778
f 568//779 574//779 573//779
f 575//780 576//780 577//780
f 568//781 573//781 570//781
f 581//782 583//782 582//782
f 582//783 584//783 585//783
f 585//784 591//784 588//784
f 581//785 582//785 586//785
f 582//786 585//786 588//786
f 577//787 581//787 586//787
f 595//788 600//788 601//788
f 601//789 602//789 598//789
f 602//790 604//790 605//790
f 607//791 609//791 608//791
f 612//792 616//792 617//792
f 616//793 615//793 617//793
f 619//794 622//794 618//794
f 622//795 624//795 623//795
f 623//796 626//796 625//796
f 622//797 623//797 620//797
f 608//798 612//798 603//798
f 633//799 637//799 634//799
f 637//800 639//800 634//800
f 639//801 640//801 636//801
f 639//802 636//802 641//802
f 650//803 651//803 649//803
f 651//804 654//804 653//804
f 653//805 655//805 656//805
f 657//806 664//806 663//806
f 653//807 656//807 657//807
f 651//808 653//808 652//808
f 653//809 657//809 660//809
f 669//810 671//810 670//810
f 670//811 674//811 673//811
f 674//812 675//812 673//812
f 684//813 683//813 678//813
f 666//814 669//814 668//814
f 683//815 682//815 681//815
f 682//816 686//816 685//816
f 685//817 691//817 688//817
f 691//818 693//818 692//818
f 693//819 696//819 694//819
f 697//820 699//820 701//820
f 701//821 704//821 703//821
f 703//822 705//822 706//822
f 707//823 708//823 710//823
f 709//824 716//824 717//824
f 709//825 717//825 719//825
f 717//826 718//826 719//826
f 719//827 721//827 720//827
f 708//828 709//828 710//828
f 719//829 720//829 722//829
f 723//830 738//830 737//830
f 723//831 737//831 735//831
f 735//832 736//832 734//832
f 733//833 732//833 725//833
f 732//834 728//834 725//834
f 735//835 734//835 723//835
f 734//836 733//836 724//836
f 722//837 723//837 724//837
f 724//838 723//838 734//838
f 728//839 727//839 725//839
f 733//840 725//840 724//840
f 722//841 724//841 1919//841
f 724//842 726//842 1927//842
f 726//843 730//843 731//843
f 730//844 729//844 731//844
f 731//845 1632//845 1631//845
f 726//846 731//846 1591//846
f 731//847 1631//847 1585//847
f 1585//848 1586//848 1584//848
f 731//849 1585//849 1584//849
f 731//850 1584//850 1588//850
f 1588//851 1590//851 1589//851
f 731//852 1588//852 1587//852
f 731//853 1587//853 1591//853
f 1588//854 1589//854 1587//854
f 682//855 685//855 687//855
f 1593//856 1596//856 1594//856
f 1596//857 1595//857 1594//857
f 1595//858 1597//858 1594//858
f 1597//859 1598//859 1594//859
f 1599//860 1601//860 1600//860
f 1593//861 1594//861 1599//861
f 1592//862 1593//862 1605//862
f 1593//863 1599//863 1604//863
f 1599//864 1600//864 1604//864
f 1600//865 1602//865 1604//865
f 1602//866 1603//866 1604//866
f 1593//867 1604//867 1605//867
f 1591//868 1592//868 1625//868
f 1592//869 1605//869 1625//869
f 1605//870 1606//870 1625//870
f 1620//871 1622//871 1621//871
f 1621//872 1619//872 1620//872
f 1619//873 1618//873 1620//873
f 1618//874 1616//874 1613//874
f 1616//875 1615//875 1613//875
f 1615//876 1614//876 1613//876
f 1613//877 1611//877 1608//877
f 1618//878 1617//878 1620//878
f 1618//879 1613//879 1617//879
f 1617//880 1613//880 1608//880
f 1609//881 1610//881 1612//881
f 1611//882 1609//882 1607//882
f 1608//883 1611//883 1607//883
f 1612//884 1628//884 1626//884
f 1609//885 1612//885 1626//885
f 1609//886 1626//886 1606//886
f 1626//887 1625//887 1606//887
f 1606//888 1607//888 1609//888
f 719//889 722//889 1920//889
f 1627//890 1630//890 1629//890
f 1629//891 1657//891 1656//891
f 1657//892 1658//892 1656//892
f 1627//893 1629//893 1655//893
f 1629//894 1656//894 1655//894
f 1627//895 1655//895 1650//895
f 2082//896 2079//896 1988//896
f 1659//897 1979//897 1654//897
f 1667//898 1671//898 1670//898
f 1666//899 1669//899 1668//899
f 1666//900 1668//900 1667//900
f 1663//901 1665//901 1664//901
f 1664//902 1666//902 1662//902
f 1666//903 1667//903 1662//903
f 603//904 607//904 608//904
f 1654//905 1978//905 1627//905
f 1662//906 1667//906 1661//906
f 1662//907 1663//907 1664//907
f 1659//908 1660//908 1661//908
f 1659//909 1661//909 1667//909
f 1651//910 1653//910 1652//910
f 1652//911 1654//911 1650//911
f 1650//912 1654//912 1627//912
f 1651//913 1652//913 1648//913
f 1648//914 1652//914 1650//914
f 1648//915 1649//915 1651//915
f 1645//916 1646//916 1642//916
f 1646//917 1647//917 1642//917
f 1648//918 1650//918 1641//918
f 1647//919 1648//919 1641//919
f 1642//920 1647//920 1640//920
f 1644//921 1643//921 1642//921
f 1643//922 1645//922 1642//922
f 1640//923 1647//923 1639//923
f 1635//924 1637//924 1633//924
f 1637//925 1638//925 1636//925
f 1633//926 1634//926 1635//926
f 1636//927 1633//927 1637//927
f 1639//928 1636//928 1638//928
f 1639//929 1638//929 1640//929
f 1641//930 1639//930 1647//930
f 1851//931 1852//931 1853//931
f 1850//932 1849//932 1848//932
f 1851//933 1853//933 1850//933
f 1854//934 1855//934 1850//934
f 1855//935 1851//935 1850//935
f 1865//936 1866//936 1864//936
f 1866//937 1856//937 1864//937
f 1856//938 1854//938 1858//938
f 1864//939 1856//939 1858//939
f 1862//940 1863//940 1861//940
f 1863//941 1864//941 1858//941
f 1861//942 1863//942 1858//942
f 1854//943 1850//943 1846//943
f 1850//944 1848//944 1846//944
f 1846//945 1847//945 1845//945
f 1854//946 1846//946 1857//946
f 1846//947 1845//947 1873//947
f 1854//948 1857//948 1858//948
f 1845//949 1844//949 1875//949
f 1844//950 1843//950 1875//950
f 1841//951 1842//951 1840//951
f 1843//952 1841//952 1881//952
f 1841//953 1840//953 1836//953
f 1881//954 1841//954 1836//954
f 1840//955 1839//955 1836//955
f 1839//956 1837//956 1836//956
f 1837//957 1838//957 1836//957
f 1836//958 1835//958 1882//958
f 1843//959 1876//959 1875//959
f 1340//960 1861//960 1858//960
f 1857//961 1846//961 1873//961
f 1336//962 1340//962 1338//962
f 1340//963 1858//963 1859//963
f 1876//964 1843//964 1881//964
f 1332//965 1333//965 1331//965
f 1333//966 1334//966 1331//966
f 1835//967 1833//967 1832//967
f 1330//968 1331//968 1329//968
f 1331//969 1334//969 1337//969
f 1329//970 1331//970 1337//970
f 1328//971 1329//971 1352//971
f 1833//972 1834//972 1832//972
f 1831//973 1830//973 1829//973
f 1832//974 1831//974 1835//974
f 1845//975 1875//975 1873//975
f 1831//976 1829//976 1902//976
f 1334//977 1336//977 1335//977
f 1338//978 1340//978 1859//978
f 1325//979 1324//979 1317//979
f 1324//980 1323//980 1317//980
f 2061//981 2062//981 2059//981
f 2062//982 1327//982 2059//982
f 2058//983 2060//983 2059//983
f 2055//984 2056//984 2053//984
f 2056//985 2057//985 2053//985
f 2054//986 2055//986 2053//986
f 2052//987 2053//987 2057//987
f 2051//988 2052//988 1302//988
f 2052//989 2057//989 1302//989
f 2057//990 2058//990 1310//990
f 1302//991 2057//991 1303//991
f 2058//992 2059//992 1310//992
f 1310//993 2059//993 1311//993
f 2059//994 1327//994 1325//994
f 2059//995 1325//995 1313//995
f 1325//996 1317//996 1313//996
f 2048//997 2049//997 2047//997
f 2045//998 2048//998 2047//998
f 2045//999 2047//999 2046//999
f 2041//1000 2043//1000 1286//1000
f 2043//1001 2044//1001 1287//1001
f 1287//1002 2044//1002 1289//1002
f 2044//1003 2045//1003 1289//1003
f 2045//1004 2046//1004 2050//1004
f 2045//1005 2050//1005 1295//1005
f 1283//1006 2042//1006 2041//1006
f 2045//1007 1295//1007 1289//1007
f 1296//1008 2050//1008 2051//1008
f 1283//1009 2041//1009 1279//1009
f 2050//1010 1296//1010 1295//1010
f 1281//1011 1280//1011 1283//1011
f 1278//1012 1282//1012 1281//1012
f 1823//1013 1825//1013 1824//1013
f 1822//1014 1821//1014 1820//1014
f 1823//1015 1824//1015 1822//1015
f 1828//1016 1823//1016 1822//1016
f 1820//1017 1819//1017 1818//1017
f 1822//1018 1820//1018 1818//1018
f 1818//1019 1817//1019 1816//1019
f 1816//1020 1815//1020 1814//1020
f 1816//1021 1814//1021 1802//1021
f 1814//1022 1813//1022 1802//1022
f 1822//1023 1818//1023 1816//1023
f 1828//1024 1822//1024 1893//1024
f 1822//1025 1816//1025 1800//1025
f 1799//1026 1816//1026 1802//1026
f 1816//1027 1799//1027 1800//1027
f 1813//1028 1811//1028 1795//1028
f 1802//1029 1813//1029 1797//1029
f 1811//1030 1812//1030 1798//1030
f 2122//1031 2123//1031 2124//1031
f 1811//1032 1798//1032 2122//1032
f 2122//1033 2124//1033 1791//1033
f 1786//1034 1784//1034 1782//1034
f 2122//1035 1791//1035 1789//1035
f 1791//1036 1786//1036 1788//1036
f 1789//1037 1791//1037 1788//1037
f 1811//1038 2122//1038 1789//1038
f 1786//1039 1782//1039 1785//1039
f 1782//1040 1781//1040 1785//1040
f 1779//1041 1780//1041 1777//1041
f 1781//1042 1779//1042 1776//1042
f 1779//1043 1777//1043 1778//1043
f 1776//1044 1779//1044 1778//1044
f 1775//1045 1774//1045 1773//1045
f 1777//1046 1775//1046 1778//1046
f 1775//1047 1773//1047 1771//1047
f 1768//1048 1770//1048 1767//1048
f 1770//1049 1769//1049 1767//1049
f 1775//1050 1771//1050 1778//1050
f 1773//1051 1768//1051 1771//1051
f 1769//1052 1765//1052 1766//1052
f 1767//1053 1769//1053 1766//1053
f 1767//1054 1772//1054 1768//1054
f 1772//1055 1771//1055 1768//1055
f 1776//1056 1783//1056 1785//1056
f 1785//1057 1787//1057 1786//1057
f 1787//1058 1788//1058 1786//1058
f 1776//1059 1785//1059 1781//1059
f 1790//1060 1792//1060 1793//1060
f 1789//1061 1790//1061 1811//1061
f 1790//1062 1793//1062 1811//1062
f 1793//1063 1794//1063 1795//1063
f 1795//1064 1796//1064 1797//1064
f 1797//1065 2107//1065 1810//1065
f 2107//1066 2106//1066 1810//1066
f 1793//1067 1795//1067 1811//1067
f 1795//1068 1797//1068 1813//1068
f 1797//1069 1810//1069 1802//1069
f 1808//1070 1809//1070 1807//1070
f 1810//1071 1808//1071 1802//1071
f 1808//1072 1807//1072 1805//1072
f 1805//1073 1804//1073 1803//1073
f 1805//1074 1803//1074 1802//1074
f 1808//1075 1805//1075 1802//1075
f 1829//1076 1828//1076 1893//1076
f 1799//1077 1801//1077 1800//1077
f 1822//1078 1800//1078 1894//1078
f 1822//1079 1894//1079 1893//1079
f 1881//1080 1836//1080 1882//1080
f 1273//1081 1274//1081 1275//1081
f 1270//1082 1271//1082 1272//1082
f 1272//1083 1273//1083 2021//1083
f 1273//1084 1275//1084 2030//1084
f 1239//1085 1238//1085 1236//1085
f 1238//1086 1239//1086 1242//1086
f 1275//1087 1276//1087 2030//1087
f 1246//1088 1243//1088 1242//1088
f 1269//1089 1270//1089 1268//1089
f 1270//1090 1272//1090 1268//1090
f 1267//1091 1268//1091 2019//1091
f 1268//1092 1272//1092 2020//1092
f 1267//1093 2019//1093 1253//1093
f 1265//1094 1266//1094 1267//1094
f 1263//1095 1264//1095 1265//1095
f 1260//1096 1263//1096 1256//1096
f 1263//1097 1265//1097 1255//1097
f 1256//1098 1263//1098 1255//1098
f 1265//1099 1267//1099 1253//1099
f 1259//1100 1262//1100 1261//1100
f 1259//1101 1261//1101 1258//1101
f 1261//1102 1260//1102 1256//1102
f 1258//1103 1261//1103 1256//1103
f 1256//1104 1257//1104 1258//1104
f 1255//1105 1265//1105 1254//1105
f 1254//1106 1265//1106 1253//1106
f 1251//1107 1252//1107 1253//1107
f 1250//1108 1251//1108 1253//1108
f 1253//1109 1245//1109 1250//1109
f 1245//1110 1253//1110 2019//1110
f 1243//1111 1246//1111 1248//1111
f 1250//1112 1245//1112 1243//1112
f 1250//1113 1243//1113 1248//1113
f 1276//1114 1277//1114 2031//1114
f 1246//1115 1249//1115 1248//1115
f 1237//1116 1236//1116 1238//1116
f 1239//1117 1247//1117 1246//1117
f 1236//1118 1241//1118 1239//1118
f 1233//1119 1235//1119 1234//1119
f 1239//1120 1246//1120 1242//1120
f 1233//1121 1234//1121 1231//1121
f 1234//1122 1236//1122 1237//1122
f 1231//1123 1234//1123 1237//1123
f 1228//1124 1232//1124 1230//1124
f 1232//1125 1233//1125 1231//1125
f 1227//1126 1229//1126 1228//1126
f 1222//1127 1225//1127 1223//1127
f 1225//1128 1227//1128 1226//1128
f 1226//1129 1227//1129 1228//1129
f 1219//1130 1218//1130 1221//1130
f 1218//1131 1222//1131 1221//1131
f 1215//1132 1217//1132 1216//1132
f 1216//1133 1219//1133 1220//1133
f 1232//1134 1231//1134 1230//1134
f 1226//1135 1228//1135 1230//1135
f 1225//1136 1226//1136 1223//1136
f 1277//1137 1278//1137 2038//1137
f 1268//1138 2020//1138 2019//1138
f 1213//1139 1215//1139 1214//1139
f 1215//1140 1216//1140 1214//1140
f 1219//1141 1221//1141 1220//1141
f 1214//1142 1216//1142 1220//1142
f 1206//1143 1211//1143 1209//1143
f 1211//1144 1213//1144 1212//1144
f 1209//1145 1211//1145 1212//1145
f 1202//1146 1207//1146 1208//1146
f 1207//1147 1206//1147 1208//1147
f 1196//1148 1197//1148 1199//1148
f 1197//1149 1200//1149 1199//1149
f 1208//1150 1206//1150 1209//1150
f 1191//1151 1196//1151 1194//1151
f 1196//1152 1199//1152 1194//1152
f 1200//1153 1202//1153 1203//1153
f 1199//1154 1200//1154 1201//1154
f 1185//1155 1186//1155 1188//1155
f 1186//1156 1190//1156 1189//1156
f 1188//1157 1186//1157 1189//1157
f 1190//1158 1191//1158 1192//1158
f 1175//1159 1181//1159 1180//1159
f 1181//1160 1183//1160 1182//1160
f 1180//1161 1181//1161 1182//1161
f 1183//1162 1185//1162 1184//1162
f 1190//1163 1192//1163 1193//1163
f 1177//1164 1178//1164 1175//1164
f 1806//1165 2109//1165 2110//1165
f 2109//1166 2108//1166 2110//1166
f 1806//1167 2110//1167 2111//1167
f 2112//1168 2114//1168 2113//1168
f 1806//1169 2111//1169 2112//1169
f 1800//1170 1806//1170 1894//1170
f 1806//1171 2112//1171 1894//1171
f 2112//1172 2113//1172 1894//1172
f 2113//1173 2115//1173 1894//1173
f 1172//1174 1177//1174 1175//1174
f 1174//1175 1173//1175 1171//1175
f 1173//1176 1172//1176 1171//1176
f 1162//1177 1169//1177 1165//1177
f 1169//1178 1171//1178 1165//1178
f 1172//1179 1175//1179 1176//1179
f 1171//1180 1172//1180 1170//1180
f 1175//1181 1180//1181 1179//1181
f 1170//1182 1172//1182 1176//1182
f 1166//1183 1168//1183 1162//1183
f 1158//1184 1167//1184 1166//1184
f 1155//1185 1157//1185 1158//1185
f 1151//1186 1154//1186 1155//1186
f 1146//1187 1152//1187 1151//1187
f 1143//1188 1145//1188 1146//1188
f 1142//1189 1144//1189 1143//1189
f 1139//1190 1140//1190 1142//1190
f 1132//1191 1135//1191 1131//1191
f 1135//1192 1136//1192 1131//1192
f 1132//1193 1131//1193 1129//1193
f 1136//1194 1139//1194 1138//1194
f 1139//1195 1142//1195 1138//1195
f 1143//1196 1146//1196 1149//1196
f 1146//1197 1151//1197 1147//1197
f 1151//1198 1155//1198 1153//1198
f 1155//1199 1158//1199 1156//1199
f 1151//1200 1153//1200 1147//1200
f 1158//1201 1166//1201 1160//1201
f 1166//1202 1162//1202 1161//1202
f 1161//1203 1162//1203 1163//1203
f 1892//1204 1889//1204 1891//1204
f 1892//1205 1891//1205 1887//1205
f 1891//1206 1890//1206 1887//1206
f 1893//1207 1892//1207 1885//1207
f 1892//1208 1887//1208 1885//1208
f 1885//1209 1886//1209 1888//1209
f 1134//1210 1133//1210 1132//1210
f 1118//1211 1122//1211 1121//1211
f 1121//1212 1134//1212 1132//1212
f 1121//1213 1132//1213 1129//1213
f 1116//1214 1117//1214 1118//1214
f 1116//1215 1118//1215 1113//1215
f 1118//1216 1121//1216 1119//1216
f 1113//1217 1118//1217 1119//1217
f 1110//1218 1115//1218 1114//1218
f 1107//1219 1111//1219 1106//1219
f 1111//1220 1110//1220 1106//1220
f 1105//1221 1108//1221 1107//1221
f 1103//1222 1104//1222 1105//1222
f 1097//1223 1102//1223 1103//1223
f 1094//1224 1096//1224 1095//1224
f 1096//1225 1097//1225 1099//1225
f 1094//1226 1095//1226 1092//1226
f 1089//1227 1091//1227 1090//1227
f 1091//1228 1093//1228 1090//1228
f 1093//1229 1094//1229 1092//1229
f 1097//1230 1103//1230 1099//1230
f 1103//1231 1105//1231 1100//1231
f 1096//1232 1099//1232 1098//1232
f 1089//1233 1090//1233 1088//1233
f 1105//1234 1107//1234 1101//1234
f 1093//1235 1092//1235 1090//1235
f 1084//1236 1086//1236 1087//1236
f 1081//1237 1085//1237 1084//1237
f 1072//1238 1080//1238 1081//1238
f 1070//1239 1071//1239 1078//1239
f 1071//1240 1072//1240 1078//1240
f 1065//1241 1068//1241 1075//1241
f 1068//1242 1069//1242 1076//1242
f 1065//1243 1073//1243 1064//1243
f 1069//1244 1070//1244 1077//1244
f 1069//1245 1077//1245 1076//1245
f 1081//1246 1084//1246 1087//1246
f 1072//1247 1081//1247 1079//1247
f 1079//1248 1081//1248 1082//1248
f 1073//1249 1065//1249 1075//1249
f 1047//1250 1062//1250 1063//1250
f 1062//1251 1061//1251 1066//1251
f 1063//1252 1062//1252 1066//1252
f 1061//1253 1064//1253 1074//1253
f 1068//1254 1076//1254 1075//1254
f 1081//1255 1087//1255 1082//1255
f 1070//1256 1078//1256 1077//1256
f 1087//1257 1089//1257 1088//1257
f 1072//1258 1079//1258 1078//1258
f 1066//1259 1061//1259 1074//1259
f 1045//1260 1046//1260 1060//1260
f 1046//1261 1047//1261 1060//1261
f 1043//1262 1044//1262 1045//1262
f 1040//1263 1041//1263 1048//1263
f 1041//1264 1042//1264 1048//1264
f 1042//1265 1043//1265 1049//1265
f 1043//1266 1045//1266 1049//1266
f 1038//1267 1039//1267 1040//1267
f 1035//1268 1037//1268 1038//1268
f 1033//1269 1036//1269 1035//1269
f 1032//1270 1034//1270 1033//1270
f 1030//1271 1031//1271 1032//1271
f 1028//1272 1029//1272 1030//1272
f 1026//1273 1027//1273 1028//1273
f 1024//1274 1025//1274 1030//1274
f 1025//1275 1026//1275 1030//1275
f 1022//1276 1023//1276 1024//1276
f 1013//1277 1021//1277 1020//1277
f 1020//1278 1022//1278 1545//1278
f 1022//1279 1024//1279 1545//1279
f 1545//1280 1024//1280 1546//1280
f 1026//1281 1028//1281 1030//1281
f 1013//1282 1020//1282 1545//1282
f 1546//1283 1024//1283 1032//1283
f 1008//1284 1012//1284 1011//1284
f 1011//1285 1013//1285 1008//1285
f 1546//1286 1035//1286 1048//1286
f 1024//1287 1030//1287 1032//1287
f 1032//1288 1033//1288 1035//1288
f 1035//1289 1038//1289 1048//1289
f 1038//1290 1040//1290 1048//1290
f 1032//1291 1035//1291 1546//1291
f 1010//1292 1009//1292 1008//1292
f 1015//1293 1014//1293 1010//1293
f 1010//1294 1008//1294 1529//1294
f 1048//1295 1042//1295 1049//1295
f 1017//1296 1016//1296 1019//1296
f 1016//1297 1015//1297 1019//1297
f 1015//1298 1010//1298 771//1298
f 1013//1299 1545//1299 1529//1299
f 1018//1300 1017//1300 1019//1300
f 1049//1301 1045//1301 1056//1301
f 1019//1302 1015//1302 758//1302
f 758//1303 1015//1303 771//1303
f 760//1304 759//1304 752//1304
f 759//1305 758//1305 752//1305
f 751//1306 752//1306 758//1306
f 1888//1307 1896//1307 1895//1307
f 1895//1308 1898//1308 1897//1308
f 1898//1309 1899//1309 1897//1309
f 1899//1310 1900//1310 1897//1310
f 1897//1311 1901//1311 1895//1311
f 1888//1312 1895//1312 1901//1312
f 1888//1313 1901//1313 1885//1313
f 1901//1314 1902//1314 1885//1314
f 1903//1315 1904//1315 1905//1315
f 1893//1316 1885//1316 1829//1316
f 1885//1317 1902//1317 1829//1317
f 1902//1318 1903//1318 1906//1318
f 1903//1319 1905//1319 1908//1319
f 1906//1320 1903//1320 1908//1320
f 1905//1321 1909//1321 1908//1321
f 1906//1322 1907//1322 1884//1322
f 747//1323 749//1323 746//1323
f 749//1324 750//1324 746//1324
f 745//1325 748//1325 747//1325
f 739//1326 741//1326 740//1326
f 741//1327 743//1327 740//1327
f 745//1328 747//1328 746//1328
f 740//1329 743//1329 742//1329
f 743//1330 745//1330 742//1330
f 746//1331 744//1331 745//1331
f 744//1332 742//1332 745//1332
f 753//1333 754//1333 746//1333
f 746//1334 750//1334 753//1334
f 750//1335 751//1335 753//1335
f 756//1336 755//1336 753//1336
f 753//1337 751//1337 757//1337
f 751//1338 758//1338 761//1338
f 757//1339 756//1339 753//1339
f 761//1340 762//1340 757//1340
f 761//1341 757//1341 751//1341
f 1013//1342 1529//1342 1008//1342
f 761//1343 758//1343 763//1343
f 763//1344 758//1344 771//1344
f 764//1345 763//1345 767//1345
f 767//1346 763//1346 784//1346
f 765//1347 766//1347 764//1347
f 769//1348 768//1348 767//1348
f 767//1349 765//1349 764//1349
f 1902//1350 1906//1350 1831//1350
f 767//1351 784//1351 769//1351
f 786//1352 788//1352 769//1352
f 769//1353 784//1353 786//1353
f 784//1354 763//1354 772//1354
f 784//1355 787//1355 786//1355
f 783//1356 785//1356 784//1356
f 781//1357 782//1357 783//1357
f 780//1358 776//1358 778//1358
f 776//1359 781//1359 778//1359
f 778//1360 779//1360 780//1360
f 772//1361 773//1361 777//1361
f 777//1362 778//1362 781//1362
f 781//1363 783//1363 772//1363
f 781//1364 772//1364 777//1364
f 783//1365 784//1365 772//1365
f 1906//1366 1884//1366 1831//1366
f 1884//1367 1883//1367 1882//1367
f 1881//1368 1880//1368 1879//1368
f 1884//1369 1882//1369 1835//1369
f 771//1370 772//1370 763//1370
f 775//1371 774//1371 770//1371
f 775//1372 770//1372 1538//1372
f 770//1373 771//1373 1538//1373
f 1538//1374 1539//1374 775//1374
f 1831//1375 1884//1375 1835//1375
f 1881//1376 1879//1376 1876//1376
f 1879//1377 1877//1377 1876//1377
f 1877//1378 1878//1378 1876//1378
f 1538//1379 771//1379 1529//1379
f 1529//1380 771//1380 1010//1380
f 1525//1381 1527//1381 1526//1381
f 1528//1382 1525//1382 1526//1382
f 1528//1383 1526//1383 1529//1383
f 1532//1384 1531//1384 1530//1384
f 1532//1385 1530//1385 1533//1385
f 1530//1386 1528//1386 1540//1386
f 1533//1387 1530//1387 1540//1387
f 1536//1388 1535//1388 1534//1388
f 1535//1389 1533//1389 1534//1389
f 1528//1390 1529//1390 1545//1390
f 1540//1391 1547//1391 1541//1391
f 1540//1392 1537//1392 1533//1392
f 1537//1393 1534//1393 1533//1393
f 1543//1394 1542//1394 1541//1394
f 1540//1395 1528//1395 1547//1395
f 1547//1396 1528//1396 1545//1396
f 1553//1397 1554//1397 1543//1397
f 1543//1398 1541//1398 1551//1398
f 1551//1399 1541//1399 1547//1399
f 1873//1400 1874//1400 1872//1400
f 1871//1401 1870//1401 1869//1401
f 1873//1402 1872//1402 1860//1402
f 1872//1403 1871//1403 1860//1403
f 1543//1404 1551//1404 1552//1404
f 1552//1405 1555//1405 1553//1405
f 1553//1406 1543//1406 1552//1406
f 1871//1407 1869//1407 1860//1407
f 1869//1408 1868//1408 1867//1408
f 1869//1409 1867//1409 1860//1409
f 1873//1410 1860//1410 1857//1410
f 1546//1411 1544//1411 1545//1411
f 1329//1412 1337//1412 1352//1412
f 1336//1413 1338//1413 1335//1413
f 1334//1414 1335//1414 1337//1414
f 1352//1415 1337//1415 1346//1415
f 1326//1416 1328//1416 1322//1416
f 1339//1417 1342//1417 1345//1417
f 1342//1418 1343//1418 1341//1418
f 1337//1419 1339//1419 1346//1419
f 1323//1420 1326//1420 1322//1420
f 1343//1421 1344//1421 1341//1421
f 1328//1422 1352//1422 1322//1422
f 1342//1423 1341//1423 1345//1423
f 1339//1424 1345//1424 1346//1424
f 1345//1425 1347//1425 1346//1425
f 1347//1426 1349//1426 1348//1426
f 1346//1427 1347//1427 1348//1427
f 1350//1428 1351//1428 1348//1428
f 1349//1429 1350//1429 1348//1429
f 1322//1430 1352//1430 1353//1430
f 1353//1431 1354//1431 1355//1431
f 1355//1432 1356//1432 1358//1432
f 1356//1433 1357//1433 1358//1433
f 1358//1434 1359//1434 1355//1434
f 1322//1435 1321//1435 1320//1435
f 1359//1436 1322//1436 1355//1436
f 1353//1437 1355//1437 1322//1437
f 1323//1438 1322//1438 1320//1438
f 1320//1439 1319//1439 1317//1439
f 1317//1440 1323//1440 1320//1440
f 1319//1441 1318//1441 1317//1441
f 1317//1442 1316//1442 1313//1442
f 1313//1443 1315//1443 1314//1443
f 1311//1444 1312//1444 1310//1444
f 1313//1445 1314//1445 1311//1445
f 1313//1446 1311//1446 2059//1446
f 1310//1447 1309//1447 1308//1447
f 2057//1448 1310//1448 1303//1448
f 1310//1449 1308//1449 1303//1449
f 1308//1450 1305//1450 1303//1450
f 1305//1451 1307//1451 1306//1451
f 1306//1452 1304//1452 1303//1452
f 1305//1453 1306//1453 1303//1453
f 2051//1454 1302//1454 1301//1454
f 2051//1455 1301//1455 1296//1455
f 1281//1456 1283//1456 2040//1456
f 1278//1457 1281//1457 2040//1457
f 1298//1458 1299//1458 1297//1458
f 1299//1459 1300//1459 1297//1459
f 2043//1460 1287//1460 1286//1460
f 1301//1461 1298//1461 1296//1461
f 1548//1462 1550//1462 1549//1462
f 1548//1463 1549//1463 1546//1463
f 1558//1464 1557//1464 1053//1464
f 1557//1465 1556//1465 1053//1465
f 1556//1466 1548//1466 1052//1466
f 1548//1467 1546//1467 1048//1467
f 1298//1468 1297//1468 1296//1468
f 1548//1469 1048//1469 1050//1469
f 1050//1470 1051//1470 1052//1470
f 1052//1471 1053//1471 1556//1471
f 1050//1472 1052//1472 1548//1472
f 1055//1473 1054//1473 1049//1473
f 1056//1474 1055//1474 1049//1474
f 2041//1475 1286//1475 1279//1475
f 1295//1476 1292//1476 1290//1476
f 1292//1477 1294//1477 1293//1477
f 1290//1478 1291//1478 1289//1478
f 1292//1479 1293//1479 1290//1479
f 1057//1480 1056//1480 1058//1480
f 1058//1481 1056//1481 1045//1481
f 1058//1482 1059//1482 1057//1482
f 1295//1483 1290//1483 1289//1483
f 1060//1484 1058//1484 1045//1484
f 1066//1485 1067//1485 1063//1485
f 1074//1486 1064//1486 1073//1486
f 1063//1487 1060//1487 1047//1487
f 1083//1488 1082//1488 1087//1488
f 1087//1489 1088//1489 1083//1489
f 1110//1490 1114//1490 1109//1490
f 1099//1491 1103//1491 1100//1491
f 1098//1492 1095//1492 1096//1492
f 1100//1493 1105//1493 1101//1493
f 1107//1494 1106//1494 1101//1494
f 1109//1495 1106//1495 1110//1495
f 1112//1496 1109//1496 1114//1496
f 1112//1497 1114//1497 1116//1497
f 1113//1498 1112//1498 1116//1498
f 1119//1499 1121//1499 1128//1499
f 1124//1500 1123//1500 1125//1500
f 1123//1501 1120//1501 1125//1501
f 1120//1502 1119//1502 1127//1502
f 1121//1503 1129//1503 1128//1503
f 1127//1504 1126//1504 1125//1504
f 1129//1505 1130//1505 1128//1505
f 1127//1506 1125//1506 1120//1506
f 1128//1507 1127//1507 1119//1507
f 1138//1508 1137//1508 1131//1508
f 1138//1509 1131//1509 1136//1509
f 1150//1510 1148//1510 1141//1510
f 1149//1511 1150//1511 1141//1511
f 1147//1512 1149//1512 1146//1512
f 1149//1513 1141//1513 1143//1513
f 1141//1514 1138//1514 1142//1514
f 1143//1515 1141//1515 1142//1515
f 1159//1516 1156//1516 1158//1516
f 1156//1517 1153//1517 1155//1517
f 1161//1518 1160//1518 1166//1518
f 1160//1519 1159//1519 1158//1519
f 1165//1520 1164//1520 1162//1520
f 1164//1521 1163//1521 1162//1521
f 1170//1522 1165//1522 1171//1522
f 1179//1523 1176//1523 1175//1523
f 1184//1524 1182//1524 1183//1524
f 1188//1525 1187//1525 1184//1525
f 1193//1526 1189//1526 1190//1526
f 1194//1527 1195//1527 1192//1527
f 1188//1528 1184//1528 1185//1528
f 1198//1529 1194//1529 1199//1529
f 1194//1530 1192//1530 1191//1530
f 1287//1531 1288//1531 1286//1531
f 1286//1532 1285//1532 1279//1532
f 1285//1533 1284//1533 1279//1533
f 1283//1534 1279//1534 2040//1534
f 1201//1535 1200//1535 1204//1535
f 1203//1536 1204//1536 1200//1536
f 2040//1537 2039//1537 2038//1537
f 1203//1538 1202//1538 1205//1538
f 1208//1539 1205//1539 1202//1539
f 1278//1540 2040//1540 2038//1540
f 2037//1541 2036//1541 2035//1541
f 2038//1542 2037//1542 2034//1542
f 2034//1543 2037//1543 2035//1543
f 1209//1544 1210//1544 1208//1544
f 2034//1545 2032//1545 2031//1545
f 2032//1546 2033//1546 2031//1546
f 2038//1547 2034//1547 1277//1547
f 1214//1548 1212//1548 1213//1548
f 2034//1549 2031//1549 1277//1549
f 1223//1550 1224//1550 1222//1550
f 1224//1551 1221//1551 1222//1551
f 2031//1552 2030//1552 1276//1552
f 2030//1553 2025//1553 2024//1553
f 2030//1554 2024//1554 2023//1554
f 2030//1555 2023//1555 2021//1555
f 2026//1556 2028//1556 2027//1556
f 2030//1557 2021//1557 1273//1557
f 2023//1558 2026//1558 2022//1558
f 2021//1559 2023//1559 2022//1559
f 2020//1560 1272//1560 2021//1560
f 2026//1561 2027//1561 2022//1561
f 2027//1562 2029//1562 2022//1562
f 1238//1563 1240//1563 1237//1563
f 1243//1564 1244//1564 1242//1564
f 2017//1565 2018//1565 2015//1565
f 2017//1566 2015//1566 2013//1566
f 2015//1567 2012//1567 2013//1567
f 2019//1568 2017//1568 2121//1568
f 1245//1569 2019//1569 2116//1569
f 2116//1570 2019//1570 2120//1570
f 2012//1571 2014//1571 2013//1571
f 2013//1572 2016//1572 2121//1572
f 2120//1573 2019//1573 2121//1573
f 2118//1574 2117//1574 2116//1574
f 2120//1575 2119//1575 2118//1575
f 2017//1576 2013//1576 2121//1576
f 422//1577 424//1577 421//1577
f 419//1578 420//1578 417//1578
f 422//1579 421//1579 423//1579
f 421//1580 419//1580 423//1580
f 412//1581 423//1581 419//1581
f 406//1582 407//1582 413//1582
f 407//1583 412//1583 416//1583
f 406//1584 413//1584 411//1584
f 404//1585 405//1585 411//1585
f 405//1586 406//1586 411//1586
f 398//1587 402//1587 403//1587
f 403//1588 404//1588 411//1588
f 412//1589 419//1589 417//1589
f 417//1590 418//1590 416//1590
f 414//1591 415//1591 413//1591
f 417//1592 416//1592 412//1592
f 416//1593 414//1593 413//1593
f 392//1594 393//1594 394//1594
f 416//1595 413//1595 407//1595
f 328//1596 329//1596 327//1596
f 331//1597 330//1597 797//1597
f 330//1598 328//1598 327//1598
f 797//1599 330//1599 327//1599
f 338//1600 336//1600 337//1600
f 336//1601 334//1601 335//1601
f 337//1602 336//1602 335//1602
f 334//1603 331//1603 798//1603
f 331//1604 797//1604 798//1604
f 340//1605 338//1605 337//1605
f 344//1606 342//1606 343//1606
f 342//1607 341//1607 343//1607
f 341//1608 340//1608 337//1608
f 327//1609 332//1609 399//1609
f 797//1610 327//1610 796//1610
f 398//1611 403//1611 408//1611
f 403//1612 411//1612 410//1612
f 403//1613 410//1613 408//1613
f 394//1614 398//1614 397//1614
f 408//1615 409//1615 397//1615
f 398//1616 408//1616 397//1616
f 392//1617 394//1617 395//1617
f 395//1618 394//1618 397//1618
f 395//1619 396//1619 392//1619
f 332//1620 392//1620 396//1620
f 352//1621 350//1621 351//1621
f 350//1622 346//1622 349//1622
f 356//1623 355//1623 353//1623
f 355//1624 352//1624 353//1624
f 360//1625 359//1625 358//1625
f 359//1626 357//1626 358//1626
f 365//1627 363//1627 361//1627
f 363//1628 360//1628 361//1628
f 380//1629 370//1629 379//1629
f 370//1630 366//1630 369//1630
f 379//1631 370//1631 371//1631
f 382//1632 380//1632 381//1632
f 381//1633 380//1633 379//1633
f 381//1634 383//1634 382//1634
f 366//1635 365//1635 367//1635
f 371//1636 370//1636 369//1636
f 366//1637 367//1637 368//1637
f 367//1638 365//1638 364//1638
f 365//1639 361//1639 364//1639
f 376//1640 374//1640 375//1640
f 374//1641 373//1641 372//1641
f 373//1642 371//1642 369//1642
f 369//1643 366//1643 368//1643
f 357//1644 356//1644 354//1644
f 358//1645 357//1645 354//1645
f 399//1646 401//1646 796//1646
f 401//1647 400//1647 794//1647
f 332//1648 396//1648 399//1648
f 390//1649 391//1649 389//1649
f 387//1650 388//1650 386//1650
f 388//1651 390//1651 389//1651
f 386//1652 388//1652 389//1652
f 377//1653 384//1653 378//1653
f 384//1654 385//1654 378//1654
f 385//1655 387//1655 378//1655
f 387//1656 386//1656 378//1656
f 375//1657 377//1657 376//1657
f 376//1658 377//1658 378//1658
f 372//1659 375//1659 374//1659
f 358//1660 362//1660 360//1660
f 362//1661 361//1661 360//1661
f 351//1662 353//1662 352//1662
f 353//1663 354//1663 356//1663
f 347//1664 348//1664 346//1664
f 348//1665 349//1665 346//1665
f 345//1666 347//1666 346//1666
f 337//1667 339//1667 341//1667
f 339//1668 343//1668 341//1668
f 796//1669 327//1669 399//1669
f 369//1670 372//1670 373//1670
f 790//1671 791//1671 792//1671
f 791//1672 789//1672 792//1672
f 799//1673 800//1673 801//1673
f 400//1674 790//1674 793//1674
f 789//1675 799//1675 795//1675
f 799//1676 801//1676 802//1676
f 795//1677 799//1677 802//1677
f 801//1678 806//1678 807//1678
f 808//1679 813//1679 812//1679
f 813//1680 815//1680 814//1680
f 812//1681 813//1681 814//1681
f 801//1682 807//1682 805//1682
f 807//1683 808//1683 810//1683
f 807//1684 810//1684 805//1684
f 810//1685 808//1685 812//1685
f 815//1686 820//1686 819//1686
f 790//1687 792//1687 793//1687
f 815//1688 819//1688 816//1688
f 819//1689 821//1689 818//1689
f 816//1690 819//1690 818//1690
f 824//1691 827//1691 825//1691
f 827//1692 829//1692 825//1692
f 829//1693 830//1693 828//1693
f 815//1694 816//1694 817//1694
f 821//1695 824//1695 822//1695
f 349//1696 351//1696 350//1696
f 333//1697 335//1697 334//1697
f 798//1698 333//1698 334//1698
f 793//1699 794//1699 400//1699
f 794//1700 796//1700 401//1700
f 345//1701 346//1701 344//1701
f 343//1702 345//1702 344//1702
f 830//1703 845//1703 844//1703
f 830//1704 844//1704 843//1704
f 829//1705 828//1705 825//1705
f 830//1706 843//1706 831//1706
f 830//1707 831//1707 828//1707
f 841//1708 842//1708 839//1708
f 843//1709 841//1709 832//1709
f 841//1710 839//1710 834//1710
f 843//1711 832//1711 831//1711
f 839//1712 840//1712 847//1712
f 846//1713 849//1713 848//1713
f 839//1714 847//1714 846//1714
f 839//1715 846//1715 838//1715
f 848//1716 852//1716 850//1716
f 832//1717 841//1717 834//1717
f 846//1718 848//1718 838//1718
f 838//1719 848//1719 850//1719
f 795//1720 792//1720 789//1720
f 803//1721 802//1721 801//1721
f 805//1722 804//1722 803//1722
f 810//1723 809//1723 805//1723
f 812//1724 811//1724 810//1724
f 817//1725 814//1725 815//1725
f 822//1726 818//1726 821//1726
f 826//1727 823//1727 825//1727
f 823//1728 822//1728 824//1728
f 825//1729 823//1729 824//1729
f 834//1730 833//1730 832//1730
f 836//1731 835//1731 834//1731
f 838//1732 837//1732 839//1732
f 837//1733 836//1733 839//1733
f 856//1734 855//1734 851//1734
f 855//1735 854//1735 851//1735
f 836//1736 834//1736 839//1736
f 854//1737 838//1737 850//1737
f 856//1738 851//1738 859//1738
f 859//1739 858//1739 857//1739
f 860//1740 859//1740 857//1740
f 858//1741 859//1741 851//1741
f 863//1742 864//1742 865//1742
f 864//1743 860//1743 865//1743
f 874//1744 873//1744 863//1744
f 878//1745 879//1745 874//1745
f 877//1746 878//1746 874//1746
f 874//1747 863//1747 875//1747
f 875//1748 863//1748 865//1748
f 854//1749 850//1749 851//1749
f 877//1750 874//1750 875//1750
f 876//1751 875//1751 870//1751
f 860//1752 857//1752 861//1752
f 865//1753 860//1753 866//1753
f 884//1754 883//1754 881//1754
f 886//1755 885//1755 884//1755
f 895//1756 894//1756 887//1756
f 887//1757 886//1757 884//1757
f 887//1758 884//1758 890//1758
f 884//1759 881//1759 872//1759
f 896//1760 898//1760 893//1760
f 898//1761 895//1761 893//1761
f 895//1762 887//1762 892//1762
f 884//1763 872//1763 882//1763
f 884//1764 882//1764 890//1764
f 881//1765 880//1765 872//1765
f 910//1766 911//1766 897//1766
f 915//1767 914//1767 912//1767
f 914//1768 913//1768 912//1768
f 919//1769 917//1769 920//1769
f 917//1770 915//1770 918//1770
f 920//1771 917//1771 918//1771
f 925//1772 926//1772 922//1772
f 926//1773 921//1773 922//1773
f 921//1774 919//1774 920//1774
f 916//1775 915//1775 912//1775
f 915//1776 916//1776 918//1776
f 913//1777 910//1777 909//1777
f 936//1778 935//1778 930//1778
f 934//1779 936//1779 930//1779
f 934//1780 930//1780 933//1780
f 930//1781 929//1781 933//1781
f 937//1782 933//1782 932//1782
f 933//1783 929//1783 927//1783
f 932//1784 933//1784 928//1784
f 1006//1785 1007//1785 938//1785
f 1004//1786 1006//1786 938//1786
f 993//1787 1005//1787 1004//1787
f 990//1788 993//1788 938//1788
f 993//1789 1004//1789 938//1789
f 938//1790 937//1790 990//1790
f 987//1791 992//1791 991//1791
f 987//1792 991//1792 990//1792
f 986//1793 987//1793 990//1793
f 986//1794 990//1794 937//1794
f 805//1795 803//1795 801//1795
f 850//1796 853//1796 851//1796
f 857//1797 862//1797 861//1797
f 866//1798 867//1798 865//1798
f 861//1799 866//1799 860//1799
f 875//1800 865//1800 868//1800
f 868//1801 869//1801 870//1801
f 868//1802 870//1802 875//1802
f 870//1803 871//1803 876//1803
f 876//1804 871//1804 880//1804
f 871//1805 872//1805 880//1805
f 882//1806 889//1806 888//1806
f 882//1807 888//1807 890//1807
f 887//1808 890//1808 891//1808
f 892//1809 887//1809 891//1809
f 897//1810 896//1810 899//1810
f 893//1811 895//1811 892//1811
f 910//1812 897//1812 906//1812
f 896//1813 893//1813 899//1813
f 913//1814 909//1814 912//1814
f 897//1815 899//1815 906//1815
f 909//1816 910//1816 907//1816
f 995//1817 989//1817 994//1817
f 989//1818 988//1818 997//1818
f 994//1819 989//1819 997//1819
f 994//1820 996//1820 995//1820
f 1000//1821 999//1821 984//1821
f 999//1822 998//1822 983//1822
f 984//1823 999//1823 983//1823
f 998//1824 997//1824 983//1824
f 997//1825 988//1825 983//1825
f 988//1826 985//1826 981//1826
f 983//1827 988//1827 981//1827
f 1003//1828 1001//1828 1000//1828
f 1003//1829 1000//1829 984//1829
f 984//1830 1002//1830 1003//1830
f 981//1831 985//1831 982//1831
f 985//1832 986//1832 954//1832
f 982//1833 985//1833 970//1833
f 970//1834 985//1834 969//1834
f 986//1835 937//1835 945//1835
f 982//1836 970//1836 979//1836
f 1520//1837 1523//1837 979//1837
f 979//1838 970//1838 971//1838
f 1517//1839 1519//1839 1520//1839
f 1514//1840 1516//1840 1521//1840
f 1516//1841 1517//1841 1521//1841
f 1517//1842 1520//1842 1518//1842
f 1517//1843 1518//1843 1521//1843
f 1520//1844 979//1844 980//1844
f 1518//1845 1520//1845 1524//1845
f 1507//1846 1514//1846 1513//1846
f 1503//1847 1502//1847 1498//1847
f 1506//1848 1505//1848 1504//1848
f 1505//1849 1501//1849 1504//1849
f 1501//1850 1503//1850 1498//1850
f 1501//1851 1498//1851 1497//1851
f 1498//1852 1496//1852 1497//1852
f 1497//1853 1499//1853 1504//1853
f 1491//1854 1493//1854 1495//1854
f 1493//1855 1494//1855 1495//1855
f 1497//1856 1504//1856 1501//1856
f 1494//1857 1497//1857 1496//1857
f 1496//1858 1495//1858 1494//1858
f 1491//1859 1495//1859 1492//1859
f 1495//1860 1500//1860 1492//1860
f 1487//1861 1491//1861 1486//1861
f 1491//1862 1492//1862 1486//1862
f 1500//1863 1507//1863 1509//1863
f 1500//1864 1509//1864 1492//1864
f 1514//1865 1521//1865 1515//1865
f 901//1866 903//1866 904//1866
f 904//1867 905//1867 902//1867
f 902//1868 900//1868 901//1868
f 900//1869 906//1869 899//1869
f 901//1870 900//1870 899//1870
f 906//1871 908//1871 907//1871
f 906//1872 907//1872 910//1872
f 901//1873 904//1873 902//1873
f 920//1874 922//1874 921//1874
f 922//1875 924//1875 925//1875
f 924//1876 923//1876 925//1876
f 927//1877 928//1877 933//1877
f 928//1878 931//1878 932//1878
f 923//1879 927//1879 929//1879
f 925//1880 923//1880 929//1880
f 939//1881 940//1881 941//1881
f 932//1882 939//1882 942//1882
f 939//1883 941//1883 942//1883
f 942//1884 943//1884 944//1884
f 932//1885 942//1885 937//1885
f 942//1886 944//1886 937//1886
f 947//1887 948//1887 946//1887
f 948//1888 949//1888 946//1888
f 944//1889 947//1889 945//1889
f 979//1890 971//1890 980//1890
f 944//1891 945//1891 937//1891
f 949//1892 951//1892 950//1892
f 951//1893 952//1893 950//1893
f 952//1894 953//1894 950//1894
f 1473//1895 1478//1895 1477//1895
f 1471//1896 1472//1896 1435//1896
f 1472//1897 1473//1897 1436//1897
f 1473//1898 1477//1898 1474//1898
f 1477//1899 1479//1899 1474//1899
f 1472//1900 1436//1900 1437//1900
f 947//1901 946//1901 945//1901
f 949//1902 950//1902 946//1902
f 945//1903 954//1903 986//1903
f 954//1904 955//1904 969//1904
f 955//1905 956//1905 957//1905
f 955//1906 957//1906 969//1906
f 969//1907 957//1907 968//1907
f 957//1908 958//1908 968//1908
f 960//1909 961//1909 962//1909
f 958//1910 960//1910 965//1910
f 960//1911 962//1911 959//1911
f 959//1912 964//1912 965//1912
f 960//1913 959//1913 965//1913
f 1468//1914 1467//1914 1466//1914
f 1467//1915 1469//1915 1428//1915
f 1466//1916 1467//1916 1427//1916
f 1438//1917 1465//1917 1427//1917
f 1465//1918 1466//1918 1427//1918
f 1427//1919 1467//1919 1428//1919
f 1469//1920 1470//1920 1428//1920
f 1445//1921 1446//1921 1444//1921
f 1447//1922 1445//1922 1443//1922
f 1445//1923 1444//1923 1443//1923
f 1448//1924 1447//1924 1394//1924
f 1447//1925 1443//1925 1406//1925
f 1394//1926 1447//1926 1391//1926
f 1451//1927 1452//1927 1450//1927
f 1462//1928 1460//1928 1463//1928
f 1460//1929 1453//1929 1459//1929
f 1462//1930 1463//1930 1464//1930
f 1461//1931 1462//1931 1464//1931
f 1457//1932 1458//1932 1453//1932
f 1458//1933 1459//1933 1453//1933
f 1459//1934 1463//1934 1460//1934
f 1456//1935 1457//1935 1398//1935
f 1454//1936 1455//1936 1456//1936
f 1398//1937 1454//1937 1456//1937
f 1457//1938 1453//1938 1398//1938
f 1453//1939 1451//1939 1398//1939
f 1398//1940 1451//1940 1450//1940
f 1404//1941 1405//1941 1403//1941
f 1403//1942 1398//1942 1399//1942
f 1398//1943 1450//1943 1396//1943
f 1398//1944 1396//1944 1397//1944
f 1450//1945 1449//1945 1396//1945
f 1402//1946 1404//1946 1403//1946
f 1399//1947 1401//1947 1400//1947
f 1400//1948 1402//1948 1399//1948
f 1402//1949 1403//1949 1399//1949
f 1449//1950 1448//1950 1395//1950
f 1396//1951 1449//1951 1395//1951
f 1397//1952 1399//1952 1398//1952
f 1395//1953 1448//1953 1394//1953
f 1391//1954 1447//1954 1406//1954
f 1443//1955 1438//1955 1426//1955
f 1391//1956 1392//1956 1393//1956
f 1393//1957 1394//1957 1391//1957
f 1406//1958 1443//1958 1409//1958
f 1390//1959 1391//1959 1406//1959
f 1390//1960 1408//1960 1385//1960
f 1387//1961 1389//1961 1386//1961
f 1389//1962 1385//1962 1386//1962
f 1408//1963 1390//1963 1406//1963
f 1385//1964 1408//1964 1378//1964
f 1388//1965 1387//1965 1386//1965
f 1383//1966 1384//1966 1385//1966
f 1384//1967 1386//1967 1385//1967
f 1381//1968 1382//1968 1383//1968
f 1377//1969 1380//1969 1379//1969
f 1381//1970 1383//1970 1378//1970
f 1383//1971 1385//1971 1378//1971
f 1377//1972 1379//1972 1375//1972
f 1379//1973 1381//1973 1376//1973
f 1375//1974 1379//1974 1374//1974
f 1371//1975 1373//1975 1375//1975
f 1374//1976 1379//1976 1376//1976
f 1371//1977 1375//1977 1370//1977
f 1370//1978 1375//1978 1372//1978
f 1366//1979 1369//1979 1368//1979
f 1369//1980 1371//1980 1368//1980
f 1362//1981 1364//1981 1363//1981
f 1362//1982 1363//1982 1365//1982
f 1363//1983 1366//1983 1365//1983
f 1360//1984 1361//1984 1362//1984
f 1365//1985 1360//1985 1362//1985
f 965//1986 966//1986 963//1986
f 966//1987 967//1987 963//1987
f 967//1988 974//1988 972//1988
f 974//1989 976//1989 975//1989
f 976//1990 978//1990 977//1990
f 976//1991 977//1991 975//1991
f 958//1992 965//1992 968//1992
f 968//1993 965//1993 963//1993
f 974//1994 975//1994 972//1994
f 972//1995 973//1995 963//1995
f 967//1996 972//1996 963//1996
f 954//1997 969//1997 985//1997
f 980//1998 1524//1998 1520//1998
f 1521//1999 1522//1999 1515//1999
f 1514//2000 1515//2000 1513//2000
f 1507//2001 1513//2001 1509//2001
f 1510//2002 1512//2002 1511//2002
f 1509//2003 1510//2003 1508//2003
f 1492//2004 1509//2004 1508//2004
f 1480//2005 1487//2005 1483//2005
f 1510//2006 1511//2006 1508//2006
f 1492//2007 1490//2007 1486//2007
f 1486//2008 1489//2008 1487//2008
f 1489//2009 1488//2009 1487//2009
f 1487//2010 1488//2010 1483//2010
f 1479//2011 1480//2011 1476//2011
f 1480//2012 1483//2012 1484//2012
f 1484//2013 1485//2013 1481//2013
f 1480//2014 1484//2014 1481//2014
f 1473//2015 1474//2015 1436//2015
f 1480//2016 1481//2016 1476//2016
f 1481//2017 1482//2017 1476//2017
f 1479//2018 1476//2018 1475//2018
f 1474//2019 1479//2019 1475//2019
f 1439//2020 1440//2020 1442//2020
f 1440//2021 1441//2021 1442//2021
f 1472//2022 1437//2022 1435//2022
f 1436//2023 1439//2023 1437//2023
f 1470//2024 1471//2024 1431//2024
f 1435//2025 1431//2025 1471//2025
f 1439//2026 1442//2026 1437//2026
f 1438//2027 1427//2027 1426//2027
f 1366//2028 1368//2028 1367//2028
f 1368//2029 1371//2029 1370//2029
f 1367//2030 1365//2030 1366//2030
f 1470//2031 1431//2031 1430//2031
f 1374//2032 1372//2032 1375//2032
f 1470//2033 1430//2033 1428//2033
f 1430//2034 1434//2034 1433//2034
f 1433//2035 1432//2035 1428//2035
f 1428//2036 1429//2036 1427//2036
f 1430//2037 1433//2037 1428//2037
f 1378//2038 1376//2038 1381//2038
f 1406//2039 1407//2039 1408//2039
f 1425//2040 1424//2040 1421//2040
f 1424//2041 1423//2041 1421//2041
f 1443//2042 1426//2042 1425//2042
f 1423//2043 1422//2043 1421//2043
f 1443//2044 1425//2044 1417//2044
f 1409//2045 1443//2045 1417//2045
f 1419//2046 1420//2046 1418//2046
f 1425//2047 1421//2047 1418//2047
f 1421//2048 1419//2048 1418//2048
f 1410//2049 1409//2049 1413//2049
f 1411//2050 1412//2050 1410//2050
f 1414//2051 1413//2051 1409//2051
f 1413//2052 1411//2052 1410//2052
f 1417//2053 1416//2053 1415//2053
f 1415//2054 1414//2054 1409//2054
f 1409//2055 1417//2055 1415//2055
f 1562//2056 905//2056 1560//2056
f 1560//2057 1561//2057 1559//2057
f 1563//2058 1566//2058 1564//2058
f 1566//2059 1565//2059 1564//2059
f 1560//2060 1559//2060 1562//2060
f 1559//2061 1563//2061 1562//2061
f 1567//2062 1564//2062 1565//2062
f 1564//2063 1562//2063 1563//2063
f 1570//2064 1569//2064 1568//2064
f 1569//2065 1567//2065 1568//2065
f 1567//2066 1565//2066 1568//2066
f 1571//2067 1572//2067 1575//2067
f 1570//2068 1568//2068 1571//2068
f 1577//2069 1578//2069 1573//2069
f 1573//2070 1570//2070 1576//2070
f 1570//2071 1571//2071 1576//2071
f 1571//2072 1575//2072 1574//2072
f 1574//2073 1580//2073 1582//2073
f 1580//2074 1581//2074 1582//2074
f 1582//2075 1583//2075 1579//2075
f 1571//2076 1574//2076 1576//2076
f 1576//2077 1577//2077 1573//2077
f 1574//2078 1582//2078 1579//2078
