# Blender 4.1.1
# www.blender.org
mtllib CaveANavMesh_Fixed.mtl
o CaveANavMesh_ScaledMesh
v -170.366364 40.238674 114.757545
v -169.581573 40.089554 115.432129
v -171.313416 40.330513 113.241943
v -170.242615 40.777241 116.601562
v -173.495621 40.970196 113.072983
v -173.125870 41.256725 116.876488
v -170.436951 41.013206 117.094177
v -171.030884 41.420475 118.191406
v -173.732544 41.603466 118.263550
v -172.394623 41.838715 119.805786
v -173.533966 41.466545 117.577271
v -173.315430 41.146389 115.778564
v -173.401718 40.982254 113.825066
v -173.878632 41.272507 115.377563
v -174.585205 41.934052 119.778198
v -174.274780 41.779465 119.014771
v -173.712158 42.150497 121.072388
v -172.313812 41.927994 120.276978
v -174.564453 42.067566 120.513672
v -175.602112 42.208466 121.552490
v -174.010712 42.263664 122.068848
v -173.804230 41.249397 114.874756
v -174.164612 41.521797 115.287720
v -173.292206 40.743629 112.489868
v -171.692062 40.348911 112.305382
v -172.467133 40.545403 112.500000
v -171.381378 40.238041 112.368042
v -173.803192 42.295372 122.712158
v -177.424438 42.251373 121.670654
v -173.993286 42.317642 123.946045
v -175.118896 42.330917 124.846680
v -174.349243 42.319237 124.619019
v -175.964203 42.367050 125.693726
v -176.104553 42.360203 126.965332
v -176.713593 42.319824 128.115845
v -177.785736 42.289734 122.081421
v -178.145325 42.281231 121.387085
v -177.926361 42.311142 122.555908
v -178.319885 42.302299 121.704468
v -178.686310 42.319275 121.101929
v -178.535919 42.285545 120.911011
v -178.460754 42.266651 123.197266
v -179.765564 42.336494 124.051025
v -180.972931 42.402359 124.393921
v -176.809052 42.276333 129.088501
v -177.585052 42.289322 129.163818
v -178.333252 42.320805 128.979004
v -179.206665 42.322628 129.072266
v -180.048309 42.316471 129.280762
v -182.861298 42.438210 123.910156
v -184.026917 42.453224 124.396606
v -183.497772 42.284695 128.797852
v -184.460648 42.276512 128.489929
v -182.902557 42.289463 129.527832
v -182.566010 42.290291 130.389893
v -182.020050 42.278439 131.301758
v -181.827789 42.277935 132.307373
v -180.985809 42.287479 132.223755
v -180.065125 42.280754 131.676880
v -179.583496 42.309200 129.987305
v -179.287994 42.289757 130.884766
v -179.053680 42.304401 130.468140
v -179.252197 42.259174 131.630127
v -179.393738 42.235184 132.277344
v -179.796356 42.242184 132.417358
v -179.867676 42.231007 132.722778
v -180.295410 42.261948 132.557861
v -185.751831 42.186451 129.205688
v -186.448212 42.131413 129.808594
v -187.482239 42.090408 130.205688
v -189.111755 42.076145 130.781738
v -188.018158 42.088737 130.692505
v -190.051910 42.046230 131.177612
v -192.050049 42.118229 133.044678
v -191.157288 42.104126 132.338379
v -192.818115 42.183365 133.718018
v -192.046082 42.145767 133.830200
v -191.638489 42.139111 133.660767
v -193.829437 42.251102 133.443481
v -193.066711 42.213703 133.990601
v -195.259735 42.286381 132.849487
v -196.182068 42.371914 131.937988
v -195.746063 42.340973 132.581055
v -196.991058 42.383705 131.080688
v -196.647675 42.422054 131.970703
v -197.577209 42.453030 130.743530
v -199.126190 42.644077 130.613525
v -200.345215 42.810658 130.631165
v -200.803253 42.862724 131.305908
v -194.756439 42.554474 124.376343
v -195.988434 42.588860 124.666382
v -197.254486 42.674564 124.762573
v -193.211578 42.509201 123.745117
v -189.937607 42.256359 125.931549
v -198.180389 42.794838 124.722290
v -198.729218 42.838089 125.372559
v -198.781708 42.864967 124.962524
v -199.452026 42.916946 125.502930
v -200.184937 43.000206 125.121216
v -200.626434 43.040028 125.303711
v -201.538879 43.120350 125.629425
v -200.743835 43.050842 124.955811
v -203.485413 43.252453 126.844482
v -204.892090 43.297295 127.811646
v -206.167114 43.418415 128.075195
v -206.330841 43.337002 129.003174
v -203.375137 42.935459 130.729294
v -203.990479 43.058552 130.272095
v -205.294037 43.228565 130.175537
v -203.192047 42.907780 131.774536
v -206.728699 43.324673 130.040039
v -206.770691 43.337902 129.672363
v -205.822571 43.257473 130.397705
v -207.144623 43.295513 130.608398
v -201.233185 42.895760 131.925537
v -200.685089 42.859219 131.910767
v -201.799591 43.053833 132.946289
v -201.780060 43.130066 133.318237
v -201.405518 43.407383 133.600464
v -201.119873 43.541485 133.520508
v -202.225037 42.900341 133.960571
v -203.204926 42.872421 135.422119
v -203.435150 42.905125 133.075928
v -201.697968 42.819855 135.094238
v -204.583984 42.918808 134.124756
v -202.211212 42.839542 136.024048
v -201.911072 42.789829 136.716431
v -200.747986 42.788033 135.745850
v -199.979279 42.740982 136.452881
v -204.650024 42.878330 135.516357
v -199.752930 42.771343 135.611572
v -199.234650 42.724834 136.016235
v -198.721436 42.688084 136.314453
v -199.580994 42.804306 135.245850
v -206.234467 43.002182 133.580826
v -205.292969 42.852055 135.865112
v -206.377838 42.816299 135.872925
v -207.599426 43.034908 133.423096
v -207.094513 42.845440 135.142700
v -206.695557 42.761066 135.999878
v -208.075745 42.770000 135.355713
v -208.361282 43.069496 132.908646
v -209.116669 42.698643 135.787842
v -210.147980 42.536167 136.697998
v -210.344604 43.035244 133.318115
v -209.354492 43.059273 132.890869
v -210.590515 43.118797 132.651978
v -211.011200 42.935837 133.806274
v -211.005981 43.115147 132.577515
v -211.411591 42.801270 134.823120
v -211.054199 43.187344 131.937988
v -211.592377 43.111034 132.439453
v -211.418243 43.195435 131.861450
v -211.176422 43.244198 131.487061
v -212.648071 42.669605 135.677246
v -212.424591 42.275986 138.356812
v -210.670135 42.386623 137.703857
v -210.324097 42.374180 137.829956
v -213.697693 42.591816 136.057617
v -212.902893 42.696236 135.439331
v -213.576660 42.313778 137.828369
v -214.554169 42.304924 137.714111
v -215.550293 42.340508 137.261841
v -214.691681 42.532116 136.190918
v -216.415466 42.395710 136.703003
v -217.463165 42.239132 137.526611
v -218.333954 42.406437 135.934082
v -218.016205 42.169376 137.858765
v -218.780334 42.360477 136.355957
v -220.128113 42.065037 138.387695
v -218.944061 42.438351 135.534790
v -218.706787 42.456890 135.344849
v -219.255432 42.475266 135.163452
v -220.281677 42.298847 136.450562
v -221.048584 42.337051 135.870728
v -220.715759 41.912678 139.572266
v -221.856354 41.876659 139.662720
v -222.543976 41.829399 139.595093
v -222.686096 41.800194 139.746094
v -223.024994 41.790016 139.639648
v -223.042114 41.883797 138.834229
v -223.668686 42.271870 135.192383
v -223.445068 41.838280 139.239990
v -225.030212 41.878704 138.681396
v -222.221008 42.359035 135.028198
v -221.200439 42.459156 134.628662
v -224.648926 42.193455 135.076172
v -226.022583 41.866383 138.403687
v -225.642792 41.864258 138.681152
v -225.758301 41.965302 137.486328
v -225.615753 42.113674 136.130615
v -225.534393 42.179043 135.147095
v -226.864624 42.107468 135.186035
v -226.435806 42.152058 134.832230
v -228.218506 42.026035 135.036987
v -228.262268 42.110783 133.822388
v -229.080292 42.101994 133.201050
v -230.162521 42.164204 132.176682
v -229.190399 42.096684 134.734741
v -231.140503 42.252026 130.993042
v -231.920074 42.294308 129.844238
v -232.774719 42.303616 129.187256
v -230.245972 42.256927 134.324829
v -229.602997 42.275448 134.869141
v -230.985626 42.266193 134.107544
v -231.774445 42.129440 134.261597
v -232.162262 42.013515 134.689575
v -232.585556 41.831673 134.594315
v -232.604279 41.725586 135.181030
v -232.460327 41.808331 135.408447
v -235.224762 41.979435 131.417236
v -235.888367 42.053288 130.156982
v -233.329773 42.232815 128.636719
v -233.656250 42.295231 128.649048
v -233.496246 42.407990 128.247803
v -234.618835 42.280766 128.969727
v -235.631714 42.359917 128.225952
v -236.525818 42.142456 129.296265
v -236.618286 42.263126 127.752930
v -236.913239 42.194614 128.274170
v -237.581909 42.157063 127.517090
v -237.354828 42.240925 127.004272
v -238.035858 42.096348 127.246216
v -238.153625 42.173008 125.857666
v -238.871277 42.009323 126.241089
v -238.563873 42.148979 124.872070
v -239.646423 42.035919 123.964111
v -238.776764 42.167156 124.039795
v -239.795044 41.943600 125.238892
v -239.200897 42.154823 123.110107
v -240.364380 41.932320 123.766113
v -240.600800 41.818569 124.871216
v -241.005432 41.771713 124.181885
v -241.033264 41.833778 123.325684
v -241.992767 41.685104 122.403687
v -242.601196 41.599800 121.646729
v -238.262451 42.264938 123.560181
v -241.890503 41.586418 123.740967
v -239.008636 42.238007 121.996826
v -238.541199 42.257690 122.825562
v -239.872437 42.117172 121.666382
v -244.134979 41.197891 122.602417
v -242.724365 41.379768 123.624878
v -243.529541 41.231537 123.930420
v -243.754822 41.392632 121.403076
v -243.216095 41.498146 121.308960
v -243.961304 41.338310 121.090942
v -245.077087 41.060104 122.402588
v -245.048065 40.866879 124.792419
v -246.147125 40.858395 124.211502
v -244.240112 41.110237 124.558105
v -246.722565 40.782127 123.319580
v -247.746155 40.534603 124.018959
v -249.092072 40.431152 124.326660
v -244.281128 41.233643 124.959473
v -247.262451 40.639542 124.390137
v -248.303986 40.375561 126.134361
v -249.427292 40.367531 125.832703
v -250.217865 40.563225 123.661499
v -251.122620 41.347675 122.781372
v -251.301605 41.668839 122.309082
v -251.815643 41.347214 122.612671
v -252.241058 40.851460 123.223267
v -253.704681 40.467178 123.947754
v -250.621582 40.402225 126.933838
v -250.486481 40.493786 127.959229
v -253.751740 40.365948 124.792358
v -254.604721 40.336327 126.000320
v -254.659271 40.418770 127.557739
v -251.679337 40.554768 128.513489
v -250.097809 40.540760 128.139771
v -252.382401 40.498955 129.001389
v -249.304718 40.408535 128.341675
v -249.471985 40.382847 128.085938
v -249.105469 40.450329 127.786133
v -249.186768 40.503040 128.812378
v -248.767792 40.838387 129.245117
v -248.984497 40.619202 129.464600
v -252.902863 40.565132 129.585815
v -254.185242 40.519321 130.851562
v -248.390594 40.519779 130.383789
v -248.063049 40.450920 130.431519
v -248.905518 40.760265 130.167603
v -248.934143 41.115223 130.577759
v -255.133881 40.468761 129.033081
v -255.249908 40.501205 130.467651
v -255.796295 40.501659 131.599609
v -254.810104 40.689373 132.877274
v -254.522583 40.814407 132.461792
v -254.938477 40.671051 133.703247
v -256.504486 40.511066 132.813965
v -255.771301 40.655117 133.622559
v -256.502289 40.601948 133.736084
v -22.546387 43.202557 149.755249
v -21.909424 43.205242 148.870728
v -22.191223 43.188145 150.192383
v -22.891357 43.211460 149.178101
v -23.058167 43.200054 149.681152
v -23.433655 43.209431 148.441528
v -22.507202 43.177448 147.646240
v -22.129333 43.157711 147.952637
v -23.989380 43.208385 147.894897
v -22.643982 43.172733 146.728027
v -24.680603 43.192600 147.709473
v -24.765259 43.204205 148.272339
v -24.966125 43.192051 148.161255
v -24.818848 43.134960 146.514526
v -23.216003 43.134350 145.120972
v -24.777056 42.847061 142.429993
v -25.146118 43.085060 145.779907
v -25.619568 43.031643 145.056763
v -26.481201 42.907932 144.226562
v -25.614910 42.767818 141.360718
v -28.694756 42.657707 143.062134
v -27.246521 42.859562 144.431641
v -26.888445 42.420277 139.390381
v -27.450073 41.947628 138.656982
v -27.998104 42.230892 138.131714
v -30.674622 42.352901 141.399292
v -30.148621 42.517979 143.062744
v -30.519775 42.422249 142.217896
v -30.933655 42.494270 143.453979
v -31.469604 42.235935 140.633301
v -31.539062 42.218655 138.044189
v -32.095276 42.197849 140.305786
v -32.665161 42.193104 138.860596
v -33.745728 42.170757 138.562256
v -30.090149 42.221661 137.847290
v -33.067261 42.182690 140.304932
v -34.429771 42.157455 138.563416
v -29.436340 42.216457 136.819458
v -29.420837 42.215000 137.009766
v -30.020447 42.197498 136.578979
v -30.331726 42.192348 136.088013
v -35.692261 42.182606 139.986938
v -34.817810 42.175354 140.232788
v -34.019165 42.195858 140.624756
v -36.593262 42.227566 139.050537
v -36.131897 42.273903 136.904419
v -37.944946 42.426994 137.706665
v -36.964905 42.379921 136.505127
v -37.828735 42.515202 135.914551
v -38.503113 42.637142 135.369629
v -39.254883 42.569664 137.883057
v -39.077515 42.700886 135.435059
v -40.487549 42.574635 139.090820
v -39.013245 42.719513 134.324585
v -41.260376 42.729923 138.406372
v -41.010071 42.544739 140.472656
v -41.866333 42.897907 137.566406
v -41.786011 42.716831 139.870483
v -42.808655 43.097919 136.740112
v -41.981506 42.678776 140.656006
v -42.623169 42.737747 141.224609
v -42.424866 42.665348 141.801758
v -43.387634 42.822796 141.266724
v -41.602966 42.514107 142.634277
v -41.134705 42.499371 142.048706
v -40.745361 42.426334 142.601807
v -40.022949 42.300346 143.436401
v -40.870483 42.377155 143.499023
v -40.121277 42.322475 143.125244
v -43.676270 43.233444 136.525513
v -38.358459 42.654854 133.630249
v -38.375977 42.656834 134.171631
v -37.719910 42.601013 133.560059
v -39.507019 42.848408 133.097778
v -40.792603 43.071079 132.547363
v -42.403259 43.359764 131.497437
v -43.388321 43.518417 131.536438
v -44.081299 43.614368 131.849365
v -44.929749 43.469700 136.001343
v -44.654358 43.353024 136.718506
v -44.942322 43.406376 136.602783
v -47.107410 43.878910 133.209686
v -45.289734 43.770035 131.906982
v -46.801941 43.906353 132.194580
v -48.344055 44.082928 131.899414
v -46.274536 43.734638 134.277100
v -45.944031 43.676754 134.827759
v -47.953613 43.980556 132.947632
v -48.723694 44.063686 133.018921
v -49.581543 44.152744 133.246826
v -50.313843 44.192287 133.973877
v -50.555904 44.337456 130.899582
v -53.915836 44.371258 133.423996
v -49.253296 44.199532 131.036865
v -51.678101 44.380268 131.241333
v -53.140869 44.396282 131.317383
v -54.107655 44.409870 130.741394
v -52.182007 44.309650 134.345825
v -50.393921 44.183521 135.333008
v -51.109741 44.243481 135.337036
v -50.910645 44.200634 136.031860
v -52.822021 44.347401 134.319946
v -53.692261 44.375511 133.851318
v -54.696167 44.318821 133.449951
v -55.737915 44.315548 132.986084
v -56.610046 44.317596 132.109863
v -57.788147 44.268593 131.340332
v -59.206421 44.147686 130.843872
v -60.305603 44.047989 130.230637
v -61.266418 43.966106 130.014648
v -56.050415 44.298309 129.119019
v -54.741882 44.372135 129.736328
v -54.946533 44.354168 129.106934
v -58.100403 44.148251 128.506470
v -57.274292 44.197979 128.566284
v -57.672729 44.155880 128.257324
v -62.629665 44.022449 129.428696
v -63.956738 44.074203 129.417419
v -64.751770 44.107716 129.582275
v -65.639404 44.202541 129.218506
v -66.710815 44.279636 128.534180
v -58.708374 44.093666 128.114868
v -59.293579 44.022770 127.323486
v -59.855103 43.973988 126.765381
v -60.499268 43.981575 126.981079
v -61.371582 44.015362 126.318481
v -61.068420 44.005848 125.834229
v -61.637573 44.061390 125.036133
v -62.648804 44.112457 124.742188
v -63.598572 44.161423 125.352783
v -64.811401 44.243408 125.523682
v -65.446106 44.290661 125.728271
v -67.027885 44.301018 128.079605
v -66.820511 44.513824 125.477859
v -68.147217 44.477840 128.108032
v -68.474976 44.568195 127.639038
v -69.510132 44.760845 126.839722
v -67.745850 44.828667 124.212280
v -67.772705 44.956135 122.987671
v -68.645081 45.137840 122.640381
v -68.161987 45.065529 122.604980
v -69.658325 45.375744 121.671875
v -70.050652 45.620991 119.884407
v -69.449265 45.660156 118.429535
v -69.437439 45.604950 119.149048
v -69.284607 45.675865 118.098755
v -70.117310 45.864635 117.592651
v -70.477112 45.896622 117.862183
v -72.560425 46.122711 118.720215
v -71.430298 46.060116 117.977295
v -77.006065 46.253189 123.500053
v -73.345322 46.267296 117.995270
v -73.202393 46.419861 116.539551
v -78.340820 46.643894 119.658691
v -78.111847 46.671227 118.569397
v -78.437378 46.540794 121.234497
v -74.345093 46.672432 114.801880
v -73.538391 46.517006 115.834473
v -79.042175 46.789574 117.485718
v -79.931396 46.874462 116.123413
v -79.796082 46.849854 116.839355
v -80.307930 47.028465 114.992287
v -80.404907 47.169548 113.573975
v -80.605530 47.237244 113.005493
v -81.396362 47.312073 112.399170
v -74.783691 46.967133 112.841187
v -74.563171 46.831161 113.608521
v -75.255859 47.086105 112.022827
v -75.382690 47.196068 111.093140
v -75.760986 47.252060 110.785645
v -75.842102 47.312042 110.427246
v -76.567993 47.356117 110.467651
v -76.426025 47.392776 110.102051
v -77.252197 47.511978 109.386353
v -78.065735 47.623184 108.199463
v -82.021423 47.434624 111.209595
v -82.192810 47.353798 111.959961
v -82.839905 47.325531 112.290771
v -82.805603 47.360535 111.946289
v -83.027161 47.388691 111.847046
v -82.971680 47.439716 111.485596
v -78.035461 47.806801 106.062866
v -78.546143 47.889709 105.205444
v -78.490158 47.980488 104.089470
v -78.242859 48.042320 103.344482
v -82.424210 47.994144 105.705055
v -82.108704 47.799072 107.938599
v -81.594788 47.684410 108.866699
v -81.554321 47.551136 109.824829
v -82.525879 47.573517 110.146362
v -82.616821 47.505714 110.841431
v -82.426270 47.819794 107.778320
v -83.024170 48.081924 104.678467
v -82.569824 48.113186 103.352783
v -83.039978 48.096840 104.102905
v -78.809517 48.112267 102.068481
v -81.304260 48.116882 101.490845
v -78.472351 48.083088 102.355713
v -79.048706 48.124218 101.222656
v -78.730408 48.106911 101.571411
v -79.040039 48.145664 100.140137
v -78.915100 48.184494 99.135986
v -79.820740 48.185570 99.176392
v -81.662598 48.126465 100.796997
v -81.163147 48.163376 99.941650
v -79.158752 48.232727 98.128540
v -79.427124 48.286686 96.901611
v -78.990967 48.267593 97.248901
v -79.126404 48.330200 96.144165
v -78.733032 48.307915 96.568359
v -80.135437 48.330223 95.748291
v -78.626587 48.443752 94.116089
v -78.524170 48.396667 94.912720
v -79.639160 48.488590 92.522217
v -78.050964 48.451118 93.836548
v -77.688843 48.478630 92.714600
v -78.843994 48.558243 91.634888
v -78.356323 48.690910 89.435425
v -80.957764 48.377518 93.333130
v -80.574585 48.463463 92.675293
v -81.584290 48.259880 94.608521
v -80.758057 48.289188 95.572632
v -81.269104 48.268661 95.563599
v -78.705688 48.656136 89.992432
v -78.808228 48.617306 90.636719
v -79.440002 48.750412 88.756592
v -78.358704 48.816460 87.699707
v -79.898804 48.882172 86.687012
v -77.416077 48.887218 86.682495
v -79.957642 48.840981 87.618774
v -80.161499 48.771324 88.291016
v -79.494751 48.895279 86.144897
v -79.785889 48.907791 85.292358
v -80.421387 48.915649 85.175659
v -77.127075 48.896812 85.402832
v -80.445435 48.984146 84.461426
v -76.301270 48.938217 84.139038
v -80.000610 49.036114 83.725342
v -79.643005 48.989204 82.782471
v -79.190132 48.919384 82.129028
v -76.545898 48.960762 82.018311
v -76.326782 48.942852 82.545898
v -78.485779 48.826679 80.801270
v -76.348328 48.874355 81.058228
v -78.299561 48.735825 80.038452
v -76.653870 48.554424 78.993286
v -78.936218 48.333321 77.489380
v -78.770569 48.486412 78.658936
v -76.310791 48.382336 77.983887
v -76.228699 48.160233 76.856445
v -78.583305 47.627773 73.700233
v -76.051147 47.998253 75.923218
v -79.214966 48.240623 76.829590
v -79.428345 48.092537 75.940186
v -79.209656 47.941372 75.138550
v -78.437416 47.447754 72.474869
v -78.026978 47.318516 71.326050
v -75.238403 47.761158 74.694580
v -74.870239 47.521038 73.547119
v -75.321594 47.370312 72.360840
v -75.476562 47.233608 71.498901
v -75.893677 47.152134 70.202148
v -78.314392 47.243088 70.598022
v -75.864319 47.078815 68.797607
v -78.344299 47.154751 69.761963
v -78.116882 47.115345 68.940186
v -78.110779 47.077259 68.106812
v -78.314026 46.993530 66.807251
v -78.657715 47.016739 67.079102
v -75.312805 47.030308 67.426392
v -75.590210 46.984959 66.173584
v -77.873856 46.879795 64.697548
v -75.414551 46.942581 65.519287
v -78.481445 46.961308 66.204346
v -78.791199 46.978153 66.461792
v -75.826660 46.855373 64.053467
v -76.032227 46.689232 62.449581
v -77.895264 46.745632 63.783199
v -77.331970 46.655468 62.830196
v -76.259644 46.567558 61.786861
v -76.961121 46.529110 61.670528
v -76.443359 46.250416 59.877560
v -77.567383 46.244350 60.072140
v -77.396088 46.536907 59.095226
v -76.076172 46.006725 58.972286
v -75.772644 45.689159 57.727047
v -77.807312 45.849400 57.944454
v -78.655457 45.538414 56.983273
v -79.659409 45.513775 55.817120
v -76.433167 45.513851 57.005978
v -75.549500 45.546772 57.130245
v -75.071960 45.527573 57.028072
v -77.469650 45.352474 56.152676
v -77.559387 45.290901 54.858273
v -79.802246 45.650082 53.685909
v -77.391541 45.281231 54.034298
v -80.976379 45.867107 53.423580
v -78.961304 45.505726 53.118282
v -81.666687 45.947598 54.412106
v -80.715332 45.725605 55.202633
v -82.797424 46.163647 54.071651
v -81.904968 46.071796 52.284420
v -82.284576 46.208775 51.318336
v -84.387566 46.481556 53.296497
v -85.607788 46.625164 53.102047
v -82.361755 46.247555 50.090694
v -86.763489 46.812965 52.660030
v -77.853821 45.346813 52.181026
v -77.232361 45.275890 52.577877
v -81.732666 46.173512 48.871578
v -81.389221 46.102074 49.014523
v -81.819336 46.271641 47.604977
v -81.451782 46.278126 46.370724
v -82.634216 46.564423 44.517452
v -80.436218 46.169231 44.778316
v -81.438477 46.349388 44.391598
v -83.985657 46.888416 44.222164
v -80.398987 46.141930 45.296627
v -85.026001 47.089493 43.692135
v -79.125694 45.965813 44.377632
v -78.655029 45.776752 45.243404
v -77.573120 45.595135 44.699459
v -77.235535 45.490486 46.629635
v -76.492432 45.372540 45.271603
v -75.533386 45.191555 45.492062
v -90.425819 47.407719 45.430252
v -86.252808 47.209801 43.478268
v -86.915283 47.250637 42.902950
v -74.122253 44.999676 46.091549
v -74.741089 45.080303 45.448360
v -73.356384 44.925083 46.512447
v -75.654541 45.149792 48.845699
v -77.238159 45.432110 47.759640
v -77.000366 45.381111 49.069698
v -77.420288 45.460606 48.709713
v -72.061035 44.780937 47.505245
v -71.076202 44.687321 47.666855
v -74.981262 45.045238 48.816158
v -74.415100 44.974575 49.359982
v -73.784546 44.921711 50.259274
v -73.788635 44.901928 51.170040
v -72.675179 44.788437 52.116859
v -69.750549 44.684025 47.303951
v -68.332520 44.689400 47.057735
v -67.170227 44.688747 47.790035
v -68.353584 44.630390 52.410168
v -73.925598 44.898235 51.840084
v -74.099121 44.928509 51.495113
v -72.169678 44.727421 52.724850
v -70.987061 44.688236 53.127926
v -71.713562 44.702900 53.132931
v -69.796387 44.645542 52.424313
v -67.228691 44.665264 52.863510
v -66.071411 44.716377 51.972286
v -65.415161 44.740978 51.851925
v -66.300293 44.771431 47.260460
v -65.100891 44.781841 50.802731
v -64.076294 44.843781 49.551876
v -64.984741 44.905144 45.937740
v -63.458862 44.941914 48.567989
v -63.870178 44.995777 45.874020
v -62.541687 45.129185 47.611935
v -62.243042 45.197262 45.957027
v -61.252136 45.271297 47.417843
v -60.503601 45.356274 47.548336
v -59.908569 45.469425 46.394527
v -61.116211 45.356052 45.550045
v -59.504578 45.505146 46.830196
v -58.988098 45.575603 46.491695
v -58.028320 45.668663 46.718380
v -58.173035 45.676666 46.424923
v -70.085449 44.929352 126.442993
v -70.028320 44.978043 125.966919
v -70.869141 45.218506 125.252197
v -71.357910 45.235287 125.865234
v -71.349976 45.176689 126.382935
v -72.137878 45.264317 126.607422
v -74.354004 45.611935 126.453369
v -74.819092 45.740288 125.657837
v -75.646423 45.952072 124.820801
v -76.559448 46.146790 124.100586
v -77.953308 46.383072 122.872803
v -78.849609 46.525295 121.811035
v -78.653198 46.440437 122.583618
v -91.711243 47.444996 48.116817
v -91.538269 47.445171 48.003292
v -91.047119 47.426987 48.300045
v -91.371155 47.463505 47.386471
v -92.271904 47.488983 47.572514
v -90.206444 47.378021 49.276066
v -92.035339 47.470261 47.277706
v -90.780220 47.449951 46.225193
v -89.738342 47.245075 50.583126
v -88.921188 47.094902 51.632828
v -90.603516 47.483341 44.216671
v -87.771057 47.303646 42.433468
v -88.740662 47.362602 41.550411
v -91.730469 47.512688 43.107784
v -89.898071 47.364407 40.674435
v -91.258545 47.350349 39.410641
v -93.206116 47.488148 43.004757
v -91.786377 47.241280 38.216183
v -91.995789 47.150352 37.326778
v -93.563881 46.840916 35.380276
v -93.075012 46.899303 35.739498
v -92.963806 46.821484 35.333981
v -93.955383 46.710423 34.626827
v -92.827820 47.401592 41.081417
v -93.427795 47.441761 42.078121
v -93.861511 47.233997 38.807491
v -94.079407 47.471649 42.532955
v -94.716919 47.182068 38.426632
v -94.109131 47.532825 43.576168
v -94.281616 47.526619 43.389523
v -94.756958 47.544155 43.718136
v -94.845154 47.564251 44.261715
v -95.119263 47.556919 43.778683
v -96.732109 47.059288 37.342606
v -95.931824 47.150887 38.593502
v -96.098999 46.970726 36.478390
v -95.990967 46.800907 35.145260
v -95.616333 46.653706 34.186031
v -93.721375 46.619339 33.956417
v -94.995056 46.510632 33.231075
v -94.110657 46.493679 33.181393
v -95.981903 45.843216 29.572861
v -94.289917 46.311104 31.889156
v -94.549255 46.101177 30.735470
v -94.590027 45.727665 29.016598
v -94.988342 45.590122 28.316158
v -96.135437 45.259922 26.724850
v -94.923279 45.240211 26.386227
v -94.671326 44.936768 24.766109
v -95.009949 44.764565 23.896280
v -95.339355 44.483158 22.664059
v -95.856689 44.237732 21.396236
v -97.037415 44.881004 25.000484
v -96.552856 45.107899 26.120724
v -97.399719 44.456329 22.895870
v -98.042725 44.386002 22.727169
v -98.946411 44.199944 21.816280
v -99.095520 44.148537 21.459225
v -98.405396 44.125725 21.275875
v -98.159851 43.973846 20.133419
v -95.996521 44.021397 20.117428
v -98.398239 43.789051 18.812897
v -99.391785 43.674320 17.979488
v -95.107056 43.781586 18.546993
v -95.178162 43.840103 19.051022
v -95.612915 43.684765 17.641720
v -96.135315 43.559418 16.722164
v -95.165100 43.595119 16.807247
v -94.980164 43.526855 16.046993
v -94.751831 43.559288 16.358639
v -97.204712 43.502544 16.648922
v -98.090149 43.432152 15.852902
v -98.605637 43.399559 15.280697
v -98.624878 43.314953 14.292478
v -100.262695 43.653984 18.004635
v -101.042603 43.663719 18.337521
v -101.839783 43.544647 17.571529
v -101.516541 43.675499 18.856808
v -102.838806 43.434555 16.554562
v -103.459473 43.356411 15.604123
v -104.004333 43.250877 14.493405
v -104.877472 43.083282 12.415632
v -98.282104 43.175571 12.216184
v -97.855042 43.246552 13.373654
v -97.872192 43.184769 12.680661
v -104.763977 43.204178 13.970578
v -105.652039 42.880726 10.730832
v -105.493225 43.035534 12.020505
v -106.259277 42.829887 9.903928
v -107.205307 42.691425 9.629004
v -108.757866 42.469959 9.161076
v -107.953003 42.598701 9.523801
v -109.617836 42.453110 8.368687
v -110.515686 42.323601 8.563230
v -111.630554 42.146919 8.636472
v -112.430237 42.013973 9.198483
v -112.982361 41.859802 8.464719
v -113.872749 41.652431 7.555984
v -110.574394 42.106380 2.021449
v -112.194458 41.996353 3.526608
v -111.797363 42.029053 2.747922
v -111.232056 42.086670 2.236447
v -109.581787 42.128056 1.182248
v -113.335724 41.857544 4.583522
v -108.872253 42.185745 0.953488
v -114.261658 41.710846 4.995114
v -114.885193 41.578907 5.964352
v -114.737427 41.532635 8.044797
v -115.905823 41.429279 6.120236
v -107.204895 42.379684 1.335324
v -108.174561 42.249897 1.030026
v -105.972778 42.413429 0.952023
v -105.223145 42.481514 1.045651
v -104.928238 42.525173 2.141707
v -116.231567 41.349636 8.164670
v -115.439270 41.459873 8.314450
v -118.126350 41.118008 5.859611
v -117.222046 41.163399 8.250607
v -117.133484 41.269226 5.859982
v -118.621216 40.888744 8.547482
v -118.807617 41.003250 6.030759
v -119.747940 40.812805 5.682197
v -119.308838 40.782654 9.132443
v -120.489014 40.700222 5.341550
v -121.145081 40.589752 5.272214
v -121.982422 40.469677 5.959836
v -120.165527 40.574089 10.453000
v -123.512390 40.230927 7.262448
v -123.290100 40.289055 6.041623
v -123.517517 40.254204 6.240232
v -121.289467 40.374348 10.455171
v -120.684021 40.435722 10.962644
v -120.182312 40.517456 11.030881
v -121.978821 40.323685 10.120114
v -123.879456 40.163475 8.853147
v -123.806641 40.178234 8.025022
v -122.412354 40.249115 10.600949
v -124.146729 40.026787 10.296628
v -122.572327 40.151905 11.696530
v -122.059448 40.240410 11.545163
v -121.806702 40.241962 11.912839
v -123.800415 39.985138 11.917722
v -124.793274 39.934319 11.096677
v -125.623901 39.873657 11.376950
v -124.942810 39.854404 12.855954
v -126.494934 39.782742 11.578732
v -126.651184 39.740894 12.343747
v -125.450867 39.744217 13.569821
v -127.594116 39.703899 13.137937
v -128.900879 39.458008 14.016110
v -130.031250 39.346291 14.703244
v -127.353455 39.559402 14.715695
v -126.520630 39.611965 14.304563
v -128.260071 39.484360 15.299924
v -129.093445 39.433937 15.991696
v -131.213715 39.353024 14.919914
v -129.782120 39.367416 17.222925
v -132.110596 39.291019 15.647336
v -130.429810 39.240566 18.717525
v -133.104492 39.182594 17.326168
v -132.792358 39.231384 16.287838
v -132.423340 39.266312 15.751218
v -133.119873 39.215981 15.905515
v -132.928528 39.230251 15.870481
v -133.231445 39.122692 18.526608
v -133.162231 39.087132 19.743038
v -133.584778 39.104092 19.292477
v -131.258972 39.108501 20.825680
v -131.685242 39.042374 21.634151
v -132.404114 39.050491 20.958126
v -132.566040 39.005913 22.396847
v -131.578674 39.020149 22.347897
v -131.688110 38.960663 23.603512
v -134.224304 38.946556 23.676876
v -134.788452 38.859005 25.471903
v -131.830444 38.865318 24.481075
v -134.603882 38.903435 24.505001
v -132.371582 38.828186 25.159542
v -132.592346 38.772327 26.401974
v -135.527588 38.760696 27.471489
v -135.349670 38.817814 26.792965
v -132.004822 38.766804 27.939816
v -132.526123 38.770020 28.889156
v -133.973816 38.740219 29.481319
v -131.995239 38.777550 29.455929
v -132.950806 38.770660 30.955441
v -131.572815 38.789589 30.325191
v -130.895020 38.798248 31.075191
v -132.097900 38.760056 27.617184
v -132.174377 38.756870 26.840816
v -131.764771 38.762867 28.148067
v -131.729187 38.755207 27.540524
v -132.490128 38.877350 33.611301
v -129.887268 38.779800 31.772091
v -129.157715 38.778984 32.536861
v -129.232910 38.861588 33.219479
v -129.068481 38.962811 34.152340
v -132.177612 38.939007 34.363033
v -127.553123 39.258442 36.599438
v -130.994568 39.183437 36.729244
v -130.114380 39.263439 37.300533
v -132.592957 38.975918 35.552853
v -132.028137 39.083298 36.282101
v -129.306946 39.403252 38.303097
v -128.658020 39.451855 38.668331
v -127.636803 39.611618 39.872169
v -127.227783 39.726257 40.543331
v -126.024452 39.483196 38.192074
v -128.151672 39.101784 35.472042
v -128.558655 38.994995 34.506832
v -126.617676 39.336033 37.307247
v -125.189941 39.577785 38.925655
v -123.400452 39.892071 40.730831
v -123.521606 40.112537 41.450100
v -126.338745 39.900169 41.836056
v -122.154739 40.374123 42.747322
v -125.894531 40.085751 43.024410
v -121.467834 40.375637 42.832638
v -125.027344 40.255478 43.858150
v -123.890381 40.431549 44.447140
v -122.312996 40.725212 45.345112
v -120.461975 40.762215 44.793819
v -120.925415 40.547897 43.689938
v -120.581299 40.946079 45.767818
v -121.073303 40.986572 46.393551
v -119.954895 41.108608 46.699093
v -120.330238 41.330364 48.556896
v -120.651672 41.219128 48.003902
v -118.836914 41.240765 47.401852
v -117.640747 41.375645 47.843014
v -116.119019 41.626751 49.494625
v -119.704956 41.490120 49.816402
v -115.938614 41.757122 51.020443
v -119.757202 41.599178 51.201656
v -119.037354 41.698544 52.224728
v -115.960999 41.801792 52.738522
v -115.584290 41.813057 51.846310
v -118.501953 41.764309 53.883297
v -117.669067 41.744595 55.955563
v -115.501221 41.830059 53.710445
v -115.763794 41.833038 54.244137
v -115.791138 41.837158 55.125851
v -117.845581 41.748386 56.808468
v -115.066223 41.874039 55.907955
v -117.591980 41.731625 57.481197
v -115.880127 41.766953 57.891964
v -114.034973 41.862919 57.037228
v -114.053589 41.883923 56.751339
v -113.591614 41.834270 57.399532
v -113.270996 41.825294 57.498531
v -116.577820 41.694927 58.807125
v -117.602112 41.647655 58.819820
v -117.753784 41.551208 59.811275
v -116.629578 41.617359 59.837276
v -118.156250 41.445007 60.656246
v -116.798248 41.477119 61.485306
v -118.351562 41.372253 61.723141
v -118.956055 41.266262 62.717037
v -119.422180 41.135490 63.645504
v -120.384117 40.972542 64.766205
v -121.152710 40.852337 65.208984
v -116.381470 41.562672 60.514034
v -116.859741 41.360806 62.904293
v -117.045776 41.150093 64.727051
v -116.907593 41.057335 65.442017
v -117.484558 40.948006 65.844116
v -118.685364 40.816170 66.165771
v -120.516846 40.628216 66.769531
v -119.715881 40.690441 66.690552
v -122.561829 40.673439 65.601562
v -121.531494 40.435360 67.534668
v -123.759094 40.477329 66.081543
v -122.097694 40.388615 67.597191
v -123.123047 40.235004 68.013916
v -123.784843 40.224125 67.990280
v -125.096207 40.205959 66.533440
v -125.770569 39.898376 68.348022
v -126.670654 39.938652 66.393921
v -126.543884 39.703461 69.073730
v -128.622131 39.401554 66.786240
v -130.811890 39.095020 67.011230
v -129.173523 39.312176 69.350067
v -128.025574 39.458836 69.222900
v -127.177307 39.570408 69.535522
v -126.603271 39.647793 69.592651
v -132.217529 38.936832 66.153442
v -132.466370 38.821770 65.515991
v -130.811584 39.052567 69.875366
v -129.934021 39.163982 69.747192
v -132.255066 38.747761 70.608154
v -131.498047 38.893978 70.346558
v -133.044189 38.682625 64.946114
v -133.257935 38.581715 71.558960
v -133.647278 38.270111 63.769650
v -134.979706 38.361404 72.595970
v -134.342834 38.438381 72.496948
v -135.660980 38.202389 72.386314
v -136.498871 38.093800 72.924034
v -137.465759 38.042130 73.803955
v -133.702637 38.048992 62.299923
v -134.375244 37.939476 61.836300
v -135.537537 37.793964 61.300655
v -136.615234 37.616020 59.869137
v -138.084229 37.343040 58.159054
v -138.468750 37.243347 57.419430
v -139.101501 37.118767 56.710323
v -139.615967 37.038128 55.685787
v -142.618240 36.493153 57.839195
v -144.649765 36.070995 54.993263
v -144.104752 36.238426 55.940907
v -142.581726 36.676689 59.131832
v -145.449524 35.937443 54.304073
v -145.725952 35.912239 53.904537
v -146.530396 35.891220 53.490597
v -147.537598 35.645378 52.714230
v -148.481201 35.518124 52.303707
v -149.279907 35.373108 52.141560
v -151.142883 35.195236 51.307858
v -140.010452 36.960831 54.191669
v -140.415222 36.893154 53.384151
v -141.378479 36.754471 52.675655
v -142.520508 36.593189 51.731197
v -141.787781 36.694393 52.135738
v -143.169067 36.492584 51.038815
v -144.283020 36.291836 50.024166
v -144.568848 36.203354 48.893867
v -144.481628 36.150436 47.689083
v -145.457336 36.053558 46.519527
v -146.150513 35.974636 46.749752
v -148.120117 35.755413 48.245602
v -147.194824 35.849911 47.257442
v -147.128723 35.863358 45.858028
v -148.899155 35.706379 48.592766
v -151.543640 35.297703 49.745224
v -149.805176 35.576740 48.653561
v -152.234924 35.044086 51.331539
v -153.137817 35.064060 49.869747
v -153.476501 34.852253 51.491207
v -154.512268 34.660107 51.942989
v -154.024841 35.004665 49.567020
v -154.590942 34.920738 48.459957
v -156.180664 34.674572 52.320309
v -157.427353 34.364323 52.693150
v -159.184692 33.994732 53.223557
v -158.474548 34.145695 53.056759
v -160.597351 33.858318 53.341915
v -162.106720 33.645729 53.392658
v -163.461365 33.517170 54.243893
v -165.602692 33.409889 54.932518
v -154.528564 34.918556 46.993282
v -154.915527 34.829708 44.742672
v -153.896667 34.969631 45.881222
v -154.055786 34.946587 45.516232
v -153.480164 35.040493 45.510250
v -155.344910 34.788204 43.506916
v -157.428131 34.597084 41.519619
v -155.033875 34.843525 42.536495
v -160.183151 34.063110 43.852970
v -156.836304 34.667606 41.130245
v -156.280090 34.738098 40.990963
v -158.361572 34.468578 41.469357
v -155.114136 34.850750 41.085567
v -155.571777 34.802231 40.653805
v -154.411194 34.927326 42.171627
v -153.633057 35.016785 40.957394
v -153.709106 35.004089 41.970333
v -152.718994 35.102020 41.890499
v -152.300781 35.111561 40.452145
v -161.137024 33.930519 44.104244
v -161.969482 33.777485 44.716427
v -159.082458 34.350304 42.169796
v -159.128906 34.414314 41.122311
v -159.793640 34.202854 42.676388
v -160.091492 34.121567 43.117794
v -160.162109 34.151245 42.435787
v -152.286743 35.081753 40.145016
v -151.734680 35.216705 42.290524
v -150.738098 35.296154 41.599728
v -150.975525 35.277607 42.654537
v -150.229248 35.347458 42.676266
v -150.037354 35.369045 42.374508
v -98.246765 43.117302 10.911618
v -98.008911 43.113029 11.381345
v -98.209290 43.074535 9.837399
v -98.602722 43.024338 8.964963
v -99.107178 42.917793 6.781369
v -98.819885 42.936577 7.630490
v -99.890030 42.873009 6.676628
v -102.205688 42.788956 5.349606
v -103.861694 42.591705 3.535886
v -104.078918 42.576622 2.821042
v -138.169373 38.247547 79.171875
v -138.226624 38.190857 78.401245
v -137.865417 38.209499 78.416382
v -138.734680 38.255295 79.370850
v -138.332825 38.143173 77.948608
v -139.618713 38.203491 79.134399
v -139.317383 38.234600 79.410400
v -137.498779 38.184189 77.507324
v -137.627991 38.164345 76.668579
v -137.158325 38.202454 77.187012
v -137.451904 38.205841 77.881958
v -138.238281 38.089359 75.817749
v -140.350037 38.173889 79.583740
v -143.470276 36.642044 59.309933
v -142.926636 36.954845 63.256222
v -142.745300 37.200676 64.930664
v -143.536255 37.242561 65.585693
v -143.572998 36.869621 62.746090
v -143.875061 36.830135 62.603878
v -144.095581 36.791061 62.541744
v -144.249390 36.612347 61.559444
v -144.604614 36.386539 60.079048
v -144.877258 36.372250 59.099972
v -144.172546 37.250473 66.463623
v -143.824768 37.156849 64.759155
v -144.517761 37.279301 67.874146
v -145.225708 37.274643 69.022461
v -145.728271 37.371250 70.348877
v -146.658875 37.436882 71.648926
v -147.500244 37.474949 72.478760
v -148.506226 37.558769 74.507324
v -148.917984 37.641987 75.588425
v -150.018616 37.590454 76.294189
v -144.853806 38.126366 82.147789
v -143.257324 38.144215 80.693970
v -141.787170 38.196198 80.472656
v -140.612183 38.187847 80.160767
v -139.881958 38.214577 79.655029
v -144.307007 38.119965 81.736206
v -145.513611 38.066212 82.812012
v -146.880005 38.045570 84.045288
v -146.259155 38.052284 83.594116
v -145.897034 38.060692 83.646729
v -145.276001 38.081650 83.014038
v -148.801025 37.932510 83.984619
v -147.800171 38.000305 84.117310
v -150.335083 37.914948 85.335838
v -149.568176 37.943165 84.940796
v -151.006592 37.905937 86.071533
v -151.656860 37.858616 86.938110
v -152.221497 37.836311 87.820435
v -151.663467 37.482841 77.512955
v -151.091858 37.520065 76.558472
v -152.891724 37.478645 77.741333
v -153.474365 37.547523 77.585945
v -154.339600 37.495792 76.951660
v -154.802124 37.446476 76.063843
v -154.636353 37.425396 75.064697
v -154.122498 37.415344 74.419434
v -155.058655 37.362015 73.763672
v -154.393372 37.394436 73.897705
v -155.089172 37.308079 73.423584
v -156.305664 37.394577 74.242676
v -156.838196 37.330521 73.982544
v -156.601990 37.435806 74.992188
v -156.651062 37.439507 76.283813
v -157.647827 37.461594 77.199951
v -158.240234 37.460876 77.720093
v -158.561951 37.457977 77.322144
v -157.881897 37.464729 78.460327
v -158.210739 37.425777 80.111931
v -160.690735 37.440231 81.287613
v -161.650391 37.398342 81.284058
v -162.302002 37.426113 80.738647
v -163.233582 37.456894 79.804810
v -164.019470 37.464893 79.230469
v -164.611633 37.464043 79.263794
v -165.178101 37.460148 79.656006
v -152.451416 37.871902 88.629761
v -153.213867 37.855148 88.902588
v -152.839233 37.883011 89.374878
v -154.067200 37.823639 89.050293
v -154.602051 37.836266 89.968750
v -155.313721 37.782703 90.884521
v -156.521057 37.714943 89.183105
v -157.667786 37.644142 88.419922
v -155.867920 37.759953 90.037720
v -155.694336 37.775913 90.838013
v -155.312195 37.804863 91.722290
v -154.984192 37.818012 91.857788
v -155.432007 37.821407 92.000732
v -159.296936 37.587685 88.431641
v -160.768616 37.500740 88.083984
v -159.859497 37.571098 88.826782
v -161.559448 37.422958 87.637329
v -162.416336 37.331478 87.523193
v -163.347229 37.270252 88.465210
v -165.347443 37.394932 83.451538
v -165.420929 37.408047 82.849854
v -165.527405 37.335335 84.457886
v -165.620941 37.406391 83.355957
v -166.308777 37.267330 85.418701
v -165.527130 37.415977 81.843018
v -165.849365 37.417702 82.392578
v -165.695953 37.414837 82.991455
v -166.285675 37.426403 81.404175
v -165.288818 37.432346 81.213379
v -165.798828 37.448830 80.672241
v -166.161621 37.447929 80.447388
v -166.041138 37.449951 79.843628
v -166.504456 37.254135 86.356201
v -167.004395 37.324894 85.608154
v -167.177338 37.343521 85.850220
v -166.804993 37.220932 87.261719
v -164.703918 37.148197 89.742798
v -163.644043 37.295288 89.314575
v -164.214630 37.250023 89.674927
v -167.983826 37.316494 88.718506
v -167.953949 37.227535 89.346436
v -169.087433 37.296036 89.624634
v -165.401611 37.153831 90.408325
v -165.555939 37.293983 91.299683
v -165.859344 37.333763 92.114624
v -165.454102 37.355785 91.719849
v -166.281891 37.253860 93.199097
v -167.916748 36.924423 93.860214
v -168.706177 36.927048 93.528198
v -169.599731 36.987991 93.370483
v -170.315750 37.039921 93.793037
v -168.492889 36.871349 94.125732
v -166.883514 37.048084 94.745117
v -166.722107 37.089172 95.982567
v -167.293304 36.921661 96.617065
v -165.413422 37.321129 94.445557
v -167.363922 36.929459 97.162720
v -167.266144 36.890331 97.758911
v -166.728149 36.911636 98.063599
v -165.482422 37.182083 97.165405
v -164.693237 37.306385 96.392578
v -164.822296 37.367668 94.987671
v -164.002472 37.407951 95.968384
v -163.887573 37.470024 95.383057
v -167.746613 33.291481 45.188717
v -166.960236 33.367809 44.959957
v -167.091003 33.342945 45.259518
v -167.626373 33.292431 45.488888
v -168.123230 33.268105 45.457882
v -168.532471 33.253738 45.584957
v -168.943634 33.233376 46.273678
v -169.757263 33.207542 46.572140
v -169.322571 33.207886 46.848385
v -170.167542 33.177444 47.257320
v -171.485016 33.154228 46.867794
v -170.578796 33.172237 47.950802
v -170.919128 33.163307 49.047604
v -172.370239 33.082966 48.304928
v -171.980652 33.068180 47.195919
v -170.048187 33.163380 49.857296
v -168.856598 33.185993 49.316158
v -173.411591 33.123650 50.520870
v -173.051392 33.090488 49.247311
v -174.586975 33.125835 51.588985
v -168.326782 33.217667 48.594479
v -167.678009 33.243244 47.893185
v -167.067749 33.247879 47.914303
v -166.401367 33.244919 48.289547
v -165.532928 33.299046 47.872433
v -176.006317 33.219612 52.417721
v -175.702606 33.193115 51.934933
v -176.379211 33.209194 53.232296
v -177.439362 33.306862 53.755646
v -178.856293 33.484215 55.064327
v -178.101196 33.396885 53.879513
v -179.462555 33.633602 56.721432
v -176.223236 33.503658 58.907829
v -176.830475 33.558662 59.837967
v -180.566864 33.797577 57.786373
v -178.496338 33.680717 60.619690
v -181.254547 33.958458 59.299435
v -177.503082 33.654831 60.800655
v -181.510315 34.118862 61.006344
v -181.919952 34.116501 60.049068
v -182.460480 34.209095 60.476437
v -182.537018 34.319466 62.201534
v -183.489532 34.400967 61.491329
v -182.729187 34.267323 60.535885
v -184.395996 34.553688 61.982540
v -182.426575 34.408634 63.725338
v -184.036987 34.603676 63.659054
v -182.754791 34.463596 63.887814
v -185.601044 34.714924 62.747555
v -185.302124 34.687836 64.369263
v -186.506683 34.819851 63.240475
v -186.267441 34.745144 65.221443
v -186.711334 34.747772 65.886597
v -187.886932 34.845104 66.901978
v -188.652222 34.931583 63.816280
v -187.220123 34.861469 63.113644
v -190.097046 35.056274 64.952271
v -191.463455 35.147076 65.197792
v -189.123260 34.896847 67.498657
v -190.850769 35.039940 69.085205
v -191.651276 35.253876 70.299683
v -194.394318 35.537880 65.285812
v -192.131012 35.296436 64.914917
v -192.798889 35.377537 64.883057
v -195.591309 35.723263 64.785522
v -197.056519 36.127449 63.850094
v -198.036469 36.327751 63.491695
v -198.965454 36.529766 62.691280
v -199.805527 36.784859 62.237106
v -200.720337 36.942570 61.838375
v -192.466705 35.492832 71.936523
v -193.374817 35.956627 74.656128
v -192.860077 35.743702 73.539917
v -194.038544 36.094860 75.154419
v -193.519989 36.108196 75.715088
v -193.528198 36.210205 76.722290
v -195.990021 36.201645 74.863647
v -197.675964 36.436394 75.467163
v -198.271423 36.567833 76.177734
v -198.263550 36.654572 77.694580
v -198.141876 36.680195 78.192627
v -198.851562 36.729401 78.905029
v -199.475830 36.765400 79.673790
v -199.872284 36.906734 80.835327
v -200.510315 36.980698 81.635254
v -201.111099 36.989849 82.587677
v -201.642761 36.976898 83.318359
v -202.585419 37.011314 83.030640
v -205.655823 37.085350 82.738457
v -204.729279 37.004944 83.086792
v -203.714478 37.009293 83.136230
v -206.699371 37.004410 82.939453
v -207.745117 36.947487 83.417603
v -209.076630 37.034702 83.337402
v -209.793701 37.048519 83.763428
v -210.793945 37.087437 84.199097
v -211.921936 37.131397 84.038208
v -212.244080 37.218109 83.055054
v -213.433472 37.283394 82.458496
v -213.899933 37.380234 81.539673
v -214.974335 37.544128 80.186035
v -216.509338 37.734451 79.721313
v -217.389038 37.850361 79.372070
v -218.595093 37.964802 79.049194
v -219.729218 38.198830 77.740479
v -219.284241 38.079132 78.632690
v -219.258270 38.045555 79.107056
v -219.601074 38.269341 77.073730
v -220.298004 38.446068 75.980835
v -220.396149 38.490482 75.377197
v -219.017883 38.548187 73.878784
v -220.082245 38.548523 74.560791
v -219.366028 38.605877 73.717407
v -218.233917 38.514675 73.290039
v -218.673676 38.645687 72.457764
v -217.129547 38.512497 71.230103
v -216.615265 38.512760 70.453369
v -216.654602 38.553169 69.705688
v -218.142792 38.721195 70.596558
v -219.219116 38.886841 70.151489
v -215.377350 38.535694 68.230591
v -215.270554 38.572433 66.986938
v -215.842651 38.708908 66.260376
v -216.456604 38.759838 65.956543
v -216.742737 38.732815 65.577393
v -216.839874 38.839706 66.190308
v -216.903778 38.742386 64.966919
v -217.425720 38.829170 64.068481
v -218.003723 38.940678 63.251217
v -218.434967 38.997753 62.819698
v -219.542175 39.115887 62.870358
v -220.138245 39.178860 63.335201
v -222.375824 39.500027 63.360104
v -220.960419 39.339157 64.182983
v -222.963730 39.507420 62.611202
v -223.398987 39.568970 63.394527
v -222.778381 39.463085 61.061764
v -223.975525 39.828941 63.747066
v -223.828125 39.662117 64.061035
v -224.429260 39.771778 64.505005
v -224.405762 40.057068 64.003662
v -224.011169 39.723900 64.762207
v -224.271698 39.775742 65.420532
v -224.095917 39.719143 65.860840
v -224.255646 39.716076 66.321533
v -223.693817 39.692661 60.053883
v -224.349335 39.681263 59.412716
v -224.104950 39.679787 58.557152
v -225.432404 39.882572 58.450680
v -225.727432 39.984531 59.549194
v -226.226959 39.969807 58.025021
v -226.625916 40.351891 60.189327
v -227.625916 40.189762 60.325436
v -228.744583 40.324482 59.845032
v -227.114929 40.050846 57.703121
v -229.819733 40.396889 59.860104
v -228.054749 40.152912 57.741817
v -231.325714 40.501610 59.807980
v -230.658081 40.442852 57.364864
v -229.455719 40.332832 56.980221
v -231.610962 40.498459 58.095699
v -232.170654 40.544056 60.251095
v -233.315765 40.645180 58.377438
v -234.591919 40.756939 59.066280
v -233.807892 40.707989 60.484493
v -235.096130 40.760960 61.065670
v -236.572937 40.879807 59.268429
v -236.266235 40.793568 61.447506
v -235.476349 40.769093 61.525753
v -237.226807 40.878277 60.289791
v -236.778412 40.834953 61.729977
v -237.427185 40.859653 59.589718
v -238.166260 40.883663 59.657467
v -238.584290 40.888351 59.285275
v -239.190125 40.902584 59.436275
v -239.346344 40.907791 59.347652
v -239.876923 40.939987 60.197628
v -239.844269 40.967510 60.494381
v -240.706390 40.888081 61.376827
v -239.902130 41.000832 60.997311
v -239.975128 41.005665 61.764767
v -239.555542 41.053627 61.289059
v -240.081085 41.015625 62.978756
v -241.009613 40.951431 61.918087
v -239.795227 41.004848 62.667965
v -239.640839 41.006371 63.271603
v -239.265717 41.048737 63.105465
v -164.318665 33.567432 44.628658
v -164.146912 33.708012 43.484371
v -163.620361 33.647087 44.232174
v -163.320862 33.577480 45.594723
v -163.097412 33.638638 44.848507
v -163.621094 33.491295 46.875973
v -164.545197 33.381302 46.936398
v -165.509491 33.317707 47.187252
v -166.437134 33.391682 55.591427
v -167.322235 33.399624 56.431637
v -168.014771 33.418571 57.239986
v -170.463882 33.354637 59.080444
v -169.501923 33.404129 58.650875
v -169.554688 33.316936 59.093502
v -171.586334 33.343285 59.182613
v -173.812195 33.389114 58.824825
v -172.640594 33.369400 59.559078
v -174.916016 33.422245 58.725094
v -177.147766 33.610245 60.618526
v -177.215942 33.679871 61.730343
v -177.385437 33.715794 62.013912
v -171.343994 37.457138 87.670166
v -170.939240 37.442471 87.940674
v -170.570953 37.411602 88.515625
v -172.321014 37.480988 88.325684
v -169.691498 37.387524 88.286377
v -168.977386 37.359791 88.565430
v -172.334991 37.485260 89.278320
v -172.160858 37.462715 90.689575
v -172.439423 37.390675 92.168945
v -172.553955 37.448814 91.584839
v -172.464050 37.298431 93.500122
v -170.952087 36.965103 95.092407
v -171.522430 37.001183 95.752930
v -172.912140 37.237617 94.224121
v -172.950043 37.133820 95.155396
v -172.560669 37.060516 95.568970
v -172.513611 36.994801 95.915283
v -209.244110 38.179531 60.714962
v -209.345795 38.201622 59.995602
v -209.971313 38.262638 59.077389
v -207.945984 38.086174 60.621090
v -208.352570 38.138180 60.500607
v -206.957153 38.007355 60.503292
v -206.488800 38.043221 59.697018
v -205.476929 37.917324 60.213863
v -205.863220 38.025379 59.241451
v -205.573517 37.989666 59.206295
v -204.674683 37.696293 61.312496
v -203.573151 37.464424 61.717525
v -202.422272 37.241161 61.853024
v -201.725220 37.161793 61.009151
v -201.247833 37.059433 61.064449
v -201.847473 37.219082 60.620602
v -208.351028 38.372265 56.562077
v -208.940643 38.374012 56.634151
v -209.478760 38.349377 57.223385
v -209.472565 38.369282 56.913326
v -209.579376 38.267857 58.254147
v -211.238159 38.435524 57.759274
v -212.899521 38.524487 57.700306
v -212.039215 38.499512 57.550533
v -214.037201 38.621052 58.086178
v -215.356812 38.686188 57.878647
v -216.765808 38.818653 57.928585
v -218.262604 38.964901 57.588985
v -221.316772 39.288300 57.559078
v -220.455750 39.196766 57.092403
v -219.219086 39.051144 57.262569
v -221.107300 39.178303 69.389771
v -220.789276 39.112656 69.652588
v -221.340729 39.158009 70.229126
v -219.910095 39.067154 68.444702
v -219.891968 39.010780 69.224976
v -222.040955 39.206562 70.779541
v -221.976562 39.142921 71.515625
v -222.568207 39.217766 71.566284
v -220.895844 39.003544 71.476807
v -222.796875 39.214237 72.022583
v -219.990173 38.885647 71.596558
v -219.385468 38.752441 72.174805
v -223.358978 39.316578 71.631226
v -223.100311 39.307117 71.074829
v -223.691559 39.380836 71.056396
v -234.110046 36.691082 93.800781
v -234.205658 36.745464 94.413452
v -235.035339 36.781590 95.296387
v -234.305573 36.585167 92.677856
v -235.532227 36.852848 96.732544
v -235.135895 36.812637 95.810303
v -233.875732 36.484478 91.692490
v -233.502609 36.499397 90.895447
v -237.201263 36.225243 89.377518
v -232.493195 36.629932 90.690308
v -232.249023 36.649029 90.395874
v -232.496643 36.630402 89.662231
v -233.607941 36.606308 88.726929
v -234.252991 36.628960 87.716675
v -234.962708 36.655422 86.915894
v -235.882690 36.773670 85.765137
v -236.030579 36.965714 84.770264
v -236.385956 37.155060 83.708008
v -236.948364 37.325367 83.033890
v -237.626465 37.852539 81.125748
v -238.433044 37.992714 80.331909
v -238.578125 36.532349 85.850342
v -238.391693 36.367233 86.781982
v -238.001129 36.206593 87.632446
v -237.525970 36.239243 88.329468
v -236.650757 36.240517 91.237915
v -237.425507 36.160336 90.382568
v -236.177460 36.324696 91.952515
v -236.414124 36.309879 93.476929
v -236.379303 36.503098 94.859375
v -236.684387 36.510441 95.678589
v -236.675842 36.555748 96.230469
v -237.073975 36.347664 96.370972
v -236.085693 36.787609 96.953125
v -235.064301 37.138088 97.738892
v -236.187378 36.936283 97.672363
v -236.780121 36.938663 98.411255
v -235.558990 37.194908 99.023804
v -234.841278 37.321346 99.029785
v -236.952774 36.996799 100.435646
v -236.660370 37.168598 100.750366
v -242.901031 38.683365 77.800903
v -243.895844 38.715332 76.539795
v -243.296143 38.777241 77.021973
v -244.605835 38.572369 77.678101
v -244.607376 38.904678 77.018929
v -242.275955 38.698090 78.413002
v -241.663910 38.506802 78.921631
v -240.946991 38.370663 79.118408
v -239.938843 38.370659 78.830078
v -239.459290 38.200050 79.531128
v -245.244934 38.607033 78.819702
v -245.122223 38.677891 78.370239
v -245.495819 38.826309 79.493896
v -245.206238 38.405815 80.186523
v -245.101654 38.113270 80.913696
v -245.832367 39.395390 79.801392
v -246.367310 40.382874 79.821533
v -246.396301 40.406349 79.490356
v -245.192993 37.859932 82.012817
v -246.674194 41.575535 76.688477
v -245.955261 41.892593 75.983887
v -247.651459 35.694637 91.657349
v -247.598846 35.777977 91.033936
v -247.285217 35.684605 91.301636
v -248.752350 35.896744 91.639282
v -248.267548 36.088654 89.953857
v -249.316620 36.030514 91.373413
v -249.861023 36.264126 90.156143
v -247.927216 36.207909 89.236572
v -246.838165 36.270176 88.147949
v -247.096466 36.443073 87.644653
v -250.415466 36.097076 91.759155
v -249.922119 36.005028 92.063599
v -250.753235 36.105545 91.270386
v -250.539825 36.364864 90.464600
v -250.898590 36.216892 91.114136
v -249.152344 36.495388 89.273438
v -248.823334 36.776016 88.543579
v -249.081268 36.910160 88.732300
v -248.329773 36.652611 87.302124
v -248.689087 36.989899 87.657959
v -248.256500 36.689426 86.579643
v -246.458862 36.574665 86.953491
v -247.290802 37.101757 84.244232
v -246.390930 37.272148 83.290466
v -245.653595 37.581444 82.793701
v -245.896301 36.390079 87.558960
v -245.550476 36.273666 87.518921
v -244.598785 36.505386 85.962646
v -244.109863 36.633530 85.177124
v -243.080765 36.375530 84.801353
v -242.050629 36.099754 85.221191
v -241.459351 35.862022 85.839844
v -239.736816 36.414356 84.867065
v -240.570343 35.870087 85.849854
v -242.472168 41.806568 64.657104
v -241.602203 41.850025 65.077881
v -242.083191 41.857655 65.117554
v -243.298218 41.779087 64.559822
v -243.111725 41.747089 64.245483
v -242.526825 41.690670 63.931393
v -244.026062 41.619026 64.326782
v -244.602936 41.603840 64.705811
v -244.309509 41.591473 65.873276
v -245.225525 41.313812 65.109985
v -246.050781 40.730537 65.296875
v -246.691589 40.460514 65.302612
v -246.853119 40.349388 66.133179
v -246.881531 40.629883 67.031250
v -245.661240 40.819935 67.235382
v -246.765198 40.733936 67.368896
v -244.974426 40.911549 67.707443
v -244.695190 40.896702 68.444458
v -243.614288 41.591301 67.234863
v -243.880554 41.431080 67.774902
v -243.294434 41.623791 67.348022
v -244.520447 40.940937 69.041992
v -245.153473 40.817707 69.141846
v -244.097687 41.043999 70.111328
v -246.055328 40.850956 69.351151
v -247.182281 40.830154 69.379150
v -247.198883 41.338818 71.379395
v -247.464706 41.505028 72.278755
v -244.102509 41.285480 70.887329
v -243.751099 41.823559 72.683228
v -243.688324 41.535427 71.698853
v -243.322388 42.046013 73.460938
v -247.912323 41.737099 73.272972
v -248.114563 41.889889 74.018555
v -242.756805 42.285686 74.246338
v -248.721161 42.017139 75.202309
v -245.071716 42.148102 75.430786
v -243.773773 42.262859 74.777466
v -242.683075 42.308277 74.769531
v -242.311340 42.256481 75.006470
v -246.755585 41.648239 76.841431
v -249.390244 41.670944 76.507095
v -250.167297 41.643204 77.603149
v -246.420319 41.282352 78.672974
v -250.691803 41.524761 78.750244
v -250.585114 41.379288 79.960693
v -250.461182 41.303688 80.639771
v -246.710419 41.493351 77.758369
v -247.312256 41.232468 81.007080
v -246.839539 41.187996 80.434570
v -247.465454 41.233932 81.549614
v -250.450836 41.145233 81.591431
v -251.087952 41.160637 81.559692
v -250.782135 41.058327 81.868774
v -249.302429 41.083580 82.108643
v -248.411835 41.102711 82.032715
v -247.837372 40.819813 82.584961
v -248.357635 40.643017 82.861328
v -248.697693 40.287243 83.556274
v -249.047729 40.313942 83.647095
v -249.296021 40.172680 84.639771
v -250.173676 40.320290 83.736694
v -250.749237 40.160126 85.447388
v -249.852783 40.100868 85.205933
v -251.696960 40.310356 83.492065
v -250.958862 40.405201 83.195801
v -251.243820 40.094898 85.837967
v -253.607086 40.272236 84.326050
v -252.752747 40.333149 83.320435
v -251.261414 39.992004 87.314194
v -254.577759 40.158005 84.739746
v -255.114456 39.987110 85.722374
v -250.966553 39.942070 86.860718
v -256.203613 39.850708 86.867661
v -250.662140 39.881874 86.982544
v -251.599274 39.988350 87.916183
v -251.470215 39.833187 88.823853
v -257.476440 39.603622 87.999634
v -257.177582 39.556847 89.557861
v -258.024017 39.368816 88.926025
v -258.047363 39.338398 89.369263
v -256.158539 39.629955 90.119263
v -256.764038 39.421234 90.561035
v -254.957397 39.695026 90.216064
v -253.965973 39.652512 90.643555
v -252.315613 39.525898 90.552490
v -253.169800 39.404621 91.131592
v -251.494690 39.494965 89.624146
v -251.232269 39.678020 89.060547
v -248.887146 36.754501 113.255981
v -249.537750 36.919270 112.534058
v -249.093445 36.835609 112.661743
v -249.104843 36.837112 114.113991
v -249.264587 36.911022 115.258545
v -250.674194 36.784317 112.375977
v -251.179794 36.837303 115.699753
v -250.216278 36.854294 115.513062
v -251.244019 36.678020 111.566406
v -252.385101 36.765209 115.996193
v -253.665741 36.726440 115.651611
v -254.188766 36.737782 115.106476
v -251.356445 36.580982 110.652527
v -254.522797 36.475960 113.392227
v -254.450165 36.544781 114.340820
v -255.873123 36.130093 112.228394
v -250.994461 36.373379 109.616302
v -258.771881 36.128246 111.559593
v -250.337708 36.417156 109.378662
v -259.826172 36.158638 111.518120
v -260.720367 36.164364 111.274780
v -261.254150 36.187386 110.838257
v -261.350616 36.245708 109.833618
v -261.890656 36.159081 108.721558
v -262.508301 36.230373 107.277237
v -263.427704 36.278755 104.935669
v -264.388275 36.361328 102.260399
v -264.241638 36.250069 103.838745
v -265.025452 36.381931 100.656982
v -264.976288 36.363480 99.841675
v -258.698639 36.233791 100.512718
v -265.020905 36.357456 98.108154
v -265.239014 36.380695 99.009033
v -265.065338 36.349434 96.893921
v -260.610748 36.290668 98.688469
v -263.513489 36.364353 94.279060
v -265.148224 36.373058 95.698975
v -264.600220 36.385380 94.742798
v -262.786713 36.372112 93.658203
v -262.153076 36.361549 92.769775
v -261.437897 36.344444 92.140747
v -257.912415 36.113087 101.439209
v -257.481232 36.184284 102.448242
v -257.246429 36.308235 103.683472
v -261.181610 36.098061 96.867065
v -256.497894 36.213730 104.557129
v -260.695587 36.244556 95.250366
v -259.512726 36.158947 94.364632
v -258.204590 36.179386 93.895264
v -255.482605 35.976086 104.416504
v -254.528641 36.012936 104.248764
v -253.345612 35.994213 104.576881
v -252.844269 35.833652 104.533447
v -251.578003 35.984531 104.651733
v -251.296524 36.120552 105.043053
v -250.234741 35.951099 105.576294
v -249.491562 36.150055 107.625870
v -249.738892 35.919785 106.387207
v -250.016632 35.842934 105.464844
v -249.093094 36.215916 108.447151
v -249.544006 36.478725 109.388550
v -249.153442 36.530025 109.556152
v -249.345886 37.018547 110.372925
v -249.601898 35.694386 94.061249
v -249.275421 35.750229 93.730103
v -249.423553 35.658089 94.136963
v -250.499390 35.922291 93.386353
v -250.881195 36.044155 93.648926
v -250.319534 35.961102 95.084251
v -251.083099 36.072372 94.953979
v -251.621399 36.169037 93.783081
v -252.179840 36.196144 94.029297
v -252.019287 36.075954 95.211792
v -253.275635 36.041252 95.002197
v -252.702301 35.873592 95.800781
v -253.201813 35.816376 95.670166
v -253.805786 36.059475 94.151245
v -253.049561 36.099716 93.765381
v -253.568176 36.306129 93.009644
v -254.734619 36.098534 94.060303
v -254.603485 36.280262 93.303345
v -256.661896 36.188122 94.121017
v -255.630707 35.965111 94.525146
v -255.418945 36.454929 92.921753
v -256.242126 36.351593 92.856323
v -256.887360 36.900406 92.396729
v -257.840942 36.950733 92.087036
v -256.786163 37.778286 91.976929
v -258.321320 36.663849 92.120850
v -258.393707 37.204060 91.708618
v -258.563843 37.334328 91.532715
v -259.349304 36.601311 91.478394
v -260.058472 36.333435 91.683716
v -260.850067 36.354027 91.733643
v -16.915527 11.279634 37.083008
v -18.040894 11.341524 36.916016
v -16.443420 11.207914 36.712769
v -19.146301 11.464509 36.975342
v -18.016846 11.214166 35.123535
v -18.480774 11.296255 35.513306
v -17.039368 11.110510 34.471924
v -19.609009 11.382832 35.653809
v -15.971252 11.140563 36.110840
v -15.548279 11.079566 35.445190
v -14.432678 10.945883 34.664795
v -20.183350 11.453590 35.900269
v -16.687439 11.015079 33.664551
v -20.978983 11.654801 37.197453
v -21.580566 11.592318 36.099365
v -22.082098 11.683950 37.893387
v -22.953613 11.583457 38.005371
v -23.411987 11.526343 36.036011
v -23.889099 11.510882 38.285278
v -24.867601 11.398680 35.234150
v -24.620239 11.428900 38.315552
v -26.217823 11.328436 34.954559
v -25.489197 11.343819 38.613647
v -27.255127 10.845730 34.300659
v -26.938965 11.237617 38.156616
v -26.887817 11.276905 38.718750
v -27.707596 11.113504 37.808006
v -28.553528 10.763699 38.346680
v -27.756714 10.275756 33.699097
v -29.093750 10.396718 39.039062
v -27.976746 9.818955 33.087578
v -28.504436 9.519691 31.851791
v -31.836073 9.931673 31.303938
v -28.593479 9.396770 30.421698
v -28.429016 9.252745 29.122437
v -31.300110 9.726017 30.105957
v -31.164368 9.667049 29.459473
v -31.161133 9.552259 28.616455
v -32.972481 10.195236 32.128185
v -30.600954 9.354749 26.990400
v -29.893042 9.273201 26.125826
v -29.019714 9.248600 25.470825
v -25.945007 9.099787 26.567993
v -27.324768 9.184631 28.015503
v -26.625183 9.131701 27.462769
v -28.760925 9.251190 24.645630
v -26.488342 9.128155 25.760620
v -26.852600 9.134186 25.034302
v -28.440308 9.201757 23.431274
v -27.985779 9.014744 19.171631
v -28.527039 8.883868 17.575562
v -28.228210 8.956130 18.543091
v -28.923645 8.883567 17.590942
v -29.353088 8.835814 16.682251
v -29.736206 8.832021 16.607666
v -29.594055 8.799861 15.920775
v -29.451172 8.764068 15.203612
v -29.719971 8.754260 14.665771
v -29.175415 8.753133 13.696044
v -20.339905 8.828680 22.319946
v -20.166992 8.828724 23.303223
v -18.350159 8.714943 22.509644
v -19.730591 8.817312 23.943115
v -17.534485 8.708939 23.634399
v -19.074707 8.779263 24.246216
v -17.829041 8.697096 25.005249
v -16.118286 8.652506 25.785767
v -16.816101 8.669252 25.680542
v -16.825317 8.683525 24.515137
v -15.755249 8.627565 25.569458
v -15.127563 8.598621 26.235596
v -14.430664 8.554493 25.854858
v -13.737427 8.594345 27.823975
v -13.148438 8.527628 26.516724
v -13.517761 8.617556 28.612793
v -13.430054 8.651138 29.658936
v -12.694946 8.514229 26.899902
v -13.284484 8.789504 30.339905
v -13.602417 8.796295 30.322754
v -13.071838 9.217421 30.879883
v -12.378052 9.092237 31.107178
v -10.308777 8.401220 27.814697
v -11.441223 8.445665 27.274536
v -8.703369 8.287760 28.386597
v -8.126526 8.262741 30.208984
v -8.255066 8.258686 30.794922
v -9.064697 8.277794 30.928101
v -9.772705 8.316730 31.331055
v -10.624390 8.509911 31.122925
v -11.228062 9.188352 31.464458
v -11.619385 10.299019 32.102539
v -12.408081 10.315033 31.925781
v -13.151497 10.692573 32.428780
v -11.791870 10.688023 32.606567
v -12.769531 10.835094 33.719604
v -14.191284 10.847276 33.191895
v -13.002563 10.861462 34.270996
v -15.323853 10.894403 33.436401
v -13.671753 10.909946 34.641113
v -16.062256 10.915522 33.292114
v -31.469910 10.275324 37.046021
v -31.081116 10.234310 36.606201
v -30.946716 10.263711 37.242065
v -30.475952 10.203737 38.111938
v -31.152283 10.194036 35.220459
v -32.018127 10.211432 34.629639
v -33.018494 10.338623 34.745850
v -34.347290 10.426972 32.424683
v -34.153503 10.534655 34.915894
v -34.960144 10.489390 32.371216
v -34.709595 10.627484 35.593750
v -35.205811 10.722707 36.417969
v -34.549377 10.635160 36.280396
v -36.975891 10.900460 33.597046
v -35.796997 10.660594 32.863525
v -37.366333 10.903877 32.405273
v -37.311523 10.975214 34.169312
v -38.513733 11.251107 35.164673
v -39.821899 11.459942 35.513184
v -40.846619 11.692223 36.048828
v -36.590942 10.879733 37.572754
v -36.043579 10.822825 37.315430
v -37.267761 10.988747 38.326050
v -37.501465 11.053556 39.356934
v -36.878967 10.910135 40.780640
v -41.965942 12.043571 36.697998
v -42.898895 12.331079 37.325100
v -46.508545 12.840222 37.617508
v -47.630798 12.946205 37.981689
v -49.219727 13.181812 39.320435
v -48.592041 13.098839 38.523926
v -48.077942 12.902675 40.764282
v -50.382141 13.361367 39.551147
v -51.597717 13.581557 39.224976
v -46.388733 12.679036 40.724731
v -45.614075 12.601648 41.161987
v -49.381470 13.101640 41.464111
v -50.988831 13.423494 41.584229
v -44.666931 12.519389 41.187866
v -52.949795 13.812161 39.233093
v -52.221252 13.882092 42.036499
v -53.086246 14.147711 42.018604
v -54.487122 14.356629 41.397827
v -55.402649 14.270005 40.717285
v -56.692322 14.391328 40.393188
v -55.978455 14.281461 39.734131
v -57.343811 14.409573 39.844727
v -58.448887 14.580098 40.203350
v -57.920654 14.734049 41.081421
v -59.026245 14.703707 41.308472
v -59.325867 14.631330 40.074585
v -60.287231 14.676191 41.266113
v -60.207642 14.603809 39.637207
v -61.395386 14.648672 40.366699
v -60.776917 14.620326 39.142090
v -61.390503 14.625602 39.194458
v -62.239929 14.645014 39.515503
v -62.678162 14.630521 40.189087
v -62.852783 14.619990 39.982422
v -0.000244 8.505474 29.678955
v -0.167053 8.517229 29.999756
v -1.183899 8.381199 30.359253
v -1.722290 8.314003 28.987427
v -2.075378 8.272261 30.609131
v -3.418579 8.088331 30.481445
v -3.502258 8.108574 29.070312
v -2.402344 8.204489 28.664917
v -5.600647 8.087326 29.452393
v -5.914917 8.112864 30.338135
v -4.269043 8.063919 28.695923
v -6.076660 8.141245 29.714844
v -4.641724 8.064043 28.822998
v -4.394958 8.056271 28.367798
v -6.732788 8.181015 28.790649
v -6.960876 8.195459 29.294434
v -7.030762 8.189978 28.442139
v -6.500854 8.163130 28.298584
v -7.756042 8.226151 28.220703
v -29.450745 8.725400 13.316039
v -28.945740 8.749177 13.303100
v -30.277771 8.702954 13.750854
v -31.837585 8.599675 13.311889
v -35.338905 8.322995 10.374880
v -36.453796 8.470965 12.746215
v -35.493958 8.293666 9.627685
v -36.445740 8.274251 9.327147
v -37.356689 8.278678 9.250609
v -38.088013 8.417756 12.720580
v -38.039917 8.271174 9.469848
v -39.085754 8.337079 12.168456
v -39.826416 8.291265 11.826415
v -39.074280 8.179019 9.360717
v -40.571533 8.132340 11.051269
v -39.762512 8.099084 8.942016
v -41.439270 8.039495 10.526610
v -40.710388 8.009976 8.100585
v -41.392456 7.966969 7.732788
v -42.375309 7.984830 10.171082
v -44.251282 7.617388 9.275268
v -45.705872 7.281926 9.254149
v -46.755737 6.944673 9.702514
v -46.768188 7.497712 5.813189
v -45.998047 7.745339 4.415527
v -46.914429 7.365729 7.201660
v -47.681824 7.120953 7.939453
v -45.802933 7.884307 3.868145
v -47.784485 6.761441 9.249389
v -46.860474 6.759974 10.122558
v -48.537720 6.691693 8.862914
v -48.897583 6.326625 9.671874
v -49.179199 6.259843 9.695068
v -49.676331 5.960151 10.197754
v -50.204773 5.789504 10.290161
v -50.380188 5.486878 10.997681
v -50.613464 5.450076 10.964233
v -50.759766 5.199914 11.592041
v -50.174568 5.108864 12.071666
v -45.169189 8.459564 3.014648
v -44.611572 8.681604 2.867553
v -44.015137 9.042507 2.516357
v -44.103455 9.393454 2.114623
v -43.559387 9.546335 2.045898
v -44.494141 9.870129 1.691528
v -43.011475 9.971003 1.847045
v -43.011292 10.588565 1.427489
v -43.807068 11.402566 0.576659
v -44.225708 10.648849 1.120605
v -42.704346 12.184316 0.233886
v -43.125854 12.356015 -0.000123
v -42.747620 11.423960 0.853637
v -35.807018 10.797190 40.900127
v -34.692139 10.429901 41.634155
v -33.964111 10.111661 41.934692
v -33.196533 9.888066 42.217407
v -37.612469 10.966622 43.524830
v -38.530640 11.346992 42.250244
v -37.618469 11.037594 43.954224
v -39.079994 11.440638 42.121868
v -39.894398 11.858315 42.671154
v -36.852406 9.899583 43.906212
v -36.529491 9.296416 44.482182
v -36.963711 8.867448 45.576641
v -32.301941 9.545547 42.095825
v -30.373861 8.763965 44.622581
v -31.386469 9.306628 41.166286
v -29.526489 9.070552 42.259277
v -31.209587 9.406082 39.856377
v -29.554016 8.937119 43.685425
v -30.494202 8.606543 45.548828
v -30.690674 8.448467 46.433594
v -31.260193 8.279768 47.385010
v -31.946899 8.163851 47.715820
v -29.722351 9.153190 41.406860
v -33.238831 8.022711 47.977783
v -29.629395 9.473287 40.148682
v -34.821716 7.744616 48.324707
v -35.934814 7.407682 49.164185
v -31.270576 9.471285 39.347404
v -29.180664 9.897378 39.626709
v -37.323483 8.486816 46.110245
v -38.020412 7.825334 46.851845
v -36.211304 7.170481 49.816040
v -36.668457 7.058928 50.003296
v -40.987488 6.050383 48.825073
v -40.279480 6.517750 48.267700
v -41.249146 5.794012 49.401733
v -40.895325 5.635534 50.332031
v -41.636841 5.056791 51.003540
v -42.214844 5.006109 50.251587
v -42.579285 4.531790 51.381592
v -43.634583 4.536531 50.091187
v -43.836243 3.935601 52.125000
v -44.327942 3.552143 52.971558
v -45.299194 3.861393 50.904419
v -44.672424 4.378515 49.722290
v -45.214111 4.105629 50.050049
v -45.334961 3.265517 52.901001
v -45.641846 3.503838 51.820190
v -42.099731 12.287738 42.396729
v -41.431030 12.171779 41.887817
v -41.505615 12.241510 42.547485
v -43.872681 12.457664 41.052368
v -43.852356 12.505403 41.573364
v -52.219238 2.275583 28.313377
v -53.332294 2.320417 28.013123
v -53.842102 2.346783 27.670654
v -50.629604 1.896355 23.973097
v -49.688232 1.918150 23.358154
v -49.522461 2.154974 22.513428
v -49.270813 2.551992 21.587280
v -51.734009 2.141474 23.866211
v -52.565620 2.390547 23.214590
v -54.752319 2.404667 27.498047
v -55.946289 2.405659 26.761230
v -52.977844 2.591358 20.808838
v -57.924782 2.456810 25.109375
v -52.716003 2.839767 19.976929
v -54.374908 2.947551 17.444225
v -51.673523 3.099727 18.595093
v -50.956421 3.239904 17.756104
v -53.296814 3.192676 16.300293
v -50.537292 3.428754 16.743652
v -54.841614 2.829689 18.129883
v -52.848755 3.377212 15.684448
v -56.214417 2.382150 20.471069
v -52.567444 3.707660 14.934082
v -52.447876 4.037871 14.141968
v -52.391113 4.319356 13.370850
v -51.903870 4.640782 12.647827
v -51.783447 4.786527 12.296387
v -56.505737 2.422871 26.653198
v -57.655518 2.448044 24.258789
v -58.038940 2.451891 24.543945
v -57.923767 2.420103 23.130371
v -57.985596 2.433500 21.316650
v -57.578552 2.435390 20.789062
v -16.915466 11.279633 37.083008
v -18.040894 11.341521 36.916016
v -16.443237 11.207922 36.712769
v -17.039429 11.110508 34.472046
v -19.609070 11.382843 35.653931
v -15.971069 11.140564 36.110718
v -15.548218 11.079563 35.445068
v -14.432556 10.945882 34.664795
v -20.183350 11.453595 35.900391
v -16.687622 11.015074 33.664551
v -20.978861 11.654791 37.197330
v -21.580505 11.592317 36.099487
v -22.082037 11.683943 37.893265
v -22.953613 11.583451 38.005249
v -23.411987 11.526346 36.036011
v -23.889038 11.510882 38.285278
v -24.868067 11.399443 35.234051
v -24.620239 11.428897 38.315430
v -26.217939 11.327369 34.954678
v -25.489258 11.343819 38.613525
v -26.938965 11.243592 38.159058
v -26.887817 11.276905 38.718628
v -27.707563 11.113497 37.807991
v -27.255066 10.845732 34.300781
v -28.553467 10.763698 38.346558
v -29.093689 10.396703 39.038940
v -27.756653 10.275758 33.699097
v -27.976547 9.819006 33.087723
v -28.504316 9.519707 31.851788
v -28.593357 9.396782 30.421698
v -28.428955 9.252758 29.122437
v -31.300293 9.726007 30.105957
v -31.164551 9.667040 29.459473
v -31.161255 9.552208 28.616211
v -30.601139 9.354754 26.990522
v -29.893164 9.273194 26.125946
v -29.019775 9.248592 25.470825
v -25.944763 9.099789 26.567993
v -27.324707 9.184635 28.015381
v -26.624939 9.131702 27.462769
v -28.760498 9.251125 24.645142
v -26.488037 9.128157 25.760742
v -26.851746 9.134176 25.034668
v -27.092529 9.143301 24.083008
v -28.436035 9.200867 23.408325
v -26.646851 9.124075 23.123657
v -27.695435 9.167580 22.325073
v -25.979614 9.061554 22.343384
v -27.489370 9.139681 21.274485
v -27.910461 9.081465 20.165283
v -25.157410 9.067717 21.558105
v -27.984436 9.015163 19.174683
v -24.042603 9.025827 21.544312
v -25.219231 9.028356 18.511732
v -28.527344 8.882039 17.576660
v -28.228271 8.956128 18.543945
v -28.923828 8.883557 17.591187
v -26.981750 8.983001 17.910278
v -29.353027 8.835851 16.682251
v -29.736389 8.832042 16.607666
v -29.593811 8.800000 15.921020
v -26.064331 9.004338 17.744873
v -24.386597 8.996283 18.954224
v -23.455505 8.953262 19.340332
v -22.629578 8.947422 20.414429
v -21.192993 8.878128 22.091553
v -22.631165 8.951416 22.327271
v -21.731262 8.911119 22.505371
v -20.907227 8.867241 22.781372
v -20.339661 8.828682 22.317993
v -20.167053 8.828724 23.303223
v -18.349609 8.714931 22.510498
v -19.730652 8.817307 23.942993
v -17.534363 8.708941 23.634399
v -19.074768 8.779257 24.246094
v -17.829041 8.697094 25.005249
v -16.118286 8.652504 25.785645
v -16.815979 8.669252 25.680542
v -16.825195 8.683525 24.515137
v -15.755249 8.627563 25.569458
v -15.127563 8.598619 26.235596
v -14.430725 8.554499 25.854980
v -13.737671 8.594343 27.823853
v -13.148438 8.527626 26.516724
v -13.517822 8.617554 28.612793
v -13.430115 8.651144 29.658936
v -12.694946 8.514231 26.899902
v -13.284656 8.789493 30.339909
v -13.602539 8.796299 30.322754
v -13.072021 9.217394 30.879761
v -12.378052 9.092232 31.107178
v -10.308777 8.401222 27.814697
v -11.441162 8.445669 27.274658
v -8.703369 8.287758 28.386597
v -8.126404 8.262741 30.208862
v -8.255188 8.258703 30.794922
v -9.064514 8.277800 30.927979
v -9.772766 8.316742 31.330933
v -10.624390 8.509926 31.122925
v -11.227947 9.188367 31.464466
v -11.619263 10.298988 32.102539
v -12.407959 10.315008 31.925781
v -13.151481 10.692555 32.428814
v -11.791809 10.688011 32.606567
v -12.769470 10.835093 33.719604
v -14.191345 10.847280 33.191895
v -13.002380 10.861458 34.270874
v -15.323914 10.894413 33.436523
v -13.671631 10.909945 34.640991
v -16.062439 10.915524 33.292236
v -31.470093 10.275313 37.045898
v -31.081360 10.234306 36.606201
v -30.946899 10.263706 37.242065
v -30.476135 10.203732 38.111816
v -31.152344 10.194038 35.220459
v -34.549255 10.635168 36.280273
v -37.366638 10.903878 32.405273
v -37.311646 10.975212 34.169434
v -38.513794 11.251109 35.164673
v -39.821960 11.459945 35.513306
v -40.846680 11.692216 36.048950
v -41.965942 12.043509 36.697998
v -36.590759 10.879737 37.572632
v -36.043457 10.822831 37.315308
v -37.267700 10.988759 38.326050
v -37.501343 11.053567 39.356934
v -36.878845 10.910138 40.780640
v -42.895054 12.350705 37.325825
v -46.508606 12.840219 37.617630
v -47.630859 12.946194 37.981812
v -49.219788 13.181804 39.320557
v -48.592163 13.098836 38.524048
v -48.077881 12.902676 40.764282
v -50.382080 13.361366 39.551270
v -51.597717 13.581568 39.225098
v -46.388794 12.679035 40.724609
v -49.381409 13.101645 41.463989
v -45.614075 12.601629 41.161865
v -50.988831 13.423484 41.584229
v -44.665157 12.488516 41.192471
v -52.949684 13.812116 39.233219
v -52.221313 13.882071 42.036377
v -53.086185 14.147680 42.018482
v -54.486633 14.356578 41.398071
v -55.402771 14.270002 40.717285
v -56.692383 14.391335 40.393311
v -55.978516 14.281465 39.734131
v -57.343811 14.409575 39.844727
v -58.448765 14.580099 40.203350
v -57.920593 14.734038 41.081421
v -59.026245 14.703700 41.308472
v -59.325745 14.631332 40.074585
v -60.287415 14.676186 41.265991
v -60.207642 14.603811 39.637207
v -61.395569 14.648672 40.366699
v -60.776917 14.620328 39.142212
v -61.390564 14.625602 39.194580
v -62.240173 14.645012 39.515503
v -62.678528 14.630522 40.188965
v -62.853027 14.619991 39.982422
v -0.000061 8.505461 29.678955
v -0.166809 8.517221 29.999756
v -1.183838 8.381195 30.359253
v -1.722229 8.314001 28.987427
v -2.075378 8.272247 30.609009
v -3.418518 8.088341 30.481445
v -3.502258 8.108572 29.070312
v -2.402344 8.204483 28.665039
v -5.600708 8.087328 29.452393
v -5.914917 8.112862 30.338135
v -4.268982 8.063921 28.695923
v -6.076660 8.141245 29.714722
v -4.641846 8.064045 28.823120
v -4.395142 8.056274 28.367920
v -6.732666 8.181019 28.790649
v -6.960815 8.195461 29.294434
v -7.030640 8.189978 28.442139
v -6.500793 8.163134 28.298706
v -7.755920 8.226152 28.220703
v -30.622803 8.695024 13.879882
v -31.103760 8.668185 13.990111
v -32.052673 8.603227 13.391479
v -32.617676 8.573983 12.976562
v -33.545471 8.529408 12.953734
v -33.596619 8.510852 12.737304
v -34.452637 8.426908 11.972411
v -35.251606 8.324063 10.450693
v -34.558350 8.366706 11.276000
v -38.039795 8.270684 9.468261
v -37.362244 8.278226 9.250976
v -39.085876 8.337342 12.168334
v -38.099182 8.404233 12.718383
v -39.826477 8.291324 11.826415
v -39.074219 8.178973 9.360717
v -40.571594 8.132352 11.051269
v -39.762390 8.099074 8.942016
v -41.439331 8.039517 10.526488
v -40.710205 8.009974 8.100707
v -41.392334 7.966969 7.732788
v -42.344910 7.985406 10.183715
v -42.083740 7.935847 6.701904
v -42.402603 7.983087 5.559849
v -43.473206 7.946999 4.923339
v -42.906189 7.994265 5.057495
v -44.146240 8.045826 4.238647
v -44.280701 8.563330 3.178222
v -44.015076 9.042631 2.516357
v -44.103577 9.393499 2.114623
v -43.559265 9.546370 2.045776
v -44.494446 9.870125 1.691528
v -43.011230 9.971037 1.847045
v -43.010986 10.588875 1.427367
v -43.807129 11.402585 0.576659
v -44.225891 10.648849 1.120727
v -42.704224 12.184274 0.233886
v -43.125671 12.355950 0.000121
v -42.747437 11.423945 0.853759
v -35.806953 10.797073 40.900249
v -34.692078 10.429881 41.634155
v -33.964050 10.111642 41.934814
v -33.196533 9.888051 42.217407
v -37.612469 10.966580 43.524826
v -38.530701 11.346993 42.250244
v -37.618652 11.037626 43.954102
v -39.080608 11.432179 42.122101
v -39.894302 11.858396 42.671017
v -36.852520 9.899641 43.906216
v -36.529610 9.296429 44.482182
v -41.704529 12.086744 40.640625
v -41.432312 12.172074 41.887207
v -41.505859 12.241549 42.547363
v -42.098877 12.287612 42.396606
v -42.257263 12.183173 40.373291
v -43.172363 12.310978 40.350586
v -43.870178 12.457441 41.052612
v -43.851379 12.505308 41.572998
v -39.649597 6.069555 50.446899
v -40.267212 5.937143 50.201660
v -39.096794 6.354399 50.255890
v -37.472473 6.961525 49.931641
v -38.801556 7.400687 47.336491
v -36.668152 7.059135 50.003418
v -36.211182 7.170563 49.816040
v -35.934692 7.407728 49.164062
v -34.821594 7.744640 48.324707
v -33.238770 8.022720 47.977661
v -31.946777 8.163857 47.715698
v -31.260071 8.279779 47.385010
v -30.690491 8.448477 46.433594
v -30.373678 8.763973 44.622581
v -30.494019 8.606548 45.548828
v -29.553711 8.937114 43.685425
v -29.526367 9.070563 42.259155
v -36.963833 8.867440 45.576641
v -31.386652 9.306644 41.166286
v -32.302002 9.545518 42.095947
v -29.722168 9.153199 41.406860
v -31.209770 9.406104 39.856380
v -29.629272 9.473296 40.148682
v -31.270761 9.471331 39.347427
v -29.180603 9.897372 39.626709
v -37.323936 8.486403 46.110725
v -37.986328 7.886270 46.830200
v -40.896545 5.633163 50.337769
v -41.636597 5.056320 51.003906
v -42.215149 5.005424 50.252808
v -42.579224 4.531704 51.381714
v -43.634644 4.536507 50.091187
v -43.836121 3.935625 52.124878
v -44.327881 3.552174 52.971436
v -45.299500 3.861370 50.904541
v -44.672485 4.378492 49.722412
v -45.214294 4.105627 50.050171
v -45.335144 3.265518 52.901001
v -45.642029 3.503855 51.820190
v -44.753723 1.358509 22.983154
v -44.780579 1.359396 22.666260
v -44.182617 0.997743 23.186890
v -42.787308 0.472219 24.026537
v -42.134460 0.008379 24.473755
v -42.051758 0.000002 24.774902
v -42.491028 0.004026 25.365112
v -42.993958 0.666464 25.540283
v -45.403320 1.463262 23.761353
v -43.341980 1.195715 26.131836
v -46.694946 1.721693 23.880493
v -47.523415 1.847186 23.835222
v -48.125488 2.020555 23.220581
v -48.919128 2.100403 22.678589
v -42.843445 1.241451 27.065186
v -43.118469 1.386496 27.779175
v -43.591614 1.338579 28.601685
v -44.248413 1.258639 29.443604
v -45.166687 1.200156 30.205688
v -46.166615 1.163951 31.422678
v -47.369995 0.822861 32.147095
v -48.205997 0.848305 32.244102
v -49.586426 1.347720 31.113403
v -50.074646 1.789551 29.892456
v -50.479694 1.963813 29.228535
v -51.604755 2.221678 28.781311
v -50.630424 1.876822 23.969179
v -54.795715 2.410668 27.470703
v -55.946655 2.406511 26.761841
v -49.272583 2.548378 21.595581
v -51.733887 2.141399 23.866211
v -52.566650 2.349186 23.216309
v -53.008404 2.470632 22.099220
v -57.925018 2.456844 25.109409
v -52.977722 2.591362 20.808838
v -56.505981 2.422909 26.652588
v -57.655762 2.448046 24.258789
v -58.039124 2.451887 24.543945
v -57.924011 2.420105 23.130371
v -57.985840 2.433487 21.316895
v -56.214539 2.382154 20.471069
v -57.578735 2.435385 20.789185
v -55.413391 2.536211 19.234131
v -54.375038 2.947560 17.444235
v -54.841797 2.829690 18.130005
v -53.296997 3.192685 16.300293
v -52.715881 2.839759 19.976929
v -51.673401 3.099720 18.595093
v -50.956177 3.239900 17.755981
v -50.537048 3.428823 16.743286
v -52.849121 3.377065 15.684814
v -49.834167 3.791457 15.692627
v -49.024109 4.146829 14.845581
v -52.572124 3.693016 14.946279
v -48.594238 4.597278 14.038330
v -48.503845 5.285823 12.831665
v -49.259827 5.021722 12.788818
v -48.218445 5.485656 12.566650
v -88.267334 46.986561 53.054073
v -88.904724 47.088898 52.495724
v -188.904480 42.243961 126.628784
v -190.598541 42.339775 124.995361
v -187.653442 42.298317 126.321289
v -190.791962 42.397823 124.091797
v -187.175354 42.367359 125.458496
v -186.868011 42.392361 125.070068
v -186.163940 42.392735 125.229370
v -186.067047 42.369614 125.840332
v -185.042847 42.392029 125.529785
v -185.122131 42.423794 124.984985
v -192.154572 42.457359 123.082642
v -191.373932 42.418854 123.538086
vn 0.2965 -0.9155 -0.2720
vn 0.3953 -0.8855 -0.2442
vn 0.3648 -0.8849 -0.2895
vn 0.1399 -0.9518 -0.2731
vn 0.1790 -0.8540 -0.4885
vn -0.1147 -0.9068 -0.4057
vn -0.0736 -0.9672 -0.2430
vn 0.1207 0.9804 -0.1558
vn -0.2660 -0.9593 -0.0946
vn 0.2612 -0.8000 0.5401
vn 0.0838 0.9912 -0.1023
vn 0.1069 0.9921 -0.0655
vn 0.0916 0.9914 -0.0934
vn -0.1623 0.9867 -0.0104
vn 0.0568 0.9969 -0.0553
vn 0.0719 0.8459 -0.5285
vn -0.0427 0.9989 0.0169
vn 0.0531 0.9985 -0.0108
vn 0.1449 0.9893 -0.0187
vn 0.0525 0.9982 -0.0273
vn 0.0432 0.9990 -0.0060
vn 0.0593 0.9982 -0.0104
vn 0.0538 0.9986 -0.0020
vn 0.0116 0.9998 -0.0132
vn 0.0003 0.9986 -0.0526
vn 0.0455 0.9981 -0.0409
vn -0.0468 0.9985 -0.0275
vn -0.0064 0.9981 -0.0617
vn -0.0107 0.9964 -0.0845
vn -0.0788 0.9958 -0.0459
vn -0.1333 0.9898 0.0511
vn -0.1143 0.9840 0.1365
vn -0.1387 0.9706 0.1970
vn -0.0600 0.7452 0.6641
vn -0.1857 0.6023 0.7764
vn -0.2428 0.9201 0.3072
vn -0.2368 0.9131 0.3318
vn 0.1382 -0.9719 -0.1906
vn -0.1379 0.9286 0.3446
vn 0.1716 -0.9575 -0.2319
vn 0.0320 0.9995 0.0063
vn -0.0640 -0.9978 0.0184
vn -0.0455 0.9765 0.2104
vn -0.4481 -0.8556 -0.2589
vn -0.0673 -0.9404 -0.3332
vn -0.5276 -0.7634 0.3726
vn 0.0624 0.9980 -0.0062
vn -0.1309 -0.9870 0.0930
vn 0.0427 -0.9899 0.1350
vn -0.1653 -0.9817 0.0946
vn -0.0743 -0.9941 0.0796
vn -0.1678 -0.9844 0.0522
vn -0.1552 -0.9865 0.0513
vn 0.2361 0.9688 -0.0756
vn 0.1006 0.9906 -0.0930
vn 0.2388 0.9711 0.0004
vn -0.1271 -0.9906 -0.0513
vn 0.0118 -0.9925 0.1218
vn -0.1238 -0.9915 0.0400
vn 0.3066 0.9518 -0.0118
vn 0.0691 0.9948 -0.0751
vn 0.2940 0.9506 -0.1001
vn -0.0500 -0.9864 0.1563
vn 0.1091 0.9929 0.0473
vn 0.0955 -0.9929 0.0706
vn 0.0576 -0.9944 0.0884
vn -0.0302 -0.9992 0.0250
vn 0.0368 -0.9993 -0.0106
vn -0.0006 -0.9993 0.0368
vn 0.0581 -0.9983 0.0051
vn -0.1148 -0.9898 -0.0847
vn -0.1038 -0.9929 -0.0581
vn -0.0355 -0.9993 -0.0138
vn -0.1167 -0.9916 -0.0564
vn -0.1097 -0.9869 -0.1182
vn -0.1456 -0.9883 -0.0452
vn 0.1412 0.9843 0.1059
vn -0.1579 -0.9852 -0.0666
vn -0.1122 -0.9922 -0.0551
vn -0.0625 -0.9980 0.0010
vn 0.0333 -0.9994 0.0127
vn -0.1278 -0.9891 -0.0729
vn -0.0025 -0.9959 -0.0900
vn -0.0113 -0.9975 -0.0694
vn -0.0036 -0.9999 -0.0135
vn -0.0607 -0.9647 0.2561
vn -0.1548 -0.9874 -0.0323
vn -0.2068 -0.9732 -0.1001
vn -0.0466 -0.9609 -0.2730
vn 0.0308 -0.9978 0.0595
vn -0.0110 -0.9899 0.1414
vn 0.0009 -0.9979 0.0655
vn 0.1402 -0.9896 -0.0320
vn 0.0752 -0.9969 -0.0242
vn 0.0309 -0.9939 0.1057
vn 0.0497 -0.9988 0.0010
vn 0.0608 -0.9929 -0.1025
vn 0.0118 -0.9973 0.0725
vn 0.0672 -0.9972 0.0320
vn -0.1394 0.9852 0.0996
vn -0.1522 0.9880 -0.0270
vn 0.0513 -0.9987 0.0078
vn 0.1074 -0.9942 -0.0044
vn 0.2152 -0.9760 0.0331
vn -0.1149 -0.9932 0.0189
vn -0.1388 -0.9876 -0.0734
vn 0.0507 -0.9987 -0.0110
vn -0.0453 -0.9989 -0.0094
vn -0.1935 0.9810 -0.0160
vn 0.0069 0.9911 0.1328
vn -0.1251 -0.9832 -0.1327
vn -0.5610 0.8276 -0.0171
vn 0.0803 0.8661 0.4933
vn 0.0775 0.9631 0.2578
vn 0.8510 0.5237 -0.0378
vn 0.0865 0.9727 0.2152
vn -0.2197 -0.9444 0.2447
vn 0.2414 -0.9673 -0.0780
vn 0.0678 -0.9951 -0.0719
vn 0.0059 -0.9896 -0.1439
vn 0.0289 -0.9979 -0.0577
vn -0.0579 -0.9974 0.0422
vn 0.2663 -0.9267 -0.2651
vn 0.2808 -0.9174 -0.2820
vn 0.2651 -0.9306 -0.2523
vn 0.2941 -0.9241 -0.2439
vn 0.2332 -0.9386 -0.2542
vn 0.3298 -0.9037 -0.2730
vn 0.3366 -0.9076 -0.2508
vn 0.3742 -0.8875 -0.2688
vn 0.3342 -0.9021 -0.2729
vn 0.3285 -0.8754 -0.3547
vn 0.4279 -0.8623 -0.2708
vn 0.4250 -0.8517 -0.3067
vn 0.2946 -0.9221 -0.2510
vn 0.3243 -0.8943 -0.3085
vn -0.5231 -0.0100 -0.8522
vn 0.5742 -0.5398 -0.6155
vn 0.1087 -0.9481 -0.2988
vn 0.1308 -0.9483 -0.2892
vn 0.1158 -0.9876 -0.1058
vn 0.0774 -0.9857 -0.1495
vn 0.0854 -0.9586 -0.2716
vn 0.0563 -0.9849 -0.1635
vn 0.0665 -0.9044 -0.4214
vn -0.0571 -0.9541 -0.2939
vn -0.0808 -0.9809 -0.1772
vn 0.0192 -0.9334 -0.3582
vn 0.2034 -0.8358 -0.5099
vn -0.3593 -0.9331 -0.0144
vn -0.0727 -0.9336 -0.3509
vn 0.0669 -0.9886 -0.1347
vn -0.0530 -0.9668 -0.2499
vn 0.0550 -0.9962 -0.0682
vn -0.0804 -0.9937 -0.0779
vn -0.1625 -0.9821 -0.0950
vn -0.1728 -0.9815 0.0821
vn 0.2681 0.9105 0.3147
vn 0.2472 0.9631 0.1065
vn -0.3425 -0.7382 -0.5812
vn -0.5292 -0.8383 0.1310
vn -0.4376 -0.5624 -0.7016
vn 0.3026 -0.8503 -0.4307
vn 0.1976 -0.8938 -0.4027
vn 0.4580 -0.7098 -0.5352
vn -0.0428 -0.9976 0.0552
vn 0.2989 -0.9198 -0.2543
vn 0.2977 -0.9277 -0.2251
vn 0.3575 -0.9266 0.1169
vn 0.2977 -0.9435 -0.1453
vn 0.2167 -0.9709 0.1021
vn 0.2035 -0.9791 0.0022
vn 0.1695 -0.9853 0.0200
vn -0.0518 0.9972 -0.0546
vn -0.1121 0.9936 -0.0169
vn -0.0804 0.9967 -0.0102
vn -0.0701 0.9975 0.0035
vn -0.0980 0.9952 -0.0016
vn -0.0854 0.9963 -0.0027
vn -0.0338 0.9976 -0.0604
vn -0.1148 0.9934 -0.0021
vn -0.0070 0.9986 -0.0530
vn 0.0762 0.9913 -0.1071
vn 0.1157 0.9873 0.1086
vn 0.0651 0.9954 -0.0699
vn 0.1175 0.9907 -0.0688
vn 0.0658 0.9943 -0.0845
vn -0.0554 0.9984 0.0140
vn 0.0597 0.9946 -0.0850
vn 0.0599 0.9849 -0.1627
vn 0.0651 0.9960 -0.0607
vn 0.0866 0.9929 -0.0819
vn 0.0650 0.9961 -0.0605
vn 0.0740 0.9938 -0.0833
vn 0.0757 0.9935 -0.0844
vn 0.0281 0.9977 -0.0622
vn 0.0452 0.9972 -0.0593
vn 0.0404 0.9975 -0.0576
vn 0.0184 0.9932 -0.1151
vn 0.1448 0.8066 -0.5730
vn 0.0227 0.9990 -0.0382
vn 0.0551 0.9905 -0.1257
vn 0.2079 0.5413 -0.8147
vn 0.1934 0.5491 -0.8131
vn 0.1202 0.9927 0.0140
vn -0.1377 0.9902 0.0224
vn -0.1216 0.9926 -0.0009
vn 0.0112 0.9996 -0.0248
vn -0.0067 0.9998 -0.0207
vn 0.0099 0.9997 -0.0219
vn -0.1551 0.9879 -0.0083
vn -0.1315 0.9913 0.0031
vn -0.0793 0.9938 -0.0776
vn -0.0938 0.9954 -0.0189
vn -0.0237 0.9972 -0.0704
vn 0.0638 0.9979 -0.0065
vn 0.0506 0.9987 -0.0089
vn 0.0616 0.9981 -0.0007
vn 0.0980 0.9948 -0.0267
vn 0.0467 0.9988 -0.0143
vn 0.0415 0.9991 -0.0098
vn 0.0320 0.9781 -0.2056
vn 0.3377 0.6683 -0.6628
vn 0.1983 0.5757 -0.7932
vn 0.1690 0.9643 0.2038
vn 0.0256 0.9996 0.0125
vn 0.0214 0.9997 0.0070
vn 0.0658 0.9977 0.0133
vn 0.0573 0.9976 -0.0381
vn 0.0634 0.9975 -0.0297
vn 0.0406 0.9983 -0.0407
vn 0.0588 0.9976 -0.0370
vn -0.1916 0.9690 -0.1559
vn 0.0641 0.9976 -0.0267
vn 0.2833 0.8406 -0.4618
vn 0.0383 0.9987 -0.0337
vn 0.0574 0.9983 -0.0107
vn 0.0605 0.9981 -0.0136
vn 0.0438 0.9984 -0.0356
vn 0.0370 0.9991 -0.0215
vn 0.0629 0.9980 -0.0107
vn 0.0411 0.9991 0.0119
vn 0.0222 0.9997 0.0121
vn 0.0624 0.9980 -0.0104
vn 0.0542 0.9983 -0.0191
vn 0.0603 0.9981 -0.0092
vn 0.0556 0.9984 -0.0073
vn 0.0580 0.9983 -0.0102
vn 0.0481 0.9987 -0.0171
vn 0.0370 0.9990 -0.0230
vn 0.0373 0.9990 -0.0230
vn 0.0506 0.9987 -0.0020
vn -0.0513 0.9970 -0.0586
vn -0.0037 0.9973 -0.0733
vn -0.0241 0.9997 -0.0047
vn 0.0512 0.9986 -0.0122
vn 0.0458 0.9989 -0.0138
vn -0.0134 0.9993 -0.0361
vn -0.0575 0.9958 -0.0710
vn -0.0204 0.9977 -0.0653
vn 0.0389 0.9970 -0.0671
vn -0.0028 0.9987 -0.0511
vn -0.0008 0.9989 -0.0468
vn 0.0058 0.9988 -0.0489
vn -0.0480 0.9981 -0.0381
vn -0.0358 0.9988 -0.0342
vn -0.0474 0.9981 -0.0385
vn -0.0161 0.9998 -0.0102
vn -0.0460 0.9962 -0.0745
vn -0.0148 0.9963 -0.0846
vn -0.0631 0.9975 -0.0325
vn -0.0479 0.9988 -0.0052
vn -0.0475 0.9967 -0.0657
vn -0.0086 0.9993 -0.0374
vn 0.0097 0.9983 -0.0574
vn 0.0104 0.9983 -0.0574
vn -0.0264 0.9985 -0.0481
vn -0.0318 0.9985 -0.0455
vn -0.0135 0.9957 -0.0915
vn -0.0271 0.9965 -0.0790
vn 0.0090 0.9982 -0.0592
vn 0.0297 0.9984 -0.0483
vn -0.7671 0.6403 -0.0402
vn -0.0444 0.9981 -0.0417
vn -0.0827 0.9950 -0.0564
vn -0.1246 0.9887 -0.0830
vn -0.0360 0.9978 -0.0564
vn -0.0655 0.9973 -0.0318
vn -0.0494 0.9984 -0.0270
vn -0.0860 0.9951 -0.0487
vn -0.0136 0.9998 -0.0128
vn -0.0487 0.9985 -0.0264
vn -0.1589 0.9847 -0.0713
vn -0.0696 0.9957 0.0606
vn -0.1012 0.9942 0.0378
vn -0.2322 0.9566 0.1758
vn -0.2238 0.9595 0.1709
vn -0.0720 0.9954 0.0625
vn -0.1297 0.9554 0.2654
vn -0.1027 0.9876 0.1184
vn -0.1128 0.9902 0.0822
vn -0.1849 0.8738 0.4498
vn -0.1931 0.8308 0.5220
vn -0.1859 0.8732 0.4505
vn -0.1944 0.8299 0.5230
vn -0.1217 0.7341 0.6680
vn -0.1596 0.6345 0.7563
vn -0.0881 0.6085 0.7887
vn -0.0775 0.6256 0.7763
vn -0.1569 0.5774 0.8012
vn -0.1781 0.5530 0.8139
vn -0.2140 0.5981 0.7723
vn -0.2093 0.6250 0.7521
vn -0.3009 0.8984 0.3200
vn -0.1443 0.9743 0.1732
vn -0.2699 0.9337 0.2351
vn -0.2124 0.9465 0.2431
vn -0.1917 0.9237 0.3316
vn -0.1457 0.9242 0.3532
vn -0.1871 0.9140 0.3599
vn -0.1926 0.9262 0.3242
vn -0.2432 0.9198 0.3079
vn -0.1943 0.9184 0.3447
vn 0.3169 -0.8338 -0.4520
vn 0.1838 -0.8968 -0.4025
vn 0.0934 -0.9468 -0.3079
vn 0.1515 -0.9032 -0.4016
vn 0.3288 -0.8897 -0.3168
vn 0.1392 -0.9307 -0.3383
vn 0.1517 -0.9393 -0.3077
vn 0.1239 -0.9350 -0.3322
vn 0.0893 -0.9851 -0.1468
vn 0.0956 -0.9880 -0.1216
vn 0.0998 -0.9348 -0.3409
vn 0.1023 -0.9594 -0.2627
vn 0.1766 -0.9235 -0.3405
vn 0.1295 -0.9220 -0.3648
vn 0.0927 -0.9919 -0.0865
vn 0.1021 -0.9888 -0.1090
vn 0.1579 -0.9716 -0.1765
vn 0.0958 -0.9899 -0.1049
vn 0.0737 -0.9931 -0.0912
vn 0.0723 -0.9944 -0.0770
vn 0.0030 1.0000 -0.0094
vn 0.0261 0.9997 -0.0021
vn 0.0301 0.9995 -0.0039
vn 0.0319 0.9995 -0.0052
vn 0.0485 0.9980 0.0410
vn -0.0119 0.9997 -0.0219
vn -0.0310 -0.9855 -0.1671
vn 0.0005 -1.0000 0.0050
vn 0.0262 -0.9997 0.0028
vn -0.0564 -0.9972 -0.0492
vn -0.2172 -0.9761 0.0057
vn -0.1196 -0.9919 0.0428
vn -0.2312 -0.9700 -0.0757
vn -0.0611 -0.9978 -0.0273
vn -0.0470 -0.9986 0.0250
vn -0.0231 0.9211 0.3886
vn 0.0125 0.9622 0.2722
vn 0.0186 0.9978 0.0639
vn -0.0357 0.9522 0.3035
vn -0.3546 -0.9350 0.0041
vn -0.5447 -0.8375 0.0438
vn -0.2306 -0.9729 0.0191
vn -0.0152 -0.9998 0.0133
vn -0.1464 -0.9875 -0.0589
vn -0.2259 -0.9672 -0.1161
vn -0.1333 -0.9890 -0.0638
vn -0.0087 -0.8990 -0.4378
vn -0.0205 -0.9427 -0.3329
vn -0.1638 -0.9772 0.1354
vn 0.2371 -0.9682 0.0800
vn 0.0096 -0.9962 -0.0871
vn -0.1801 -0.9829 0.0386
vn -0.0494 -0.9963 -0.0702
vn -0.0039 -0.9967 -0.0812
vn -0.1910 -0.9800 0.0555
vn -0.3596 -0.9304 0.0703
vn -0.4760 -0.8576 -0.1946
vn -0.8002 -0.5989 -0.0324
vn -0.0340 -0.9993 -0.0185
vn 0.0265 0.9990 0.0356
vn 0.0426 0.9991 -0.0016
vn 0.0569 0.9980 -0.0281
vn 0.0429 0.9991 -0.0001
vn 0.0618 0.9980 -0.0144
vn 0.0619 0.9977 -0.0270
vn 0.0558 0.9981 -0.0259
vn 0.0569 0.9982 0.0210
vn 0.0337 -0.9746 0.2216
vn 0.2523 -0.8165 0.5193
vn -0.1316 -0.9868 0.0941
vn -0.1278 -0.9898 0.0634
vn -0.1378 -0.9861 0.0933
vn -0.1380 -0.9862 0.0919
vn -0.0771 -0.9965 0.0309
vn -0.0313 -0.9995 -0.0042
vn -0.0494 -0.9986 0.0165
vn -0.0493 -0.9988 -0.0019
vn -0.0473 -0.9989 -0.0017
vn -0.0624 -0.9979 0.0165
vn -0.0459 -0.9988 0.0156
vn -0.1213 -0.9919 0.0363
vn -0.1689 -0.9832 0.0685
vn -0.1533 -0.9874 0.0390
vn -0.1665 -0.9845 0.0544
vn -0.1748 -0.9819 0.0730
vn -0.1200 -0.9914 0.0522
vn -0.1619 -0.9853 0.0552
vn -0.1430 -0.9883 0.0538
vn -0.1131 -0.9823 0.1494
vn 0.3100 0.9199 -0.2401
vn 0.2470 0.9690 -0.0104
vn 0.2266 0.9731 -0.0413
vn 0.3063 0.9428 -0.1314
vn 0.1763 0.9836 -0.0370
vn -0.2024 -0.9792 0.0157
vn -0.2083 -0.9777 0.0254
vn -0.1623 -0.9866 -0.0179
vn -0.1604 -0.9870 -0.0123
vn -0.1735 -0.9848 -0.0134
vn 0.1377 0.9901 0.0256
vn 0.1825 0.9829 -0.0229
vn 0.2838 0.9584 -0.0293
vn 0.0069 0.9998 -0.0196
vn 0.0154 0.9997 -0.0196
vn -0.0484 0.9988 -0.0100
vn 0.0108 0.9990 -0.0439
vn -0.0200 0.9984 -0.0537
vn -0.0157 0.9998 0.0113
vn 0.0341 0.9994 -0.0059
vn -0.0089 0.9990 -0.0448
vn -0.0558 0.9886 -0.1397
vn 0.1733 0.9695 -0.1735
vn 0.0793 0.9727 -0.2182
vn 0.1061 0.9931 -0.0506
vn 0.0875 0.9936 -0.0709
vn 0.1983 0.9797 0.0293
vn 0.1769 0.9829 0.0501
vn 0.1620 0.9856 0.0491
vn 0.1726 0.9848 0.0214
vn 0.1673 0.9836 -0.0680
vn 0.3406 0.9399 -0.0249
vn 0.1412 0.9874 -0.0712
vn 0.0591 0.9772 -0.2039
vn 0.1933 0.9752 -0.1080
vn -0.0613 -0.9937 0.0934
vn -0.0858 -0.9960 -0.0243
vn -0.1071 -0.9927 0.0559
vn 0.1811 0.9825 0.0445
vn 0.1850 0.9818 0.0435
vn 0.1320 0.9906 0.0367
vn 0.1189 0.9918 0.0469
vn 0.1362 0.9904 0.0255
vn 0.0707 -0.9942 0.0816
vn 0.0978 -0.9930 0.0656
vn 0.0796 -0.9949 0.0624
vn 0.0749 -0.9946 0.0713
vn 0.0232 -0.9982 0.0558
vn 0.0403 -0.9957 0.0829
vn 0.0414 -0.9981 0.0466
vn 0.0166 -0.9996 0.0231
vn 0.0453 -0.9986 0.0274
vn 0.0102 -0.9988 0.0470
vn 0.0422 -0.9979 0.0490
vn 0.0156 -0.9997 0.0183
vn -0.0195 -0.9998 0.0080
vn 0.0129 -0.9989 0.0454
vn -0.0436 -0.9990 -0.0106
vn 0.0092 -0.9987 0.0495
vn -0.0195 -0.9997 -0.0171
vn 0.0078 -0.9998 -0.0201
vn -0.0176 -0.9997 0.0198
vn -0.0094 -0.9999 -0.0098
vn 0.0380 -0.9992 -0.0137
vn 0.0957 -0.9940 0.0525
vn 0.0030 -0.9999 0.0104
vn 0.0184 -0.9998 -0.0092
vn -0.2896 -0.9355 -0.2023
vn 0.2273 -0.8885 0.3986
vn 0.0971 -0.9890 0.1117
vn 0.0700 -0.9927 0.0986
vn 0.0156 -0.9999 -0.0029
vn 0.0195 -0.9998 -0.0044
vn 0.0030 -1.0000 0.0066
vn -0.1534 -0.9856 -0.0709
vn -0.1225 -0.9907 -0.0590
vn -0.1042 -0.9922 -0.0689
vn -0.1085 -0.9922 -0.0618
vn -0.1520 -0.9847 -0.0855
vn -0.1446 -0.9876 -0.0608
vn -0.1560 -0.9845 -0.0803
vn -0.1440 -0.9888 -0.0399
vn -0.0932 -0.9948 -0.0413
vn -0.1070 -0.9918 -0.0693
vn -0.0391 -0.9988 -0.0300
vn 0.0195 -0.9997 0.0152
vn 0.0210 -0.9998 -0.0013
vn 0.0185 -0.9997 0.0146
vn -0.0102 -0.9999 0.0108
vn -0.0106 -0.9999 0.0083
vn -0.1234 -0.9904 -0.0620
vn -0.1184 -0.9901 -0.0750
vn -0.1032 -0.9937 -0.0436
vn -0.1156 -0.9917 -0.0563
vn -0.1043 -0.9935 -0.0462
vn -0.1387 -0.9883 -0.0632
vn -0.1138 -0.9932 -0.0233
vn -0.1171 -0.9912 -0.0616
vn -0.1063 -0.9888 -0.1044
vn -0.1348 -0.9872 -0.0852
vn -0.0839 -0.9965 0.0009
vn -0.0978 -0.9952 0.0005
vn 0.1396 0.9845 0.1066
vn -0.1004 -0.9933 -0.0571
vn -0.1307 -0.9890 -0.0691
vn -0.0999 -0.9934 -0.0563
vn -0.1609 -0.9855 -0.0541
vn -0.1530 -0.9873 -0.0422
vn -0.1564 -0.9872 -0.0315
vn -0.1311 -0.9895 -0.0613
vn -0.1022 -0.9938 -0.0431
vn -0.1487 -0.9866 -0.0675
vn -0.1367 -0.9889 -0.0587
vn -0.0931 -0.9949 -0.0396
vn -0.1015 -0.9942 -0.0361
vn -0.1024 -0.9930 -0.0588
vn -0.1015 -0.9932 -0.0574
vn -0.0943 -0.9949 -0.0351
vn -0.1181 -0.9914 -0.0571
vn -0.0585 -0.9982 -0.0100
vn -0.0523 -0.9979 0.0373
vn -0.0093 -0.9998 -0.0153
vn -0.0512 -0.9978 -0.0431
vn -0.0122 -0.9996 -0.0247
vn -0.0694 -0.9970 -0.0339
vn -0.0835 -0.9964 -0.0113
vn -0.0836 -0.9958 -0.0374
vn -0.0375 -0.9991 -0.0208
vn -0.0823 -0.9963 -0.0252
vn -0.0713 -0.9971 -0.0277
vn -0.0598 -0.9981 -0.0130
vn -0.0426 -0.9987 -0.0270
vn -0.0665 -0.9975 -0.0220
vn 0.0130 -0.9972 0.0740
vn 0.0288 -0.9994 0.0187
vn 0.0741 -0.9967 0.0345
vn -0.0565 -0.9982 -0.0206
vn -0.0309 -0.9995 -0.0102
vn -0.0538 -0.9982 -0.0282
vn -0.0634 -0.9926 -0.1040
vn -0.0726 -0.9969 -0.0292
vn 0.0687 -0.9971 0.0323
vn 0.0721 -0.9969 0.0329
vn 0.0553 -0.9964 0.0644
vn 0.0507 -0.9986 0.0120
vn 0.0574 -0.9977 0.0360
vn 0.0649 -0.9972 0.0374
vn -0.0387 -0.9989 -0.0248
vn -0.0353 -0.9993 -0.0140
vn 0.0814 -0.9966 0.0155
vn 0.0730 -0.9967 0.0343
vn 0.0165 -0.9994 -0.0300
vn 0.0230 -0.9994 -0.0253
vn 0.0664 -0.9976 -0.0191
vn -0.0057 -0.9999 -0.0140
vn 0.0490 -0.9987 0.0156
vn 0.0426 -0.9990 0.0106
vn -0.0263 -0.9957 -0.0885
vn -0.0899 -0.9913 -0.0963
vn -0.0369 -0.9938 -0.1053
vn -0.0145 -0.9867 -0.1619
vn -0.0507 -0.9921 -0.1150
vn -0.0562 -0.9858 -0.1585
vn -0.0570 -0.9938 -0.0950
vn -0.0579 -0.9923 -0.1095
vn -0.0541 -0.9905 -0.1263
vn -0.0616 -0.9915 -0.1145
vn -0.0642 -0.9907 -0.1200
vn -0.0601 -0.9979 -0.0229
vn -0.0837 -0.9929 -0.0840
vn -0.0569 -0.9923 -0.1096
vn -0.0966 -0.9897 -0.1057
vn -0.0584 -0.9966 -0.0587
vn -0.0440 -0.9985 -0.0335
vn -0.0985 -0.9926 -0.0710
vn -0.0896 -0.9950 -0.0438
vn -0.0953 -0.9933 -0.0659
vn -0.0406 -0.9943 -0.0989
vn -0.0683 -0.9948 -0.0756
vn -0.0906 -0.9935 -0.0689
vn -0.1348 -0.9862 -0.0958
vn -0.1208 -0.9890 -0.0854
vn -0.1116 -0.9908 -0.0768
vn -0.1497 -0.9861 -0.0716
vn -0.1412 -0.9839 -0.1094
vn -0.1376 -0.9824 -0.1266
vn -0.1795 -0.9791 -0.0956
vn -0.1668 -0.9802 -0.1064
vn -0.1491 -0.9814 -0.1208
vn -0.1856 -0.9800 -0.0721
vn -0.1488 -0.9835 -0.1027
vn -0.1487 -0.9835 -0.1027
vn -0.1374 -0.9849 -0.1058
vn -0.1430 -0.9855 -0.0917
vn -0.1406 -0.9840 -0.1092
vn -0.1390 -0.9867 -0.0838
vn -0.1492 -0.9835 -0.1022
vn -0.1557 -0.9803 -0.1219
vn -0.1436 -0.9854 -0.0918
vn -0.1996 -0.9721 -0.1234
vn -0.1663 -0.9771 -0.1331
vn -0.1570 -0.9822 -0.1034
vn -0.1652 -0.9813 -0.0985
vn -0.1432 -0.9854 -0.0920
vn -0.1557 -0.9792 -0.1298
vn -0.1534 -0.9838 -0.0927
vn -0.1719 -0.9750 -0.1406
vn -0.1575 -0.9843 -0.0795
vn -0.0048 -0.9993 -0.0375
vn -0.0029 -0.9992 -0.0390
vn 0.0266 -0.9993 -0.0276
vn -0.0063 -0.9996 -0.0257
vn -0.0286 -0.9994 -0.0214
vn -0.0236 -0.9985 -0.0491
vn -0.0666 -0.9967 -0.0463
vn -0.0227 -0.9962 -0.0838
vn -0.0366 -0.9941 -0.1025
vn -0.0373 -0.9960 -0.0817
vn -0.0003 -0.9995 -0.0300
vn -0.0065 -0.9998 -0.0198
vn -0.0563 -0.9984 0.0018
vn -0.0333 -0.9965 -0.0765
vn -0.0543 -0.9931 -0.1040
vn -0.0569 -0.9931 -0.1027
vn -0.0429 -0.9898 -0.1359
vn -0.0375 -0.9959 -0.0829
vn 0.0015 -0.9999 -0.0146
vn -0.0639 -0.9976 -0.0263
vn 0.0362 -0.9968 -0.0707
vn 0.0137 -0.9976 -0.0672
vn 0.0062 -0.9944 -0.1057
vn -0.0218 -0.9956 -0.0911
vn -0.0378 -0.9956 -0.0861
vn -0.0174 -0.9965 -0.0815
vn -0.0590 -0.9872 -0.1484
vn -0.0184 -0.9957 -0.0913
vn -0.0774 -0.9911 -0.1084
vn -0.0426 -0.9923 -0.1161
vn -0.0087 -0.9948 -0.1019
vn -0.0384 -0.9922 -0.1187
vn 0.0402 -0.9992 -0.0041
vn 0.0905 -0.9948 -0.0473
vn 0.0060 -0.9920 -0.1261
vn 0.0480 -0.9971 -0.0585
vn 0.0395 -0.9987 -0.0330
vn 0.0787 -0.9958 -0.0463
vn -0.0131 -0.9981 -0.0595
vn 0.0046 -0.9982 -0.0594
vn -0.0060 -0.9980 -0.0634
vn 0.0024 -0.9971 -0.0761
vn -0.0007 -0.9996 -0.0277
vn 0.0195 -0.9986 -0.0496
vn 0.0177 -0.9988 -0.0452
vn -0.0033 -0.9989 -0.0470
vn 0.0037 -0.9984 -0.0559
vn 0.0026 -0.9983 -0.0582
vn -0.0106 -0.9991 -0.0416
vn 0.0012 -0.9990 -0.0442
vn 0.0099 -0.9981 -0.0603
vn -0.0026 -0.9997 -0.0254
vn -0.0115 -0.9972 -0.0741
vn -0.0096 -0.9973 -0.0721
vn 0.0315 -0.9951 -0.0936
vn 0.0254 -0.9848 0.1721
vn 0.0062 -0.9983 0.0576
vn 0.0036 -0.9978 0.0656
vn 0.0632 -0.9897 0.1281
vn 0.0539 -0.9939 0.0960
vn 0.0336 -0.9890 0.1443
vn 0.0375 -0.9925 0.1161
vn 0.0050 -0.9994 0.0351
vn -0.0091 -0.9995 0.0317
vn -0.0142 -0.9987 0.0483
vn 0.0088 -0.9983 0.0575
vn -0.0011 -0.9979 0.0645
vn 0.0087 -0.9987 0.0510
vn -0.0147 -0.9977 0.0666
vn -0.0201 -0.9942 0.1058
vn -0.0092 -0.9989 0.0454
vn -0.0193 -0.9937 0.1106
vn -0.0133 -0.9989 0.0456
vn -0.0129 -0.9986 0.0519
vn -0.0383 -0.9965 0.0749
vn -0.0439 -0.9854 0.1642
vn -0.0229 -0.9906 0.1346
vn -0.0200 -0.9799 0.1986
vn -0.0144 -0.9835 0.1803
vn -0.0194 -0.9895 0.1431
vn -0.0209 -0.9943 0.1044
vn -0.0266 -0.9836 0.1782
vn -0.0320 -0.9794 0.1996
vn -0.0266 -0.9850 0.1704
vn -0.0280 -0.9882 0.1506
vn -0.0280 -0.9858 0.1658
vn 0.0037 -0.9843 0.1767
vn -0.0061 -0.9914 0.1306
vn 0.0049 -0.9855 0.1697
vn -0.0178 -0.9812 0.1920
vn -0.0107 -0.9879 0.1546
vn 0.0112 -0.9957 0.0919
vn 0.0077 -0.9927 0.1201
vn 0.0140 -0.9991 -0.0397
vn 0.0086 -1.0000 -0.0030
vn -0.0633 -0.9977 0.0256
vn -0.0456 -0.9962 0.0748
vn 0.0189 -0.9966 0.0796
vn -0.0015 -0.9994 -0.0338
vn -0.0018 -1.0000 -0.0079
vn 0.0114 -0.9982 -0.0589
vn -0.0130 -0.9989 -0.0450
vn -0.0179 -0.9991 -0.0375
vn -0.0007 -0.9967 -0.0815
vn 0.0053 -0.9954 -0.0956
vn -0.0152 -0.9967 -0.0795
vn -0.1473 -0.9885 -0.0348
vn -0.1363 -0.9904 -0.0227
vn -0.1752 -0.9836 -0.0423
vn -0.1779 -0.9833 -0.0383
vn -0.1186 -0.9929 0.0109
vn -0.1882 -0.9800 -0.0650
vn -0.1674 -0.9845 -0.0517
vn -0.1869 -0.9811 -0.0506
vn -0.1730 -0.9843 -0.0358
vn -0.1700 -0.9840 -0.0533
vn -0.0878 -0.9914 0.0966
vn -0.1300 -0.9900 -0.0546
vn -0.1257 -0.9919 0.0196
vn -0.0814 -0.9953 0.0530
vn -0.1630 -0.9866 0.0095
vn 0.0415 -0.9608 0.2743
vn -0.1352 -0.9908 -0.0111
vn -0.1327 -0.9910 -0.0154
vn -0.2626 -0.7841 0.5623
vn 0.0335 -0.9861 0.1629
vn -0.0457 -0.9547 -0.2939
vn 0.0273 -0.9865 0.1612
vn -0.0513 -0.9706 0.2350
vn -0.3626 -0.9263 0.1023
vn 0.0115 -0.9717 0.2361
vn 0.0034 -0.9724 0.2333
vn -0.0462 -0.9601 0.2757
vn 0.1237 -0.9918 -0.0334
vn 0.1189 -0.9923 -0.0360
vn 0.1063 -0.9941 -0.0217
vn 0.1186 -0.9923 -0.0364
vn 0.1158 -0.9897 -0.0841
vn 0.1067 -0.9933 -0.0440
vn 0.1174 -0.9927 -0.0275
vn 0.1268 -0.9913 -0.0358
vn 0.0818 -0.9955 -0.0480
vn 0.0533 -0.9986 -0.0058
vn 0.1238 -0.9921 -0.0185
vn 0.1561 -0.9868 -0.0436
vn 0.0792 -0.9963 -0.0320
vn 0.0728 -0.9969 -0.0283
vn 0.0716 -0.9967 -0.0380
vn 0.0321 -0.9991 -0.0293
vn 0.0355 -0.9993 -0.0112
vn -0.0341 -0.9994 0.0029
vn -0.0204 -0.9991 -0.0372
vn 0.0371 -0.9993 -0.0031
vn -0.0106 -0.9999 -0.0076
vn 0.0040 -0.9999 -0.0116
vn 0.0572 -0.9983 -0.0084
vn 0.0029 -1.0000 -0.0054
vn -0.0046 -1.0000 -0.0076
vn -0.0426 -0.9970 -0.0647
vn -0.0825 -0.9963 -0.0224
vn -0.1154 -0.9929 -0.0291
vn -0.0501 -0.9987 0.0047
vn -0.0905 -0.9958 -0.0119
vn -0.0965 -0.9952 -0.0186
vn -0.0934 -0.9956 -0.0076
vn -0.0983 -0.9951 -0.0127
vn -0.0828 -0.9963 -0.0220
vn -0.1386 -0.9903 0.0092
vn -0.1037 -0.9944 -0.0213
vn -0.0825 -0.9966 -0.0007
vn -0.1852 -0.9825 -0.0189
vn -0.1276 -0.9917 -0.0170
vn -0.1816 -0.9834 -0.0053
vn -0.1410 -0.9887 -0.0514
vn -0.1706 -0.9853 -0.0074
vn -0.1822 -0.9831 -0.0143
vn -0.1765 -0.9840 -0.0225
vn -0.1917 -0.9813 -0.0197
vn -0.1648 -0.9856 -0.0366
vn -0.1617 -0.9860 -0.0403
vn -0.1652 -0.9854 -0.0401
vn -0.2120 -0.9724 -0.0971
vn -0.1885 -0.9814 -0.0376
vn -0.1348 -0.9908 -0.0130
vn -0.1199 -0.9926 -0.0205
vn -0.1552 -0.9879 -0.0039
vn -0.0987 -0.9930 -0.0652
vn -0.1372 -0.9892 -0.0515
vn -0.0188 -0.9994 -0.0301
vn -0.0658 -0.9978 0.0106
vn -0.0051 -0.9995 -0.0311
vn -0.0164 -0.9993 -0.0341
vn -0.0597 -0.9980 -0.0187
vn -0.0395 -0.9991 -0.0161
vn -0.1201 -0.9928 -0.0008
vn -0.0497 -0.9988 -0.0049
vn -0.0418 -0.9990 0.0160
vn -0.1225 -0.9910 -0.0548
vn -0.0935 -0.9944 -0.0483
vn -0.2297 -0.9714 -0.0595
vn -0.1968 -0.9790 -0.0524
vn -0.1806 -0.9829 -0.0366
vn -0.1573 -0.9862 -0.0520
vn -0.0544 -0.9984 -0.0135
vn -0.0622 -0.9981 0.0017
vn -0.0523 -0.9986 -0.0106
vn -0.1351 -0.9883 -0.0705
vn -0.2263 -0.9735 -0.0326
vn -0.0096 -0.9863 0.1648
vn 0.0066 -0.9906 0.1369
vn -0.0059 -0.9888 0.1494
vn -0.0047 -0.9894 0.1452
vn -0.0212 -0.9960 0.0865
vn 0.0041 -0.9919 0.1267
vn -0.0003 -0.9853 0.1708
vn -0.0176 -0.9828 0.1838
vn 0.0520 -0.9912 0.1215
vn 0.0304 -0.9951 0.0946
vn 0.0261 -0.9965 0.0794
vn 0.0288 -0.9921 0.1220
vn -0.0303 -0.9988 0.0380
vn -0.0032 -0.9939 0.1101
vn 0.0108 -0.9937 0.1112
vn -0.0097 -0.9997 0.0216
vn -0.0047 -0.9983 0.0573
vn 0.0133 -0.9988 0.0468
vn 0.0368 -0.9960 0.0819
vn 0.0127 -0.9988 0.0479
vn -0.0179 -0.9986 0.0498
vn -0.0298 -0.9990 0.0321
vn -0.0140 -0.9981 0.0607
vn -0.0093 -0.9986 0.0522
vn -0.0097 -0.9993 0.0354
vn -0.0085 -0.9991 0.0410
vn 0.0030 -0.9911 0.1329
vn 0.0453 -0.9929 0.1096
vn 0.0235 -0.9893 0.1439
vn 0.0282 -0.9950 0.0962
vn 0.0146 -0.9956 0.0929
vn 0.0228 -0.9906 0.1345
vn 0.0259 -0.9924 0.1205
vn -0.0130 -0.9935 0.1135
vn -0.0550 -0.9905 0.1261
vn 0.0209 -0.9902 0.1379
vn 0.0046 -0.9901 0.1406
vn 0.0369 -0.9895 0.1395
vn 0.0229 -0.9861 0.1643
vn 0.0331 -0.9852 0.1684
vn 0.0411 -0.9826 0.1812
vn 0.0470 -0.9807 0.1898
vn 0.0657 -0.9849 0.1602
vn 0.0327 -0.9837 0.1771
vn 0.0367 -0.9763 0.2132
vn 0.0409 -0.9831 0.1787
vn 0.0485 -0.9804 0.1912
vn -0.0036 -0.9809 0.1947
vn 0.0037 -0.9772 0.2123
vn 0.0341 -0.9832 0.1794
vn 0.0348 -0.9832 0.1791
vn 0.0442 -0.9756 0.2150
vn 0.0404 -0.9848 0.1688
vn 0.0040 -0.9797 0.2004
vn 0.0437 -0.9846 0.1693
vn 0.1409 -0.9890 -0.0440
vn 0.1375 -0.9896 -0.0434
vn 0.2008 -0.9781 0.0544
vn 0.2050 -0.9785 0.0225
vn 0.2273 -0.9735 -0.0261
vn 0.0548 -0.9984 -0.0140
vn -0.0107 -0.9923 -0.1236
vn 0.1376 -0.9903 0.0185
vn 0.1568 -0.9876 0.0045
vn 0.1064 -0.9877 0.1146
vn 0.1948 -0.9621 -0.1909
vn 0.1461 -0.9892 0.0156
vn 0.0953 -0.9916 0.0871
vn 0.0889 -0.9957 0.0246
vn 0.1035 -0.9939 0.0387
vn 0.0444 -0.9975 0.0548
vn 0.0885 -0.9960 0.0159
vn 0.1008 -0.9898 0.1007
vn 0.0699 -0.9961 0.0546
vn 0.0891 -0.9952 0.0409
vn 0.0643 -0.9979 -0.0016
vn 0.1208 -0.9892 0.0825
vn 0.0461 -0.9986 0.0262
vn 0.0576 -0.9983 0.0036
vn 0.0323 -0.9988 0.0377
vn 0.0006 -0.9929 0.1191
vn 0.0084 -0.9970 0.0769
vn 0.0116 -0.9972 0.0744
vn 0.0151 -0.9961 0.0872
vn 0.0676 -0.9942 0.0842
vn 0.0187 -0.9958 0.0894
vn 0.0173 -0.9962 0.0850
vn 0.0162 -0.9972 0.0736
vn 0.0145 -0.9975 0.0693
vn 0.0370 -0.9926 0.1158
vn -0.0147 -0.9944 0.1043
vn 0.0263 -0.9937 0.1088
vn -0.0374 -0.9952 0.0904
vn 0.0371 -0.9926 0.1153
vn 0.0450 -0.9941 0.0988
vn -0.0803 -0.9927 0.0905
vn -0.0108 -0.9978 0.0652
vn 0.0552 -0.9968 0.0580
vn 0.0153 -0.9989 0.0450
vn 0.0194 -0.9994 0.0295
vn -0.1002 -0.9941 0.0417
vn 0.0153 -0.9989 0.0449
vn 0.0567 -0.9984 0.0029
vn 0.0323 -0.9983 0.0478
vn 0.0364 -0.9985 0.0410
vn 0.0556 -0.9979 -0.0337
vn 0.0742 -0.9971 -0.0139
vn 0.0493 -0.9985 -0.0244
vn 0.0060 -0.9980 0.0635
vn 0.0510 -0.9984 -0.0254
vn 0.0727 -0.9972 0.0149
vn 0.0851 -0.9961 -0.0220
vn 0.0746 -0.9947 -0.0704
vn 0.0166 -0.9955 -0.0937
vn -0.0153 -0.9978 -0.0646
vn 0.0724 -0.9972 -0.0157
vn 0.1134 -0.9877 -0.1078
vn 0.0921 -0.9919 -0.0875
vn 0.0826 -0.9959 -0.0382
vn 0.0958 -0.9948 -0.0349
vn 0.0812 -0.9954 -0.0504
vn 0.0593 -0.9974 -0.0403
vn 0.1424 -0.9854 -0.0937
vn 0.1218 -0.9901 -0.0701
vn 0.0875 -0.9952 -0.0443
vn 0.1509 -0.9864 -0.0655
vn 0.1364 -0.9892 -0.0545
vn 0.1163 -0.9920 -0.0490
vn 0.1386 -0.9880 -0.0679
vn 0.0905 -0.9959 -0.0098
vn 0.1094 -0.9936 -0.0264
vn 0.1722 -0.9808 -0.0911
vn 0.1741 -0.9807 -0.0891
vn 0.1275 -0.9854 -0.1133
vn 0.1316 -0.9910 -0.0232
vn 0.1250 -0.9915 -0.0349
vn 0.1747 -0.9837 -0.0420
vn 0.1568 -0.9870 -0.0348
vn 0.1354 -0.9905 -0.0225
vn 0.1633 -0.9862 0.0266
vn 0.1313 -0.9910 -0.0254
vn 0.1484 -0.9885 -0.0275
vn 0.1514 -0.9885 -0.0028
vn 0.1561 -0.9869 -0.0403
vn 0.1505 -0.9879 -0.0382
vn 0.2197 -0.9737 -0.0606
vn 0.1804 -0.9819 -0.0580
vn 0.1003 -0.9949 -0.0074
vn 0.1408 -0.9899 -0.0161
vn 0.1816 -0.9827 -0.0368
vn 0.1329 -0.9910 -0.0174
vn 0.1202 -0.9923 -0.0306
vn 0.0147 -0.9943 0.1053
vn 0.0048 -0.9968 0.0798
vn 0.0112 -0.9992 0.0382
vn 0.0019 -0.9985 0.0556
vn -0.1133 -0.9878 0.1070
vn 0.0125 -0.9997 -0.0198
vn -0.0294 -0.9954 -0.0915
vn -0.0005 -1.0000 0.0077
vn -0.0278 -0.9995 0.0137
vn 0.0190 -0.9998 0.0075
vn 0.0164 -0.9998 0.0059
vn 0.0188 -0.9998 -0.0043
vn 0.0135 -0.9999 -0.0006
vn -0.0191 -0.9986 -0.0495
vn -0.0162 -0.9981 -0.0594
vn 0.0002 -0.9999 -0.0102
vn 0.0044 -0.9992 -0.0407
vn -0.0122 -0.9979 -0.0644
vn -0.0222 -0.9989 -0.0406
vn 0.0209 -0.9997 0.0149
vn -0.0260 -0.9996 0.0111
vn -0.0083 -0.9997 0.0233
vn -0.0460 -0.9989 0.0086
vn 0.0024 -0.9942 -0.1076
vn 0.0121 -0.9989 -0.0463
vn 0.0128 -0.9994 -0.0330
vn -0.0190 -0.9987 -0.0483
vn 0.0382 -0.9981 -0.0475
vn 0.0438 -0.9973 -0.0585
vn 0.0161 -0.9994 -0.0291
vn 0.0546 -0.9980 -0.0305
vn 0.0535 -0.9967 -0.0614
vn 0.0439 -0.9974 -0.0575
vn -0.0095 -0.9995 -0.0287
vn 0.0707 -0.9973 -0.0203
vn 0.0442 -0.9985 -0.0317
vn 0.0451 -0.9980 -0.0450
vn 0.0925 -0.9863 0.1365
vn 0.0927 -0.9888 0.1167
vn 0.0857 -0.9900 0.1124
vn 0.0774 -0.9779 0.1941
vn 0.1040 -0.9848 0.1394
vn 0.0681 -0.9844 0.1625
vn -0.0241 -0.9771 0.2116
vn 0.0453 -0.9908 0.1276
vn 0.1135 -0.9444 0.3086
vn 0.0357 -0.9901 0.1360
vn 0.0249 -0.9947 0.0999
vn 0.0801 -0.9901 0.1152
vn 0.0218 -0.9927 0.1186
vn 0.0418 -0.9888 0.1434
vn 0.0910 -0.9885 0.1204
vn 0.0087 -0.9952 0.0977
vn 0.0370 -0.9895 0.1397
vn -0.0194 -0.9928 0.1180
vn 0.0136 -0.9953 0.0954
vn 0.0313 -0.9921 0.1213
vn 0.1027 -0.9925 0.0666
vn 0.0141 -0.9953 0.0958
vn 0.0663 -0.9954 0.0697
vn 0.0170 -0.9946 0.1021
vn 0.0295 -0.9930 0.1147
vn 0.0196 -0.9939 0.1089
vn 0.0452 -0.9970 -0.0622
vn 0.0292 -0.9989 -0.0359
vn 0.0063 -1.0000 0.0058
vn 0.0278 -0.9994 -0.0207
vn 0.0285 -0.9991 0.0304
vn 0.0443 -0.9969 0.0656
vn 0.0450 -0.9958 0.0801
vn 0.0649 -0.9849 0.1604
vn 0.0742 -0.9896 0.1235
vn 0.0227 -0.9996 0.0178
vn 0.0291 -0.9992 0.0264
vn 0.0273 -0.9933 0.1124
vn 0.0483 -0.9928 0.1099
vn 0.0745 -0.9897 0.1226
vn 0.0653 -0.9899 0.1257
vn 0.0475 -0.9931 0.1073
vn 0.0451 -0.9958 0.0798
vn 0.0939 -0.9952 0.0271
vn 0.0243 -0.9995 0.0176
vn 0.0520 -0.9986 0.0063
vn 0.0333 -0.9980 -0.0531
vn 0.0333 -0.9986 -0.0402
vn 0.0490 -0.9982 -0.0338
vn -0.0056 -0.9974 -0.0724
vn -0.0048 -0.9973 -0.0730
vn 0.0746 -0.9942 -0.0778
vn 0.1238 -0.9922 -0.0147
vn 0.2461 -0.9645 -0.0963
vn 0.1752 -0.9793 -0.1009
vn 0.1613 -0.9868 -0.0163
vn 0.1753 -0.9840 -0.0315
vn 0.1381 -0.9904 -0.0048
vn 0.1259 -0.9920 -0.0075
vn 0.1418 -0.9858 -0.0895
vn 0.1556 -0.9853 -0.0705
vn 0.0957 -0.9821 -0.1624
vn 0.0767 -0.9821 -0.1723
vn 0.0210 -0.9911 -0.1312
vn 0.1597 -0.9827 -0.0938
vn 0.1556 -0.9795 -0.1278
vn 0.1407 -0.9834 -0.1144
vn 0.0858 -0.9847 -0.1517
vn 0.0587 -0.9845 -0.1653
vn 0.0567 -0.9922 -0.1113
vn 0.0516 -0.9959 -0.0748
vn 0.0545 -0.9925 -0.1092
vn 0.0642 -0.9857 -0.1556
vn 0.0683 -0.9851 -0.1577
vn 0.0161 -0.9913 -0.1303
vn 0.0602 -0.9844 -0.1652
vn 0.0397 -0.9866 -0.1584
vn 0.0585 -0.9966 -0.0573
vn 0.0581 -0.9936 -0.0972
vn 0.0611 -0.9962 -0.0615
vn 0.0726 -0.9866 -0.1462
vn 0.0861 -0.9858 -0.1445
vn 0.0676 -0.9861 -0.1518
vn 0.0605 -0.9943 -0.0875
vn 0.0451 -0.9963 -0.0728
vn 0.0551 -0.9953 -0.0792
vn 0.1721 -0.9839 0.0487
vn 0.1523 -0.9604 0.2333
vn 0.2156 -0.9764 -0.0145
vn 0.1824 -0.9830 -0.0217
vn 0.1252 -0.9913 -0.0410
vn 0.1432 -0.9890 -0.0374
vn 0.1006 -0.9852 0.1386
vn 0.1363 -0.9898 -0.0409
vn 0.2564 -0.9662 0.0278
vn 0.1510 -0.9885 -0.0107
vn 0.1329 -0.9911 0.0069
vn 0.0599 -0.9874 0.1463
vn 0.1454 -0.9546 0.2602
vn 0.0816 -0.9962 0.0311
vn 0.0554 -0.9874 0.1480
vn 0.1454 -0.9810 0.1283
vn 0.0876 -0.9935 0.0724
vn -0.0614 -0.9981 -0.0103
vn 0.1279 -0.9875 0.0925
vn 0.0612 -0.9961 0.0635
vn 0.0238 -0.9994 0.0262
vn 0.0613 -0.9970 0.0469
vn 0.0732 -0.9965 0.0411
vn 0.0436 -0.9951 0.0890
vn 0.0386 -0.9962 0.0779
vn 0.0822 -0.9962 0.0288
vn 0.0518 -0.9973 0.0514
vn 0.0379 -0.9975 0.0600
vn 0.0259 -0.9971 0.0720
vn 0.0961 -0.9943 0.0454
vn 0.0661 -0.9977 0.0134
vn 0.0569 -0.9983 0.0148
vn -0.0246 -0.9994 0.0241
vn 0.0401 -0.9968 0.0686
vn 0.0823 -0.9943 0.0685
vn 0.0485 -0.9964 0.0697
vn 0.0411 -0.9946 0.0951
vn 0.0357 -0.9958 0.0849
vn -0.0461 -0.9989 -0.0103
vn -0.0400 -0.9992 0.0039
vn -0.0303 -0.9995 -0.0088
vn -0.0404 -0.9979 -0.0500
vn -0.0147 -0.9980 -0.0616
vn -0.0363 -0.9989 -0.0304
vn -0.1308 -0.9887 -0.0728
vn 0.0303 -0.9895 -0.1416
vn -0.0691 -0.9976 0.0095
vn -0.0616 -0.9979 -0.0216
vn -0.0861 -0.9919 -0.0934
vn -0.0811 -0.9930 -0.0859
vn -0.1113 -0.9914 -0.0692
vn -0.1097 -0.9914 -0.0707
vn -0.1119 -0.9914 -0.0678
vn -0.0664 -0.9914 -0.1132
vn -0.0790 -0.9881 -0.1319
vn -0.0904 -0.9902 -0.1068
vn -0.0237 -0.9828 -0.1832
vn -0.0579 -0.9983 0.0046
vn -0.1042 -0.9887 -0.1080
vn -0.0521 -0.9947 -0.0889
vn 0.1167 -0.9919 -0.0503
vn 0.0419 -0.9933 -0.1076
vn 0.0977 -0.9659 -0.2398
vn -0.1231 -0.9923 -0.0116
vn 0.1306 -0.9912 -0.0221
vn 0.0242 -0.9993 -0.0286
vn 0.1723 -0.9830 -0.0638
vn -0.0914 -0.9953 -0.0331
vn -0.0199 -0.9978 -0.0627
vn 0.0216 -0.9997 -0.0096
vn 0.0380 -0.9985 -0.0398
vn 0.1330 -0.9906 0.0314
vn 0.1722 -0.9796 -0.1036
vn 0.1843 -0.9828 0.0086
vn -0.0092 -0.9989 0.0453
vn -0.0868 -0.9863 0.1401
vn 0.0841 -0.9933 -0.0790
vn 0.1324 -0.9847 -0.1129
vn 0.1407 -0.9871 -0.0771
vn 0.1129 -0.9922 -0.0537
vn 0.1148 -0.9925 -0.0424
vn 0.1694 -0.9834 -0.0650
vn 0.0484 -0.9976 -0.0504
vn -0.0199 -0.9997 -0.0124
vn 0.1209 -0.9916 -0.0467
vn 0.1171 -0.9917 -0.0540
vn -0.0240 -0.9997 0.0014
vn -0.0116 -0.9999 -0.0037
vn -0.0159 -0.9999 -0.0062
vn -0.0111 -0.9997 -0.0204
vn 0.0374 -0.9992 -0.0118
vn -0.0045 -0.9999 -0.0152
vn 0.0346 -0.9977 -0.0586
vn 0.1570 -0.9819 0.1064
vn 0.0292 -0.9989 -0.0361
vn -0.0158 -0.9994 -0.0320
vn 0.1244 -0.9896 0.0726
vn 0.2205 -0.9650 0.1420
vn 0.0041 -1.0000 -0.0025
vn -0.0124 -0.9997 -0.0187
vn 0.0108 -0.9999 -0.0045
vn -0.0008 -0.9999 -0.0111
vn 0.0006 -0.9999 -0.0148
vn -0.0058 -0.9999 -0.0114
vn -0.0003 -0.9998 -0.0179
vn -0.0063 -0.9996 -0.0266
vn 0.1059 -0.9944 0.0023
vn 0.0515 -0.9982 0.0315
vn 0.0923 -0.9957 0.0099
vn 0.0436 -0.9990 0.0032
vn 0.0347 -0.9993 0.0139
vn 0.0567 -0.9983 0.0095
vn 0.0455 -0.9987 0.0242
vn 0.0064 -0.9996 0.0259
vn 0.0414 -0.9989 0.0235
vn 0.0408 -0.9979 0.0510
vn 0.0146 -0.9995 0.0264
vn 0.0158 -0.9997 0.0165
vn 0.0452 -0.9988 0.0180
vn 0.0147 -0.9997 -0.0207
vn 0.0132 -0.9978 0.0649
vn 0.0688 -0.9976 -0.0028
vn 0.0595 -0.9982 -0.0121
vn 0.0044 -1.0000 0.0037
vn 0.0041 -1.0000 0.0032
vn 0.0107 -0.9999 0.0045
vn 0.0132 -0.9992 0.0385
vn 0.0292 -0.9992 0.0264
vn 0.0628 -0.9968 0.0503
vn 0.0335 -0.9989 0.0323
vn 0.0419 -0.9976 0.0558
vn 0.0473 -0.9970 0.0607
vn 0.0349 -0.9994 -0.0029
vn 0.0437 -0.9987 0.0276
vn -0.0690 -0.9819 -0.1766
vn 0.0721 -0.9950 0.0689
vn 0.0309 -0.9984 0.0470
vn 0.0041 -1.0000 0.0030
vn 0.0275 -0.9987 0.0440
vn 0.0778 -0.9933 0.0854
vn 0.0169 -0.9877 0.1551
vn -0.0072 -0.9986 0.0521
vn -0.0066 -0.9987 0.0508
vn 0.0098 -0.9987 0.0504
vn 0.0537 -0.9968 0.0590
vn 0.0602 -0.9967 0.0551
vn 0.0409 -0.9989 0.0212
vn 0.0478 -0.9980 0.0413
vn 0.0416 -0.9985 0.0351
vn 0.0186 -0.9994 0.0304
vn 0.0507 -0.9986 0.0167
vn 0.0227 -0.9997 0.0038
vn -0.0060 -0.9998 0.0201
vn 0.0574 -0.9978 0.0346
vn 0.0299 -0.9980 0.0552
vn 0.0966 -0.9953 0.0059
vn 0.0534 -0.9979 0.0359
vn 0.0877 -0.9957 0.0304
vn 0.0151 -0.9979 0.0627
vn -0.0008 -0.9997 0.0238
vn 0.0514 -0.9928 0.1080
vn 0.0655 -0.9979 0.0003
vn 0.0775 -0.9952 0.0593
vn 0.0143 -0.9965 0.0822
vn 0.0349 -0.9973 0.0648
vn -0.1343 0.9860 0.0991
vn -0.1030 0.9888 0.1077
vn -0.1322 0.9845 0.1156
vn -0.1368 0.9857 0.0980
vn -0.1018 0.9906 0.0911
vn -0.1289 0.9887 0.0771
vn -0.1922 0.9788 0.0713
vn -0.1361 0.9876 0.0781
vn -0.2168 0.9758 -0.0278
vn -0.0639 0.9952 0.0736
vn -0.1524 0.9873 0.0442
vn -0.0383 0.9978 0.0549
vn -0.1709 0.9837 0.0562
vn -0.1915 0.9810 0.0321
vn -0.1587 0.9863 0.0450
vn -0.2308 0.9722 -0.0390
vn -0.1751 0.9845 0.0050
vn -0.1748 0.9837 0.0434
vn -0.1972 0.9801 0.0226
vn -0.1167 0.9932 0.0040
vn -0.1217 0.9924 -0.0190
vn -0.1163 0.9920 -0.0482
vn -0.1867 0.9819 0.0322
vn -0.1100 0.9939 0.0095
vn -0.1251 0.9921 -0.0136
vn -0.0771 0.9958 -0.0493
vn -0.1307 0.9914 -0.0112
vn -0.1669 0.9858 0.0164
vn -0.2144 0.9679 -0.1314
vn -0.1293 0.9914 -0.0183
vn -0.1756 0.9844 -0.0046
vn -0.1939 0.9802 0.0397
vn -0.1723 0.9850 0.0090
vn -0.0390 0.9992 -0.0003
vn -0.2711 0.9591 -0.0812
vn -0.1290 0.9790 -0.1579
vn -0.1572 0.9862 -0.0512
vn -0.1519 0.9877 -0.0380
vn -0.1890 0.9765 -0.1040
vn -0.0384 0.9809 -0.1908
vn -0.0734 0.9946 -0.0732
vn -0.1212 0.9921 -0.0321
vn -0.1455 0.9862 -0.0787
vn 0.1176 -0.9897 -0.0819
vn 0.0260 -0.9993 -0.0283
vn 0.0268 -0.9995 -0.0136
vn 0.0144 -0.9977 -0.0666
vn 0.0831 -0.9955 -0.0464
vn 0.0814 -0.9962 -0.0294
vn 0.0499 -0.9986 -0.0168
vn 0.0204 -0.9993 -0.0309
vn 0.0208 -0.9993 -0.0315
vn 0.0318 -0.9994 -0.0106
vn 0.0563 -0.9979 0.0331
vn 0.0169 -0.9999 0.0025
vn 0.0375 -0.9986 0.0366
vn 0.0374 -0.9987 0.0350
vn 0.0098 -0.9999 -0.0104
vn 0.1086 -0.9940 -0.0149
vn 0.1188 -0.9925 -0.0281
vn 0.0953 -0.9954 0.0108
vn 0.0970 -0.9952 -0.0103
vn 0.0997 -0.9929 -0.0651
vn 0.1112 -0.9938 -0.0019
vn 0.1265 -0.9919 -0.0119
vn 0.1377 -0.9901 -0.0255
vn 0.1775 -0.9822 -0.0611
vn 0.1582 -0.9853 -0.0646
vn 0.1312 -0.9905 -0.0422
vn 0.1425 -0.9869 -0.0752
vn 0.1866 -0.9809 -0.0547
vn 0.1128 -0.9892 -0.0939
vn 0.0451 -0.9941 0.0985
vn 0.1112 -0.9936 -0.0210
vn 0.0769 -0.9969 0.0157
vn 0.1540 -0.9880 -0.0082
vn 0.0979 -0.9948 0.0268
vn 0.0984 -0.9951 0.0046
vn 0.0798 -0.9968 0.0004
vn 0.0935 -0.9955 -0.0118
vn 0.0481 -0.9922 -0.1147
vn 0.1499 -0.9887 0.0055
vn 0.0690 -0.9958 -0.0609
vn 0.1609 -0.9869 -0.0079
vn 0.0713 -0.9947 -0.0742
vn 0.1167 -0.9921 -0.0464
vn 0.1080 -0.9940 0.0157
vn 0.1180 -0.9928 0.0189
vn 0.1060 -0.9941 0.0242
vn 0.1416 -0.9898 0.0147
vn 0.1469 -0.9890 -0.0178
vn 0.0980 -0.9952 -0.0051
vn 0.1896 -0.9803 -0.0548
vn 0.0970 -0.9952 0.0111
vn 0.0962 -0.9954 0.0028
vn 0.0558 -0.9983 0.0181
vn 0.0680 -0.9976 0.0121
vn 0.1392 -0.9902 -0.0089
vn -0.0429 -0.9874 -0.1520
vn 0.2533 -0.9665 0.0427
vn 0.1601 -0.9868 -0.0224
vn 0.1495 -0.9888 -0.0015
vn 0.1554 -0.9874 -0.0300
vn 0.1550 -0.9879 0.0081
vn 0.1002 -0.9950 0.0003
vn 0.0593 -0.9979 -0.0252
vn 0.1207 -0.9919 0.0402
vn 0.0355 -0.9992 0.0174
vn 0.0327 -0.9992 0.0209
vn 0.0098 -0.9994 0.0318
vn 0.0363 -0.9989 0.0281
vn 0.0177 -0.9994 0.0297
vn 0.0180 -0.9994 0.0284
vn 0.0086 -0.9996 -0.0285
vn 0.0101 -0.9996 -0.0258
vn 0.0293 -0.9993 0.0228
vn -0.0378 -0.9796 -0.1975
vn 0.0081 -0.9992 -0.0379
vn -0.0005 -0.9933 -0.1155
vn 0.0220 -0.9994 0.0262
vn -0.0219 -0.9997 0.0081
vn 0.0302 -0.9994 0.0167
vn -0.0537 -0.9983 0.0210
vn -0.0997 -0.9933 -0.0583
vn -0.0120 -0.9992 0.0376
vn -0.1374 -0.9904 -0.0146
vn -0.0269 -0.9989 0.0392
vn -0.0735 -0.9958 0.0554
vn -0.0643 -0.9964 0.0558
vn -0.1234 -0.9911 0.0493
vn -0.1097 -0.9932 0.0392
vn -0.0806 -0.9949 0.0602
vn -0.0550 -0.9972 0.0511
vn -0.0343 -0.9983 0.0479
vn -0.1561 -0.9853 0.0692
vn -0.1343 -0.9883 0.0727
vn -0.0555 -0.9982 0.0228
vn -0.0604 -0.9978 0.0270
vn -0.0391 -0.9966 0.0722
vn -0.1092 -0.9922 0.0604
vn -0.0958 -0.9938 0.0564
vn -0.2049 -0.9781 -0.0367
vn -0.1147 -0.9933 -0.0167
vn -0.1090 -0.9940 0.0041
vn -0.0919 -0.9957 0.0062
vn -0.1116 -0.9937 0.0050
vn -0.0936 -0.9956 0.0011
vn -0.0526 -0.9984 0.0214
vn -0.0979 -0.9952 0.0030
vn -0.1060 -0.9944 -0.0012
vn -0.0425 -0.9988 0.0235
vn -0.1060 -0.9944 0.0028
vn -0.4722 -0.7564 -0.4526
vn -0.5428 -0.8201 -0.1810
vn -0.5084 -0.8333 -0.2170
vn -0.0658 -0.9970 0.0418
vn -0.0865 -0.9962 -0.0056
vn -0.0490 -0.9920 -0.1160
vn -0.1299 -0.9912 0.0267
vn -0.1437 -0.9884 0.0496
vn -0.1610 -0.9850 -0.0624
vn -0.2522 -0.9674 -0.0236
vn -0.0504 -0.9953 -0.0821
vn -0.0250 -0.9976 -0.0645
vn -0.0091 -0.9987 -0.0500
vn -0.0276 -0.9963 -0.0815
vn -0.0748 -0.9935 -0.0859
vn -0.0660 -0.9976 -0.0213
vn -0.0864 -0.9951 -0.0475
vn -0.0817 -0.9854 -0.1496
vn -0.0847 -0.9963 -0.0130
vn -0.1250 -0.9921 -0.0063
vn -0.0826 -0.9964 -0.0168
vn -0.5049 -0.8377 -0.2081
vn -0.1414 -0.9887 0.0499
vn -0.1415 -0.9891 0.0407
vn -0.0722 -0.9974 -0.0069
vn -0.1331 -0.9903 -0.0410
vn -0.0779 -0.9929 -0.0894
vn -0.0843 -0.9935 -0.0769
vn -0.1137 -0.9931 -0.0299
vn -0.0929 -0.9886 -0.1181
vn -0.1292 -0.9899 -0.0587
vn -0.0602 -0.9979 0.0236
vn -0.1414 -0.9872 -0.0741
vn -0.0865 -0.9870 -0.1354
vn -0.1592 -0.9790 -0.1275
vn -0.1081 -0.9930 -0.0485
vn -0.0183 -0.9998 -0.0109
vn -0.1109 -0.9819 0.1537
vn -0.1815 -0.9617 0.2055
vn -0.1914 -0.9815 0.0087
vn -0.1026 -0.9940 -0.0382
vn -0.2000 -0.9764 -0.0810
vn -0.1034 -0.9944 -0.0238
vn -0.2009 -0.9768 -0.0741
vn -0.1727 -0.9849 0.0068
vn -0.3977 -0.8861 0.2380
vn -0.1491 -0.9780 -0.1461
vn -0.1730 -0.9844 -0.0308
vn -0.0715 -0.9962 -0.0501
vn -0.1210 -0.9898 -0.0757
vn -0.1510 -0.9850 -0.0830
vn -0.0814 -0.9951 -0.0556
vn -0.2008 -0.9795 0.0129
vn -0.1182 -0.9899 -0.0786
vn -0.2055 -0.9785 0.0151
vn -0.2725 -0.9621 0.0111
vn -0.0991 -0.9945 -0.0330
vn -0.2093 -0.9777 0.0152
vn -0.1229 -0.9915 0.0422
vn -0.1703 -0.9845 0.0427
vn -0.1648 -0.9855 0.0403
vn -0.1075 -0.9938 -0.0300
vn -0.1041 -0.9597 -0.2611
vn -0.1700 -0.9854 -0.0004
vn -0.0903 -0.9959 -0.0055
vn -0.0621 -0.9977 -0.0270
vn -0.1893 -0.9807 0.0480
vn -0.0725 -0.9968 -0.0347
vn -0.0940 -0.9955 -0.0126
vn -0.0577 -0.9977 -0.0345
vn -0.0527 -0.9981 -0.0313
vn -0.1005 -0.9936 0.0511
vn -0.1321 -0.9892 0.0637
vn -0.1315 -0.9896 0.0577
vn -0.1182 -0.9920 0.0447
vn -0.2001 -0.9783 0.0537
vn -0.1253 -0.9905 0.0561
vn -0.1322 -0.9889 0.0675
vn -0.1263 -0.9903 0.0578
vn -0.1205 -0.9903 0.0691
vn -0.0686 -0.9976 -0.0040
vn -0.1128 -0.9936 0.0042
vn -0.0834 -0.9961 -0.0275
vn -0.0878 -0.9961 -0.0061
vn -0.0607 -0.9974 -0.0392
vn -0.1901 -0.9806 0.0485
vn -0.0883 -0.9872 0.1328
vn -0.0803 -0.9853 0.1509
vn -0.0824 -0.9916 0.0998
vn -0.1108 -0.9858 0.1259
vn -0.0788 -0.9827 0.1677
vn 0.0511 -0.9898 -0.1332
vn -0.0142 -0.9984 0.0548
vn -0.0094 -0.9983 0.0571
vn 0.0207 -0.9978 0.0635
vn 0.0633 -0.9879 0.1418
vn -0.0286 -0.9985 0.0466
vn 0.0036 -0.9938 0.1110
vn -0.0299 -0.9985 -0.0449
vn -0.0144 -0.9999 0.0005
vn -0.0254 -0.9990 -0.0362
vn 0.0045 -0.9996 0.0286
vn 0.0172 -0.9633 -0.2680
vn -0.1190 -0.9901 -0.0741
vn -0.1445 -0.9872 -0.0680
vn -0.0338 -0.9951 -0.0933
vn -0.1305 -0.9907 -0.0378
vn -0.1496 -0.9866 -0.0654
vn -0.1314 -0.9886 -0.0740
vn -0.1287 -0.9887 -0.0765
vn -0.1302 -0.9887 -0.0741
vn -0.1224 -0.9917 -0.0400
vn -0.1273 -0.9910 -0.0423
vn -0.1295 -0.9889 -0.0725
vn -0.1520 -0.9860 -0.0679
vn -0.1216 -0.9904 -0.0657
vn -0.1468 -0.9861 -0.0777
vn -0.0501 -0.9730 -0.2255
vn -0.0301 -0.9941 -0.1043
vn -0.0527 -0.9970 -0.0564
vn -0.0570 -0.9975 -0.0417
vn -0.0276 -0.9965 -0.0788
vn -0.0027 -0.9946 -0.1035
vn -0.0941 -0.9910 -0.0950
vn -0.0927 -0.9911 -0.0954
vn -0.0534 -0.9974 -0.0483
vn -0.0375 -0.9952 -0.0908
vn -0.1314 -0.9886 -0.0735
vn -0.1434 -0.9866 -0.0773
vn -0.1202 -0.9905 -0.0663
vn -0.1261 -0.9900 -0.0631
vn -0.0408 -0.9928 -0.1128
vn -0.0899 -0.9906 -0.1029
vn -0.0045 -0.9973 -0.0727
vn -0.0513 -0.9955 -0.0796
vn -0.0948 -0.9845 -0.1474
vn -0.1040 -0.9896 -0.0996
vn -0.1238 -0.9863 -0.1087
vn -0.0615 -0.9907 -0.1214
vn -0.0880 -0.9915 -0.0961
vn -0.0273 -0.9996 0.0095
vn 0.0144 -0.9987 0.0479
vn 0.0749 -0.9847 0.1572
vn 0.1654 -0.9835 0.0730
vn -0.0405 -0.9991 0.0126
vn 0.0429 -0.9952 0.0876
vn 0.1019 -0.9945 -0.0235
vn 0.1777 -0.9804 0.0854
vn 0.1349 -0.9907 0.0191
vn 0.1482 -0.9887 0.0203
vn -0.0208 -0.9997 0.0108
vn -0.0265 -0.9996 -0.0121
vn -0.0305 -0.9993 0.0216
vn 0.0303 -0.9994 0.0179
vn -0.0633 -0.9979 -0.0140
vn -0.0487 -0.9983 -0.0327
vn -0.0815 -0.9966 0.0107
vn -0.0859 -0.9963 -0.0012
vn -0.0453 -0.9989 0.0094
vn -0.0575 -0.9983 0.0009
vn -0.0876 -0.9961 0.0111
vn -0.1066 -0.9938 0.0319
vn -0.1425 -0.9789 0.1465
vn 0.1708 -0.9816 0.0853
vn -0.1304 -0.9915 0.0056
vn -0.0698 -0.9975 0.0135
vn -0.1379 -0.9889 0.0547
vn -0.1240 -0.9914 0.0426
vn 0.0123 -0.9999 0.0052
vn -0.3080 -0.9450 0.1101
vn -0.1477 -0.9882 -0.0405
vn -0.2116 -0.9768 0.0338
vn -0.0662 -0.9960 0.0595
vn -0.1349 -0.9902 0.0365
vn -0.0389 -0.9987 -0.0340
vn -0.0292 -0.9990 0.0349
vn -0.0828 -0.9966 -0.0042
vn -0.0987 -0.9951 0.0066
vn -0.0302 -0.9995 -0.0073
vn -0.1696 0.9645 0.2025
vn -0.4311 0.9006 0.0546
vn -0.3831 0.9027 0.1957
vn 0.0212 0.9547 -0.2970
vn -0.1938 0.9809 -0.0179
vn -0.4987 0.8629 0.0820
vn -0.4310 0.8840 0.1811
vn -0.0223 0.9955 -0.0916
vn 0.0062 0.9933 -0.1155
vn 0.0102 0.9873 -0.1584
vn -0.1527 0.9700 -0.1893
vn -0.0166 0.9998 0.0148
vn -0.2084 0.9778 -0.0208
vn -0.3651 0.9254 0.1016
vn -0.0198 0.9934 -0.1128
vn -0.3871 0.9124 0.1327
vn -0.3875 0.9206 0.0478
vn -0.0280 0.9589 -0.2824
vn -0.0281 0.9593 -0.2811
vn 0.1799 0.9814 -0.0677
vn -0.1282 0.9706 -0.2038
vn -0.0418 0.9984 -0.0372
vn -0.0135 0.9769 -0.2133
vn -0.0622 0.9780 -0.1991
vn -0.1316 0.9699 -0.2049
vn -0.1874 0.9609 -0.2036
vn -0.0683 0.9864 -0.1494
vn -0.5641 0.8223 0.0754
vn -0.3967 0.9172 0.0374
vn -0.0977 0.9491 -0.2995
vn -0.1061 0.9600 -0.2593
vn -0.1666 0.9692 0.1817
vn 0.0162 0.9643 0.2642
vn -0.0594 0.9316 0.3586
vn -0.2881 0.9272 0.2393
vn 0.0655 0.9951 -0.0734
vn 0.0237 0.9759 -0.2171
vn 0.0089 0.9801 -0.1984
vn -0.0224 0.9691 -0.2457
vn -0.0240 0.9688 -0.2466
vn 0.8494 0.5265 -0.0370
vn 0.9397 0.2468 0.2368
vn 0.0327 0.9761 0.2148
vn 0.0577 0.9961 0.0671
vn 0.0590 0.9134 -0.4028
vn -0.0127 0.9858 0.1672
vn 0.0408 0.9977 0.0542
vn 0.0585 0.9899 0.1290
vn 0.0360 0.9926 0.1161
vn 0.0098 0.9940 0.1089
vn 0.0157 0.9863 0.1640
vn 0.0077 0.9516 0.3074
vn -0.0211 0.9862 0.1644
vn -0.0081 0.9880 0.1544
vn 0.0550 0.9980 -0.0321
vn -0.1613 0.9857 -0.0482
vn -0.6600 -0.5519 -0.5097
vn -0.7840 -0.5657 -0.2555
vn -0.1751 -0.9842 0.0282
vn -0.1806 -0.9550 -0.2353
vn -0.3308 -0.8932 -0.3046
vn -0.2181 -0.8739 -0.4344
vn -0.2898 -0.8860 -0.3619
vn -0.1912 -0.9763 -0.1019
vn -0.0272 -0.9495 -0.3127
vn -0.1471 -0.9215 -0.3595
vn -0.2279 -0.9372 -0.2639
vn -0.0536 -0.9984 0.0197
vn -0.1048 -0.9862 -0.1284
vn -0.1764 -0.9736 -0.1450
vn -0.1575 -0.9751 -0.1563
vn -0.1857 -0.9689 -0.1637
vn -0.1670 -0.9753 -0.1445
vn -0.0549 0.9959 -0.0720
vn 0.2704 0.9624 -0.0240
vn 0.1629 0.9836 0.0777
vn -0.1294 0.9878 0.0868
vn -0.0660 0.9975 -0.0259
vn -0.0137 0.9997 -0.0180
vn -0.0482 0.9966 0.0670
vn 0.0655 0.9844 -0.1631
vn -0.0895 0.9953 -0.0371
vn -0.0962 0.9934 -0.0628
vn -0.1118 0.9895 -0.0913
vn -0.1422 0.9817 -0.1267
vn -0.1835 0.9495 -0.2543
vn -0.0101 0.9981 0.0608
vn 0.0278 0.9993 0.0265
vn -0.0032 0.9999 0.0112
vn -0.0619 0.9978 -0.0228
vn 0.2269 0.9739 -0.0079
vn -0.1425 0.9659 -0.2160
vn -0.0047 0.9983 0.0584
vn 0.0210 0.9990 0.0403
vn -0.0510 0.9973 -0.0529
vn 0.0307 0.9993 0.0222
vn -0.0005 0.9998 0.0209
vn -0.1468 0.9857 0.0831
vn 0.0109 0.9997 -0.0220
vn 0.0224 0.9997 0.0039
vn 0.0830 0.9965 -0.0056
vn 0.0329 0.9990 0.0317
vn 0.0212 0.9996 0.0183
vn 0.0157 0.9999 -0.0039
vn 0.0645 0.9979 -0.0090
vn 0.0648 0.9969 0.0442
vn 0.0287 0.9994 0.0205
vn 0.0242 0.9997 0.0058
vn 0.0371 0.9964 0.0760
vn 0.0983 0.8641 -0.4936
vn -0.0701 0.9516 -0.2992
vn 0.0301 0.9930 -0.1144
vn 0.0551 0.9978 0.0355
vn 0.0453 0.9988 0.0205
vn 0.0272 0.9986 0.0443
vn -0.0092 0.9620 -0.2730
vn 0.0746 0.9972 0.0032
vn 0.0102 0.9956 0.0933
vn 0.0302 0.9973 0.0670
vn -0.4884 0.4689 0.7359
vn -0.2536 0.9140 0.3168
vn -0.3804 0.5282 0.7592
vn -0.2561 0.4409 0.8603
vn -0.0743 0.9226 0.3786
vn -0.4815 0.8369 0.2602
vn 0.0909 0.9647 0.2473
vn -0.1307 0.9878 0.0843
vn 0.0098 0.9560 0.2933
vn 0.5031 0.8200 0.2730
vn -0.0620 0.9196 0.3880
vn -0.2116 0.9716 0.1063
vn 0.0276 0.9979 0.0593
vn 0.0739 0.9906 -0.1153
vn -0.0759 0.9829 -0.1676
vn 0.3594 0.9148 -0.1844
vn -0.0029 0.9973 -0.0737
vn 0.0621 0.9728 0.2231
vn 0.0376 0.9751 0.2185
vn 0.1976 0.9767 -0.0831
vn -0.0891 0.9589 -0.2692
vn 0.1837 0.9807 -0.0664
vn 0.0871 0.9495 0.3016
vn 0.0177 0.9715 0.2363
vn 0.1672 0.9859 0.0045
vn 0.0704 0.9963 0.0499
vn -0.1178 0.9927 0.0254
vn -0.0497 0.9974 -0.0519
vn 0.1353 0.6294 -0.7652
vn -0.0174 0.9927 0.1193
vn 0.2765 0.9600 -0.0435
vn 0.0896 0.9639 0.2509
vn 0.1441 0.9896 0.0009
vn 0.2344 0.9682 -0.0880
vn 0.2795 0.9586 -0.0539
vn -0.1926 0.9234 0.3321
vn -0.0687 0.9653 0.2520
vn 0.0305 0.9948 0.0970
vn -0.0453 0.9932 0.1071
vn -0.0320 0.9986 0.0414
vn -0.0240 0.9952 -0.0953
vn -0.0115 0.9978 -0.0655
vn 0.0729 0.9950 0.0678
vn -0.1968 0.9722 -0.1270
vn -0.1729 0.9805 -0.0931
vn -0.1846 0.9797 -0.0776
vn -0.1260 0.9793 -0.1584
vn -0.1471 0.9830 -0.1102
vn -0.1538 0.9859 -0.0662
vn -0.1716 0.9791 -0.1094
vn -0.1878 0.9644 -0.1860
vn -0.1696 0.9795 -0.1086
vn -0.1597 0.9620 -0.2214
vn -0.3305 0.9231 -0.1968
vn -0.1458 0.9820 -0.1201
vn -0.1840 0.9819 -0.0439
vn -0.1798 0.9699 -0.1643
vn -0.1846 0.9797 -0.0775
vn -0.4800 0.8749 -0.0644
vn -0.1596 0.9782 -0.1327
vn -0.0840 0.9869 -0.1375
vn -0.1336 0.9910 -0.0111
vn -0.1388 0.9898 0.0329
vn -0.1015 0.9946 0.0219
vn -0.0766 0.9948 -0.0665
vn -0.0842 0.9962 -0.0208
vn -0.0702 0.9738 0.2162
vn -0.1889 0.9785 0.0829
vn -0.1094 0.9929 0.0472
vn -0.0761 0.9957 0.0528
vn -0.1281 0.9918 0.0009
vn -0.0771 0.9970 0.0007
vn -0.0816 0.9784 0.1897
vn -0.0907 0.9926 0.0802
vn -0.0957 0.9885 0.1175
vn -0.0656 0.9965 0.0523
vn -0.0126 0.9293 0.3691
vn -0.0525 0.8918 0.4494
vn -0.0722 0.9846 0.1589
vn -0.2205 0.9647 0.1440
vn -0.0811 0.9763 0.2005
vn -0.0808 0.9762 0.2011
vn -0.1114 0.9470 0.3012
vn -0.1246 0.9476 0.2940
vn -0.0198 0.9653 0.2604
vn -0.0209 0.8113 0.5842
vn -0.0538 0.9478 0.3144
vn 0.0570 0.9783 0.1991
vn 0.0204 0.9478 0.3182
vn -0.0174 0.9454 0.3254
vn 0.1464 0.9149 0.3762
vn 0.0955 0.9469 0.3072
vn 0.3001 0.9371 0.1783
vn 0.1188 0.9110 0.3950
vn 0.0709 0.9588 0.2752
vn 0.0195 0.9739 0.2261
vn 0.3183 0.9480 -0.0068
vn 0.1652 0.9558 0.2433
vn 0.0819 0.9743 0.2099
vn -0.0754 0.9847 0.1569
vn 0.0944 0.9658 -0.2414
vn -0.0298 0.9995 0.0064
vn 0.0245 0.9827 0.1836
vn -0.0952 0.9023 0.4205
vn 0.0719 0.9679 0.2407
vn 0.1188 0.9809 0.1544
vn 0.1016 0.9279 0.3587
vn 0.0854 0.8898 0.4484
vn -0.0504 0.9810 -0.1871
vn 0.0402 0.9853 0.1663
vn 0.8683 0.4949 0.0344
vn 0.8781 0.4766 -0.0431
vn 0.7608 0.6448 0.0734
vn -0.0103 0.9892 0.1459
vn 0.0991 0.9871 0.1258
vn 0.0185 0.9894 0.1437
vn -0.0828 0.9029 0.4217
vn 0.0735 0.9166 0.3930
vn -0.0381 0.8728 0.4867
vn 0.1184 0.9785 0.1688
vn -0.0512 0.9936 0.1011
vn 0.0171 0.9893 0.1451
vn 0.1987 0.8295 0.5219
vn -0.0404 0.9764 0.2119
vn -0.0204 0.9961 0.0864
vn 0.1884 0.9820 0.0144
vn 0.2705 0.9602 0.0701
vn -0.0031 1.0000 0.0043
vn -0.0298 0.9972 0.0691
vn 0.0185 0.9960 0.0879
vn 0.0103 0.9976 0.0692
vn -0.0561 0.9884 0.1412
vn -0.0324 0.9855 0.1663
vn -0.0467 0.9961 0.0742
vn -0.1307 0.9890 0.0690
vn -0.2735 0.9584 0.0812
vn -0.2540 0.9658 0.0529
vn -0.1819 0.9617 0.2050
vn -0.0981 0.9940 0.0487
vn -0.0595 0.9959 0.0684
vn 0.2023 0.8998 0.3864
vn 0.0467 0.9857 0.1619
vn -0.0441 0.9971 0.0628
vn -0.0074 0.9932 0.1159
vn 0.0903 0.9397 0.3300
vn 0.4393 0.8226 0.3611
vn 0.2034 -0.9734 -0.1053
vn 0.1380 -0.8138 -0.5646
vn 0.1450 -0.7918 -0.5934
vn 0.0191 -0.9998 -0.0110
vn 0.1313 -0.9757 -0.1754
vn 0.0086 -0.9997 0.0233
vn 0.0322 -0.9985 0.0442
vn -0.0233 -0.9955 0.0920
vn 0.0283 -0.9981 0.0538
vn 0.0469 -0.7212 -0.6911
vn 0.0633 -0.9963 -0.0582
vn 0.2227 -0.9748 -0.0146
vn -0.1271 -0.9898 -0.0644
vn -0.0812 -0.9949 -0.0601
vn -0.0052 -0.9957 0.0926
vn 0.0872 -0.9914 0.0975
vn 0.1019 -0.9925 0.0671
vn 0.1011 -0.9912 0.0849
vn -0.0835 -0.9947 -0.0592
vn 0.0144 -0.9999 0.0073
vn 0.0210 -0.9996 -0.0189
vn 0.2915 -0.9528 -0.0850
vn 0.0174 -0.9991 -0.0383
vn 0.1037 -0.9742 0.2003
vn 0.0417 -0.9991 0.0060
vn 0.0562 -0.9979 -0.0332
vn 0.1709 -0.9852 -0.0128
vn 0.6248 -0.7808 0.0002
vn -0.1713 -0.9620 -0.2124
vn -0.5313 -0.6586 0.5329
vn -0.3728 -0.9183 -0.1334
vn 0.6699 -0.7386 -0.0762
vn -0.1586 -0.8173 0.5540
vn -0.2183 -0.9464 0.2379
vn -0.0090 -0.9959 0.0901
vn 0.7361 -0.6749 0.0527
vn 0.0343 -0.9827 0.1819
vn 0.1868 -0.9817 -0.0366
vn 0.2242 -0.9744 -0.0167
vn 0.1573 -0.9874 -0.0171
vn 0.1521 -0.9877 -0.0361
vn 0.0505 -0.9954 -0.0811
vn 0.3551 -0.8827 0.3077
vn 0.2659 -0.9606 -0.0809
vn 0.1986 -0.9793 0.0390
vn 0.1736 -0.9793 -0.1040
vn 0.2054 -0.9754 -0.0805
vn 0.2493 -0.9641 -0.0917
vn 0.1957 -0.9759 -0.0964
vn 0.2359 -0.9677 -0.0894
vn 0.2514 -0.9637 -0.0903
vn 0.1949 -0.9778 -0.0772
vn 0.1363 -0.9900 -0.0370
vn 0.1559 -0.9867 -0.0468
vn 0.1323 -0.9899 -0.0511
vn 0.1362 -0.9898 -0.0419
vn 0.1405 -0.9888 -0.0510
vn 0.1538 -0.9864 -0.0571
vn 0.1541 -0.9862 -0.0610
vn 0.1486 -0.9874 -0.0542
vn 0.1932 -0.9795 -0.0565
vn 0.1443 -0.9872 -0.0683
vn 0.1606 -0.9847 -0.0670
vn 0.1757 -0.9831 -0.0507
vn 0.1834 -0.9806 -0.0697
vn 0.1627 -0.9854 -0.0492
vn 0.1255 -0.9903 -0.0591
vn 0.0434 -0.9855 -0.1640
vn 0.1237 -0.9875 -0.0973
vn 0.0826 -0.9914 -0.1016
vn 0.0481 -0.9892 -0.1381
vn 0.1794 -0.9804 -0.0809
vn 0.1862 -0.9800 -0.0699
vn 0.1237 -0.9905 -0.0602
vn 0.2084 -0.9765 -0.0559
vn 0.1335 -0.9858 -0.1021
vn 0.0260 -0.9929 -0.1158
vn 0.0131 -0.9999 -0.0058
vn -0.1891 -0.9231 -0.3348
vn 0.0544 -0.9949 -0.0849
vn 0.0585 -0.9954 -0.0763
vn -0.1690 -0.9415 0.2915
vn 0.2435 -0.9382 -0.2459
vn 0.5266 -0.8498 -0.0242
vn 0.4184 -0.8960 -0.1487
vn -0.0359 -0.9984 -0.0444
vn 0.0640 -0.9976 -0.0250
vn 0.3758 -0.9222 0.0907
vn 0.1947 -0.9716 0.1343
vn -0.0944 -0.9948 0.0393
vn -0.0249 -0.9988 0.0422
vn 0.0127 -0.9999 -0.0025
vn -0.1448 -0.9894 -0.0138
vn -0.2729 -0.8950 0.3528
vn 0.0518 -0.9967 -0.0629
vn 0.0518 -0.9967 -0.0620
vn 0.0551 -0.9967 -0.0589
vn -0.0514 -0.9964 -0.0677
vn 0.0110 -0.9978 -0.0654
vn 0.0800 -0.9968 -0.0021
vn 0.0601 -0.9941 -0.0899
vn 0.0299 -0.9940 -0.1056
vn 0.0565 -0.9929 -0.1045
vn 0.0248 -0.9936 -0.1102
vn 0.0468 -0.9924 -0.1138
vn 0.0235 -0.9960 -0.0865
vn 0.0103 -0.9948 -0.1013
vn 0.0693 -0.9896 -0.1262
vn 0.0085 -0.9970 -0.0774
vn 0.0795 -0.9900 -0.1166
vn 0.0801 -0.9891 -0.1232
vn 0.0221 -0.9929 -0.1167
vn 0.0377 -0.9887 -0.1449
vn 0.0154 -0.9909 -0.1339
vn 0.0273 -0.9872 -0.1569
vn 0.0330 -0.9881 -0.1504
vn 0.0391 -0.9878 -0.1509
vn 0.0081 -0.9893 -0.1460
vn 0.0355 -0.9883 -0.1481
vn 0.0152 -0.9901 -0.1393
vn 0.0060 -0.9896 -0.1440
vn 0.0203 -0.9880 -0.1534
vn 0.0166 -0.9876 -0.1562
vn 0.0320 -0.9886 -0.1472
vn 0.0162 -0.9920 -0.1248
vn 0.0497 -0.9956 -0.0797
vn 0.0428 -0.9915 -0.1228
vn 0.0437 -0.9914 -0.1231
vn 0.0610 -0.9920 -0.1107
vn 0.0330 -0.9919 -0.1223
vn 0.0024 -0.9944 -0.1058
vn 0.0112 -0.9953 -0.0966
vn -0.0009 -0.9952 -0.0982
vn 0.0063 -0.9960 -0.0893
vn 0.1114 -0.9826 -0.1486
vn 0.0257 -0.9993 -0.0278
vn 0.0323 -0.9964 -0.0788
vn -0.0333 -0.9981 -0.0519
vn 0.0393 -0.9962 -0.0783
vn -0.0060 -0.9996 -0.0294
vn -0.0299 -0.9990 -0.0340
vn -0.0450 -0.9976 -0.0521
vn -0.0344 -0.9994 0.0022
vn -0.0348 -0.9994 0.0019
vn -0.0467 -0.9980 -0.0427
vn -0.0141 -0.9953 -0.0963
vn -0.0224 -0.9989 -0.0421
vn -0.0507 -0.9975 -0.0497
vn -0.0096 -0.9996 -0.0255
vn -0.0456 -0.9977 -0.0496
vn 0.0124 -0.9923 -0.1229
vn 0.0401 -0.9912 -0.1260
vn -0.0116 -0.9943 -0.1062
vn -0.0256 -0.9930 -0.1151
vn 0.0045 -0.9920 -0.1263
vn 0.0493 -0.9911 -0.1237
vn 0.0079 -0.9898 -0.1421
vn 0.0292 -0.9930 -0.1143
vn 0.0340 -0.9928 -0.1146
vn 0.0093 -0.9918 -0.1276
vn 0.0357 -0.9877 -0.1524
vn 0.0332 -0.9901 -0.1364
vn -0.0282 -0.9922 -0.1212
vn 0.0337 -0.9881 -0.1498
vn 0.0463 -0.9905 -0.1294
vn 0.0239 -0.9904 -0.1365
vn 0.1640 -0.9594 -0.2295
vn -0.0075 -1.0000 0.0048
vn 0.4649 -0.8564 0.2245
vn 0.4893 -0.8591 0.1504
vn 0.1041 -0.9754 0.1944
vn 0.0917 -0.9957 0.0151
vn -0.0041 -0.9997 -0.0257
vn -0.0172 -0.9895 0.1437
vn -0.0663 -0.9978 0.0072
vn -0.0395 -0.9980 0.0502
vn -0.0348 -0.9990 0.0291
vn -0.1406 -0.9871 -0.0766
vn -0.0436 -0.9958 -0.0800
vn -0.0680 -0.9972 -0.0321
vn -0.0417 -0.9958 -0.0816
vn -0.0626 -0.9976 -0.0287
vn -0.0570 -0.9977 -0.0361
vn -0.1359 -0.9897 -0.0442
vn -0.1255 -0.9908 -0.0501
vn -0.0600 -0.9974 -0.0392
vn -0.1159 -0.9875 -0.1071
vn -0.0783 -0.9946 -0.0678
vn -0.0922 -0.9949 -0.0396
vn -0.0992 -0.9943 -0.0379
vn -0.0881 -0.9961 -0.0012
vn -0.1000 -0.9947 -0.0249
vn -0.1345 -0.9898 -0.0477
vn -0.0989 -0.9946 -0.0317
vn -0.1269 -0.9911 -0.0412
vn -0.1279 -0.9908 -0.0436
vn -0.0706 -0.9967 -0.0407
vn -0.1165 -0.9922 -0.0455
vn -0.1185 -0.9919 -0.0457
vn -0.0367 -0.9986 -0.0377
vn -0.0912 -0.9948 -0.0461
vn -0.1010 -0.9915 0.0817
vn -0.0491 -0.9988 -0.0002
vn -0.0480 -0.9980 -0.0414
vn -0.0456 -0.9982 -0.0400
vn -0.0490 -0.9983 0.0325
vn -0.1355 -0.9898 0.0443
vn -0.0428 -0.9974 -0.0587
vn -0.0521 -0.9983 -0.0265
vn 0.0313 -0.9970 -0.0708
vn -0.0497 -0.9978 -0.0433
vn -0.0485 -0.9980 -0.0410
vn -0.0776 -0.9962 0.0401
vn -0.0569 -0.9953 0.0779
vn -0.0532 -0.9986 -0.0008
vn 0.0148 -0.9991 -0.0397
vn -0.0710 -0.9974 0.0155
vn -0.0497 -0.9978 -0.0429
vn -0.0018 -0.9994 0.0350
vn -0.0537 -0.9979 0.0353
vn 0.0248 -0.9975 -0.0661
vn 0.0128 -0.9985 -0.0542
vn 0.0299 -0.9981 -0.0547
vn 0.0151 -0.9991 -0.0396
vn 0.0123 -0.9999 0.0101
vn -0.0056 -0.9992 -0.0407
vn 0.0188 -0.9984 -0.0543
vn 0.0159 -0.9991 -0.0403
vn 0.0375 -0.9976 -0.0578
vn 0.0276 -0.9980 -0.0569
vn -0.4068 -0.8692 0.2812
vn -0.1144 -0.9128 0.3921
vn -0.1097 -0.9498 0.2931
vn -0.0458 -0.9800 0.1935
vn -0.0608 -0.9775 0.2019
vn -0.2681 -0.9571 0.1095
vn -0.1897 -0.9390 0.2870
vn -0.1512 -0.9806 0.1247
vn -0.3558 -0.9261 0.1257
vn -0.2274 -0.9319 0.2828
vn -0.2278 -0.9710 0.0730
vn -0.0618 -0.9821 0.1781
vn -0.0777 -0.9666 0.2442
vn -0.0451 -0.9799 0.1943
vn -0.0504 -0.9799 0.1932
vn -0.3528 -0.9338 0.0590
vn -0.2620 -0.9562 0.1305
vn -0.3687 -0.9248 0.0940
vn -0.2636 -0.9602 0.0923
vn -0.6450 -0.7618 -0.0604
vn -0.2262 -0.9740 0.0113
vn 0.0209 -0.9989 0.0425
vn 0.0333 -0.9992 0.0232
vn -0.0172 -0.9998 -0.0067
vn 0.0099 -0.9999 -0.0043
vn 0.0242 -0.9995 -0.0223
vn 0.0161 -0.9993 0.0348
vn -0.0153 -0.9995 0.0274
vn -0.0264 -0.9988 0.0410
vn 0.0190 -0.9928 0.1184
vn -0.0213 -0.9987 -0.0467
vn -0.0070 -0.9918 0.1275
vn -0.0289 -0.9982 -0.0531
vn -0.0020 -1.0000 -0.0026
vn -0.0217 -0.9836 0.1792
vn -0.0450 -0.9825 0.1806
vn 0.0151 -0.9995 -0.0266
vn -0.0288 -0.9988 -0.0396
vn -0.0290 -0.9986 -0.0434
vn -0.0533 -0.9974 -0.0489
vn -0.0009 -0.9999 0.0108
vn 0.0111 -0.9999 -0.0026
vn -0.0327 -0.9985 -0.0441
vn -0.0315 -0.9987 -0.0406
vn -0.0079 -0.9998 -0.0191
vn 0.0052 -0.9999 -0.0137
vn 0.0042 -0.9999 -0.0156
vn 0.0037 -0.9999 -0.0152
vn 0.0092 -1.0000 -0.0026
vn 0.0028 -0.9998 -0.0181
vn 0.0094 -1.0000 -0.0011
vn 0.0224 -0.9988 -0.0434
vn 0.0095 -0.9991 -0.0409
vn 0.0120 -0.9997 -0.0198
vn -0.0825 -0.9964 0.0205
vn -0.0024 -1.0000 -0.0025
vn -0.0041 -0.9983 -0.0576
vn -0.0167 -0.9998 -0.0091
vn 0.0154 -0.9991 -0.0401
vn -0.0167 -0.9992 -0.0363
vn -0.0536 -0.9986 0.0032
vn -0.0199 -0.9982 0.0561
vn -0.1143 -0.9898 0.0849
vn -0.0506 -0.9980 0.0384
vn -0.0814 -0.9965 0.0214
vn -0.0164 -0.9983 0.0566
vn 0.0597 -0.9980 -0.0195
s 0
f 2349//1 2348//1 2345//1
f 2029//2 2028//2 2030//2
f 2314//3 2027//3 2026//3
f 2318//4 2316//4 2320//4
f 2020//5 2330//5 2321//5
f 2304//6 2296//6 1994//6
f 2328//7 2326//7 2332//7
f 1991//8 2203//8 2299//8
f 2299//9 2296//9 1995//9
f 2191//10 2103//10 2100//10
f 2085//11 2088//11 2087//11
f 1766//12 1764//12 2078//12
f 1764//13 2081//13 1774//13
f 2097//14 1782//14 2099//14
f 2082//15 2083//15 2080//15
f 2178//16 2179//16 2180//16
f 2249//17 2242//17 2243//17
f 2253//18 2255//18 2252//18
f 2175//19 2173//19 2168//19
f 2159//20 2163//20 2160//20
f 2155//21 2150//21 2151//21
f 2146//22 2145//22 2147//22
f 2141//23 2129//23 2143//23
f 2130//24 2126//24 2127//24
f 2133//25 2135//25 2136//25
f 1817//26 1818//26 2137//26
f 1819//27 1941//27 1818//27
f 1942//28 2259//28 2258//28
f 2262//29 2264//29 1944//29
f 1954//30 2273//30 2271//30
f 2279//31 1964//31 1959//31
f 2280//32 2279//32 2278//32
f 1966//33 1963//33 2281//33
f 2283//34 2284//34 1979//34
f 1988//35 1989//35 2289//35
f 1969//36 1970//36 1967//36
f 1974//37 1972//37 1973//37
f 2400//38 2397//38 2064//38
f 2070//39 1977//39 1976//39
f 2398//40 2386//40 2394//40
f 2391//41 2390//41 2392//41
f 2045//42 2046//42 2051//42
f 2364//43 2365//43 2048//43
f 2354//44 2360//44 2352//44
f 2372//45 2373//45 2374//45
f 2359//46 2361//46 2360//46
f 1806//47 2119//47 2120//47
f 2105//48 2108//48 2106//48
f 2111//49 2109//49 1798//49
f 2191//50 1793//50 2108//50
f 1866//51 1793//51 2191//51
f 2193//52 1875//52 1874//52
f 1868//53 1799//53 1867//53
f 2302//54 2306//54 2307//54
f 2307//55 2306//55 2039//55
f 2202//56 2305//56 1998//56
f 2195//57 2200//57 2199//57
f 1871//58 1872//58 2200//58
f 1871//59 2192//59 1872//59
f 1886//60 2204//60 2309//60
f 2225//61 2228//61 2227//61
f 1902//62 1901//62 2217//62
f 2310//63 2042//63 1899//63
f 2205//64 2206//64 2212//64
f 320//65 321//65 314//65
f 311//66 312//66 309//66
f 297//67 299//67 301//67
f 333//68 331//68 332//68
f 318//69 319//69 328//69
f 325//70 324//70 323//70
f 355//71 356//71 354//71
f 358//72 359//72 357//72
f 335//73 338//73 330//73
f 342//74 341//74 340//74
f 344//75 348//75 350//75
f 347//76 367//76 364//76
f 372//77 373//77 363//77
f 371//78 363//78 372//78
f 378//79 381//79 382//79
f 393//80 391//80 384//80
f 399//81 400//81 404//81
f 429//82 430//82 427//82
f 458//83 471//83 470//83
f 517//84 519//84 511//84
f 525//85 526//85 528//85
f 586//86 583//86 580//86
f 622//87 631//87 625//87
f 614//88 611//88 613//88
f 620//89 612//89 610//89
f 701//90 703//90 693//90
f 720//91 718//91 717//91
f 1065//92 1064//92 1062//92
f 786//93 784//93 785//93
f 837//94 840//94 838//94
f 885//95 883//95 882//95
f 916//96 919//96 921//96
f 931//97 939//97 930//97
f 1070//98 1069//98 1072//98
f 1102//99 1101//99 1100//99
f 1013//100 1014//100 1015//100
f 980//101 981//101 988//101
f 1222//102 1223//102 1224//102
f 1043//103 1041//103 1042//103
f 1021//104 1020//104 1022//104
f 1244//105 1416//105 1248//105
f 1311//106 1324//106 1326//106
f 1391//107 1395//107 1394//107
f 1375//108 1376//108 1374//108
f 1599//109 1595//109 1600//109
f 1626//110 1624//110 1633//110
f 1550//111 1548//111 1549//111
f 1680//112 1681//112 1678//112
f 1673//113 1674//113 1671//113
f 1715//114 1755//114 1714//114
f 1535//115 1538//115 1536//115
f 1662//116 1663//116 1654//116
f 273//117 276//117 271//117
f 238//118 234//118 233//118
f 193//119 195//119 196//119
f 155//120 150//120 144//120
f 68//121 69//121 2414//121
f 36//122 37//122 29//122
f 2345//123 2346//123 2351//123
f 2346//124 2350//124 2351//124
f 2351//125 2349//125 2345//125
f 2030//126 2345//126 2344//126
f 2345//127 2348//127 2344//127
f 2344//128 2029//128 2030//128
f 2026//129 2024//129 2314//129
f 2024//130 2025//130 2314//130
f 2025//131 2315//131 2314//131
f 2315//132 2313//132 2314//132
f 2028//133 2029//133 2027//133
f 2029//134 2026//134 2027//134
f 2315//135 2025//135 2316//135
f 2025//136 2021//136 2316//136
f 2021//137 2317//137 2339//137
f 2339//138 2320//138 2021//138
f 2320//139 2319//139 2318//139
f 2021//140 2320//140 2316//140
f 2324//141 2323//141 2325//141
f 2323//142 2322//142 2327//142
f 2321//143 2320//143 2339//143
f 2323//144 2327//144 2325//144
f 2322//145 2321//145 2330//145
f 2327//146 2322//146 2304//146
f 2304//147 2326//147 2327//147
f 2330//148 2304//148 2322//148
f 2321//149 2339//149 2020//149
f 2332//150 2326//150 1994//150
f 2326//151 2304//151 1994//151
f 2336//152 2335//152 2334//152
f 2335//153 2333//153 2331//153
f 2334//154 2335//154 2331//154
f 2333//155 2329//155 2331//155
f 2329//156 2328//156 2332//156
f 2331//157 2329//157 2332//157
f 2299//158 2296//158 2295//158
f 2295//159 1991//159 2299//159
f 2296//160 2304//160 2303//160
f 1995//161 2300//161 2299//161
f 2296//162 2303//162 1995//162
f 2337//163 2335//163 2190//163
f 2335//164 2336//164 2190//164
f 2102//165 2337//165 2190//165
f 2189//166 2187//166 2188//166
f 2102//167 2190//167 2101//167
f 2190//168 2189//168 2101//168
f 1782//169 1787//169 2100//169
f 1787//170 2101//170 2188//170
f 2100//171 1787//171 2188//171
f 2189//172 2188//172 2101//172
f 2188//173 2191//173 2100//173
f 2097//174 2098//174 2096//174
f 2094//175 2092//175 2091//175
f 2092//176 2090//176 2091//176
f 2097//177 2096//177 2093//177
f 2096//178 2094//178 2093//178
f 2091//179 2093//179 2094//179
f 2088//180 2091//180 2089//180
f 2090//181 2089//181 2091//181
f 2089//182 2087//182 2088//182
f 2087//183 2081//183 2085//183
f 1764//184 1774//184 2078//184
f 2078//185 2077//185 1765//185
f 1765//186 1766//186 2078//186
f 1764//187 1766//187 2081//187
f 2097//188 2093//188 1782//188
f 2083//189 2084//189 2184//189
f 2184//190 2186//190 2086//190
f 2080//191 1765//191 2082//191
f 1765//192 2077//192 2079//192
f 2082//193 1765//193 2079//193
f 2184//194 2086//194 2083//194
f 2086//195 2080//195 2083//195
f 2182//196 2184//196 2084//196
f 2084//197 2185//197 2182//197
f 2185//198 2183//198 2182//198
f 2181//199 2180//199 2179//199
f 2180//200 2177//200 2178//200
f 2183//201 2181//201 2182//201
f 2179//202 2182//202 2181//202
f 2176//203 2167//203 2177//203
f 2167//204 2178//204 2177//204
f 2245//205 2248//205 2246//205
f 2242//206 2241//206 2243//206
f 2241//207 2239//207 2240//207
f 2245//208 2246//208 2242//208
f 2247//209 2250//209 2249//209
f 2249//210 2245//210 2242//210
f 2241//211 2240//211 2244//211
f 2239//212 2238//212 2240//212
f 2238//213 1920//213 2240//213
f 2244//214 2243//214 2241//214
f 2243//215 2247//215 2249//215
f 2170//216 2171//216 2255//216
f 2171//217 2252//217 2255//217
f 2252//218 2248//218 2251//218
f 2248//219 2245//219 2251//219
f 2251//220 2254//220 2253//220
f 2251//221 2253//221 2252//221
f 2162//222 2165//222 2164//222
f 2164//223 2166//223 2167//223
f 2167//224 2176//224 2175//224
f 2175//225 2174//225 2173//225
f 2173//226 2172//226 2171//226
f 2171//227 2170//227 2173//227
f 2170//228 2168//228 2173//228
f 2168//229 2169//229 2162//229
f 2169//230 2163//230 2161//230
f 2163//231 2159//231 2161//231
f 2161//232 2162//232 2169//232
f 2162//233 2164//233 2167//233
f 2168//234 2162//234 2175//234
f 2167//235 2175//235 2162//235
f 2160//236 2158//236 2159//236
f 2158//237 2156//237 2157//237
f 2156//238 1827//238 2157//238
f 2157//239 2159//239 2158//239
f 2150//240 2148//240 2151//240
f 2148//241 2149//241 2151//241
f 2151//242 2154//242 2155//242
f 2154//243 1827//243 2155//243
f 1827//244 2156//244 2155//244
f 2147//245 2149//245 2148//245
f 2146//246 2142//246 2145//246
f 2142//247 2144//247 2145//247
f 2147//248 2148//248 2146//248
f 2143//249 2144//249 2142//249
f 2141//250 2140//250 2129//250
f 2140//251 2127//251 2129//251
f 2143//252 2142//252 2141//252
f 2134//253 1811//253 2132//253
f 1811//254 2133//254 2132//254
f 2130//255 2138//255 2134//255
f 2127//256 2140//256 2139//256
f 2139//257 2130//257 2127//257
f 2130//258 2134//258 2128//258
f 2134//259 2132//259 2128//259
f 2128//260 2126//260 2130//260
f 2126//261 2125//261 2127//261
f 2133//262 1811//262 2135//262
f 2137//263 2136//263 2135//263
f 2135//264 1817//264 2137//264
f 1819//265 1940//265 1939//265
f 1941//266 2256//266 1818//266
f 1819//267 1939//267 1941//267
f 1818//268 1817//268 1819//268
f 2259//269 2261//269 2260//269
f 2258//270 2257//270 1942//270
f 2257//271 2256//271 1942//271
f 2259//272 2260//272 2258//272
f 2256//273 1941//273 1942//273
f 1945//274 1946//274 1943//274
f 1946//275 1947//275 1944//275
f 1943//276 1946//276 1944//276
f 1947//277 1949//277 1944//277
f 1949//278 1948//278 1944//278
f 1944//279 2260//279 2262//279
f 2260//280 2261//280 2262//280
f 2264//281 2263//281 1944//281
f 2263//282 1943//282 1944//282
f 2268//283 1948//283 1949//283
f 2268//284 1949//284 2267//284
f 1949//285 1952//285 2267//285
f 2271//286 2269//286 1952//286
f 2269//287 2267//287 1952//287
f 1954//288 2274//288 2273//288
f 2274//289 2276//289 2273//289
f 1952//290 1954//290 2271//290
f 1958//291 2276//291 2275//291
f 2276//292 2274//292 2275//292
f 1959//293 1958//293 2275//293
f 2277//294 2278//294 2279//294
f 1959//295 2275//295 2277//295
f 1964//296 1961//296 1960//296
f 1960//297 1959//297 1964//297
f 1959//298 2277//298 2279//298
f 2279//299 2281//299 1963//299
f 1963//300 1962//300 2279//300
f 1962//301 1964//301 2279//301
f 2281//302 2282//302 1978//302
f 2282//303 1979//303 1978//303
f 1978//304 1966//304 2281//304
f 1979//305 2282//305 2283//305
f 2283//306 2285//306 2284//306
f 2289//307 2290//307 2288//307
f 2290//308 2286//308 2285//308
f 2286//309 2284//309 2285//309
f 2285//310 2287//310 2290//310
f 2287//311 2288//311 2290//311
f 2288//312 2293//312 2289//312
f 2293//313 1988//313 2289//313
f 1968//314 1961//314 1967//314
f 1961//315 1964//315 1965//315
f 1967//316 1961//316 1965//316
f 1965//317 1969//317 1967//317
f 1969//318 1971//318 1970//318
f 1976//319 1977//319 1974//319
f 1972//320 1970//320 1971//320
f 1975//321 1976//321 1974//321
f 1972//322 1971//322 1973//322
f 1975//323 1974//323 1973//323
f 2407//324 2406//324 2408//324
f 2406//325 2404//325 2408//325
f 2404//326 2403//326 2067//326
f 2408//327 2404//327 2069//327
f 2408//328 2409//328 2407//328
f 2070//329 1977//329 2069//329
f 1977//330 2408//330 2069//330
f 2067//331 2068//331 2069//331
f 2401//332 2400//332 2064//332
f 2400//333 2395//333 2397//333
f 2404//334 2067//334 2069//334
f 2403//335 2401//335 2066//335
f 2066//336 2401//336 2064//336
f 2066//337 2067//337 2403//337
f 2395//338 2400//338 2399//338
f 2395//339 2399//339 2398//339
f 2394//340 2396//340 2398//340
f 2396//341 2395//341 2398//341
f 2384//342 2392//342 2386//342
f 2392//343 2394//343 2386//343
f 2388//344 2389//344 2385//344
f 2385//345 2387//345 2388//345
f 2387//346 2380//346 2388//346
f 2380//347 2392//347 2388//347
f 2392//348 2393//348 2391//348
f 2388//349 2392//349 2390//349
f 2046//350 2053//350 2379//350
f 2379//351 2380//351 2052//351
f 2380//352 2392//352 2384//352
f 2052//353 2380//353 2384//353
f 2051//354 2047//354 2044//354
f 2047//355 2377//355 2044//355
f 2052//356 2051//356 2046//356
f 2046//357 2379//357 2052//357
f 2044//358 2045//358 2051//358
f 2050//359 2049//359 2365//359
f 2049//360 2048//360 2365//360
f 2048//361 2047//361 2363//361
f 2363//362 2364//362 2048//362
f 2354//363 2355//363 2360//363
f 2352//364 2353//364 2354//364
f 2376//365 2377//365 2047//365
f 2047//366 2363//366 2376//366
f 2363//367 2362//367 2376//367
f 2376//368 2362//368 2375//368
f 2362//369 2371//369 2375//369
f 2371//370 2372//370 2374//370
f 2375//371 2371//371 2374//371
f 2361//372 2366//372 2367//372
f 2367//373 2368//373 2361//373
f 2368//374 2369//374 2362//374
f 2361//375 2368//375 2362//375
f 2370//376 2371//376 2362//376
f 2369//377 2370//377 2362//377
f 2362//378 2360//378 2361//378
f 2360//379 2355//379 2359//379
f 2355//380 2356//380 2358//380
f 2359//381 2355//381 2358//381
f 2356//382 2357//382 2358//382
f 2124//383 2127//383 2125//383
f 2123//384 2121//384 2122//384
f 2121//385 1809//385 2120//385
f 2122//386 2121//386 2120//386
f 2124//387 2125//387 2123//387
f 2122//388 2124//388 2123//388
f 1809//389 1806//389 2120//389
f 1806//390 2113//390 2119//390
f 2105//391 2104//391 2191//391
f 2104//392 2103//392 2191//392
f 2191//393 2108//393 2105//393
f 2108//394 2109//394 2106//394
f 2109//395 2111//395 2107//395
f 2106//396 2109//396 2107//396
f 2111//397 2112//397 2107//397
f 2112//398 2113//398 2115//398
f 2113//399 2119//399 2118//399
f 2118//400 2114//400 2116//400
f 2118//401 2116//401 2113//401
f 2116//402 2115//402 2113//402
f 2112//403 2115//403 2107//403
f 1869//404 1871//404 1875//404
f 1871//405 2195//405 2194//405
f 2194//406 1874//406 1871//406
f 1874//407 1875//407 1871//407
f 1793//408 1866//408 1799//408
f 1866//409 1867//409 1799//409
f 1867//410 1869//410 1868//410
f 1868//411 1869//411 1875//411
f 1875//412 1870//412 1868//412
f 2302//413 1998//413 2306//413
f 2299//414 2203//414 2202//414
f 2202//415 2197//415 2305//415
f 2305//416 2306//416 1998//416
f 1998//417 2299//417 2202//417
f 2201//418 2202//418 2197//418
f 2197//419 2196//419 2201//419
f 2196//420 2195//420 2201//420
f 2195//421 1871//421 2200//421
f 2199//422 2201//422 2195//422
f 2204//423 2310//423 2309//423
f 2309//424 2305//424 1886//424
f 2305//425 1880//425 1886//425
f 2232//426 2233//426 2231//426
f 2233//427 2234//427 2231//427
f 2234//428 2236//428 2235//428
f 2231//429 2229//429 2230//429
f 2229//430 2227//430 2228//430
f 2234//431 2235//431 2231//431
f 2230//432 2232//432 2231//432
f 2228//433 2230//433 2229//433
f 2227//434 2226//434 2225//434
f 2226//435 2222//435 2224//435
f 2225//436 2226//436 2224//436
f 2222//437 2221//437 2223//437
f 2223//438 2224//438 2222//438
f 2215//439 2213//439 2210//439
f 2213//440 2209//440 2207//440
f 2210//441 2213//441 2207//441
f 2210//442 2211//442 2215//442
f 2211//443 2217//443 1901//443
f 2215//444 2211//444 1901//444
f 2217//445 2223//445 2221//445
f 2221//446 1903//446 2217//446
f 1903//447 1902//447 2217//447
f 2042//448 2043//448 1899//448
f 1899//449 2214//449 2212//449
f 2212//450 2310//450 1899//450
f 2206//451 2208//451 2209//451
f 2208//452 2207//452 2209//452
f 2209//453 2212//453 2206//453
f 2212//454 2310//454 2205//454
f 2310//455 2204//455 2205//455
f 320//456 322//456 321//456
f 321//457 319//457 314//457
f 312//458 315//458 314//458
f 314//459 313//459 312//459
f 313//460 309//460 312//460
f 309//461 308//461 311//461
f 308//462 310//462 311//462
f 302//463 305//463 304//463
f 305//464 306//464 304//464
f 302//465 304//465 307//465
f 307//466 310//466 308//466
f 308//467 303//467 307//467
f 303//468 300//468 302//468
f 307//469 303//469 302//469
f 300//470 301//470 299//470
f 301//471 295//471 297//471
f 295//472 296//472 294//472
f 294//473 298//473 297//473
f 299//474 302//474 300//474
f 295//475 294//475 297//475
f 333//476 334//476 331//476
f 323//477 328//477 319//477
f 328//478 332//478 318//478
f 332//479 331//479 318//479
f 318//480 317//480 319//480
f 317//481 316//481 319//481
f 316//482 313//482 314//482
f 314//483 319//483 316//483
f 325//484 329//484 326//484
f 326//485 324//485 325//485
f 324//486 328//486 323//486
f 354//487 353//487 355//487
f 353//488 357//488 355//488
f 361//489 357//489 359//489
f 357//490 353//490 358//490
f 353//491 351//491 349//491
f 351//492 348//492 346//492
f 349//493 351//493 346//493
f 349//494 358//494 353//494
f 362//495 360//495 361//495
f 359//496 362//496 361//496
f 338//497 339//497 330//497
f 330//498 327//498 336//498
f 327//499 326//499 329//499
f 336//500 327//500 337//500
f 329//501 337//501 327//501
f 336//502 335//502 330//502
f 344//503 345//503 342//503
f 345//504 343//504 342//504
f 339//505 338//505 340//505
f 340//506 344//506 342//506
f 341//507 339//507 340//507
f 352//508 363//508 347//508
f 347//509 345//509 352//509
f 345//510 344//510 350//510
f 344//511 346//511 348//511
f 350//512 352//512 345//512
f 366//513 365//513 364//513
f 365//514 347//514 364//514
f 372//515 374//515 373//515
f 377//516 376//516 375//516
f 376//517 371//517 379//517
f 375//518 376//518 379//518
f 371//519 370//519 369//519
f 368//520 367//520 347//520
f 371//521 369//521 368//521
f 372//522 380//522 371//522
f 380//523 379//523 371//523
f 371//524 368//524 363//524
f 368//525 347//525 363//525
f 384//526 385//526 383//526
f 385//527 387//527 383//527
f 378//528 377//528 381//528
f 377//529 375//529 381//529
f 387//530 378//530 383//530
f 382//531 383//531 378//531
f 391//532 395//532 389//532
f 395//533 396//533 386//533
f 386//534 389//534 395//534
f 388//535 385//535 384//535
f 389//536 388//536 391//536
f 388//537 384//537 391//537
f 384//538 392//538 393//538
f 392//539 394//539 393//539
f 414//540 426//540 425//540
f 425//541 424//541 411//541
f 424//542 423//542 411//542
f 423//543 422//543 419//543
f 422//544 421//544 419//544
f 421//545 420//545 419//545
f 418//546 417//546 416//546
f 418//547 416//547 402//547
f 416//548 415//548 402//548
f 423//549 419//549 410//549
f 419//550 418//550 410//550
f 414//551 425//551 413//551
f 412//552 413//552 411//552
f 411//553 413//553 425//553
f 415//554 407//554 401//554
f 402//555 415//555 401//555
f 407//556 409//556 408//556
f 404//557 406//557 405//557
f 407//558 408//558 400//558
f 408//559 404//559 400//559
f 423//560 410//560 411//560
f 410//561 418//561 403//561
f 402//562 403//562 418//562
f 400//563 401//563 407//563
f 397//564 398//564 390//564
f 398//565 399//565 390//565
f 386//566 397//566 390//566
f 390//567 389//567 386//567
f 404//568 405//568 399//568
f 405//569 390//569 399//569
f 458//570 465//570 457//570
f 465//571 463//571 461//571
f 457//572 465//572 456//572
f 463//573 464//573 462//573
f 461//574 459//574 456//574
f 459//575 460//575 456//575
f 456//576 460//576 455//576
f 463//577 462//577 461//577
f 456//578 465//578 461//578
f 453//579 455//579 460//579
f 460//580 450//580 453//580
f 452//581 454//581 453//581
f 450//582 451//582 448//582
f 451//583 446//583 445//583
f 448//584 451//584 445//584
f 448//585 452//585 450//585
f 452//586 453//586 450//586
f 449//587 447//587 445//587
f 447//588 448//588 445//588
f 449//589 445//589 444//589
f 677//590 676//590 675//590
f 676//591 449//591 675//591
f 675//592 449//592 444//592
f 673//593 674//593 442//593
f 674//594 444//594 442//594
f 444//595 445//595 442//595
f 670//596 671//596 672//596
f 672//597 673//597 667//597
f 442//598 443//598 436//598
f 443//599 441//599 436//599
f 441//600 440//600 437//600
f 440//601 439//601 437//601
f 437//602 438//602 441//602
f 438//603 436//603 441//603
f 673//604 442//604 435//604
f 670//605 672//605 668//605
f 673//606 435//606 667//606
f 668//607 669//607 670//607
f 667//608 668//608 672//608
f 442//609 436//609 435//609
f 433//610 434//610 432//610
f 667//611 435//611 433//611
f 430//612 665//612 666//612
f 666//613 667//613 431//613
f 667//614 433//614 431//614
f 433//615 432//615 431//615
f 427//616 425//616 426//616
f 431//617 427//617 430//617
f 427//618 426//618 429//618
f 431//619 430//619 666//619
f 426//620 428//620 429//620
f 498//621 496//621 494//621
f 496//622 495//622 494//622
f 490//623 497//623 498//623
f 488//624 487//624 486//624
f 487//625 490//625 477//625
f 479//626 487//626 477//626
f 479//627 486//627 487//627
f 480//628 485//628 479//628
f 481//629 480//629 468//629
f 480//630 479//630 476//630
f 490//631 498//631 492//631
f 498//632 494//632 492//632
f 492//633 493//633 489//633
f 480//634 476//634 475//634
f 484//635 483//635 469//635
f 483//636 482//636 469//636
f 482//637 481//637 468//637
f 479//638 477//638 476//638
f 490//639 492//639 489//639
f 489//640 491//640 478//640
f 489//641 478//641 477//641
f 490//642 489//642 477//642
f 470//643 469//643 458//643
f 469//644 482//644 458//644
f 468//645 480//645 475//645
f 482//646 468//646 467//646
f 473//647 474//647 472//647
f 482//648 467//648 458//648
f 471//649 473//649 472//649
f 467//650 466//650 465//650
f 471//651 472//651 470//651
f 465//652 458//652 467//652
f 515//653 516//653 514//653
f 514//654 512//654 515//654
f 512//655 513//655 507//655
f 512//656 507//656 505//656
f 504//657 512//657 505//657
f 504//658 515//658 512//658
f 510//659 518//659 509//659
f 518//660 517//660 511//660
f 509//661 518//661 511//661
f 507//662 510//662 509//662
f 505//663 507//663 508//663
f 500//664 504//664 502//664
f 502//665 504//665 506//665
f 499//666 495//666 496//666
f 502//667 503//667 500//667
f 503//668 501//668 500//668
f 501//669 499//669 500//669
f 499//670 496//670 500//670
f 505//671 506//671 504//671
f 509//672 508//672 507//672
f 523//673 520//673 519//673
f 520//674 511//674 519//674
f 519//675 524//675 523//675
f 574//676 573//676 570//676
f 569//677 566//677 565//677
f 566//678 564//678 565//678
f 574//679 570//679 572//679
f 570//680 569//680 572//680
f 565//681 571//681 569//681
f 571//682 572//682 569//682
f 564//683 563//683 561//683
f 563//684 557//684 560//684
f 567//685 568//685 565//685
f 565//686 564//686 567//686
f 563//687 560//687 561//687
f 561//688 567//688 564//688
f 560//689 562//689 561//689
f 556//690 558//690 555//690
f 558//691 559//691 555//691
f 550//692 556//692 555//692
f 559//693 560//693 557//693
f 557//694 555//694 559//694
f 555//695 554//695 550//695
f 554//696 553//696 550//696
f 553//697 552//697 544//697
f 552//698 551//698 544//698
f 551//699 545//699 544//699
f 544//700 549//700 553//700
f 549//701 550//701 553//701
f 547//702 548//702 545//702
f 548//703 544//703 545//703
f 547//704 545//704 546//704
f 540//705 546//705 543//705
f 543//706 546//706 545//706
f 538//707 541//707 539//707
f 541//708 540//708 542//708
f 539//709 541//709 542//709
f 543//710 542//710 540//710
f 539//711 537//711 538//711
f 537//712 534//712 536//712
f 536//713 538//713 537//713
f 534//714 535//714 533//714
f 535//715 530//715 533//715
f 531//716 532//716 528//716
f 532//717 533//717 530//717
f 533//718 536//718 534//718
f 530//719 528//719 532//719
f 528//720 522//720 525//720
f 522//721 520//721 525//721
f 520//722 523//722 521//722
f 520//723 521//723 525//723
f 531//724 528//724 526//724
f 527//725 529//725 526//725
f 529//726 531//726 526//726
f 598//727 600//727 599//727
f 598//728 599//728 596//728
f 592//729 594//729 590//729
f 594//730 597//730 595//730
f 597//731 598//731 596//731
f 597//732 596//732 595//732
f 582//733 593//733 588//733
f 593//734 592//734 590//734
f 594//735 595//735 590//735
f 593//736 590//736 588//736
f 581//737 582//737 586//737
f 582//738 588//738 587//738
f 591//739 601//739 602//739
f 582//740 587//740 586//740
f 588//741 591//741 587//741
f 580//742 581//742 586//742
f 591//743 602//743 589//743
f 591//744 589//744 587//744
f 577//745 580//745 578//745
f 574//746 576//746 575//746
f 576//747 577//747 575//747
f 575//748 573//748 574//748
f 579//749 578//749 580//749
f 578//750 575//750 577//750
f 584//751 585//751 579//751
f 583//752 584//752 579//752
f 583//753 579//753 580//753
f 661//754 658//754 659//754
f 658//755 657//755 659//755
f 657//756 655//756 656//756
f 659//757 657//757 660//757
f 664//758 663//758 662//758
f 663//759 661//759 662//759
f 662//760 661//760 659//760
f 656//761 660//761 657//761
f 653//762 651//762 649//762
f 651//763 650//763 638//763
f 656//764 655//764 654//764
f 655//765 653//765 654//765
f 652//766 654//766 653//766
f 649//767 652//767 653//767
f 651//768 638//768 649//768
f 650//769 648//769 647//769
f 647//770 646//770 639//770
f 645//771 643//771 642//771
f 643//772 644//772 642//772
f 647//773 639//773 638//773
f 639//774 645//774 636//774
f 638//775 639//775 636//775
f 650//776 647//776 638//776
f 636//777 637//777 638//777
f 630//778 636//778 645//778
f 645//779 642//779 635//779
f 635//780 640//780 634//780
f 640//781 641//781 634//781
f 630//782 645//782 635//782
f 622//783 624//783 631//783
f 624//784 629//784 632//784
f 629//785 630//785 633//785
f 630//786 635//786 633//786
f 635//787 634//787 633//787
f 618//788 623//788 622//788
f 624//789 632//789 631//789
f 629//790 633//790 632//790
f 616//791 618//791 625//791
f 618//792 622//792 625//792
f 627//793 628//793 626//793
f 626//794 616//794 625//794
f 625//795 627//795 626//795
f 618//796 616//796 617//796
f 616//797 614//797 615//797
f 617//798 616//798 615//798
f 611//799 606//799 609//799
f 611//800 609//800 608//800
f 608//801 613//801 611//801
f 613//802 615//802 614//802
f 603//803 604//803 599//803
f 599//804 600//804 686//804
f 600//805 2410//805 687//805
f 2410//806 2411//806 687//806
f 687//807 686//807 600//807
f 686//808 683//808 599//808
f 680//809 678//809 679//809
f 679//810 682//810 684//810
f 679//811 684//811 681//811
f 680//812 679//812 681//812
f 680//813 681//813 685//813
f 683//814 680//814 685//814
f 683//815 685//815 619//815
f 683//816 619//816 620//816
f 688//817 691//817 690//817
f 683//818 620//818 610//818
f 619//819 688//819 689//819
f 603//820 599//820 605//820
f 605//821 599//821 610//821
f 609//822 606//822 607//822
f 606//823 605//823 607//823
f 619//824 689//824 621//824
f 688//825 690//825 689//825
f 621//826 620//826 619//826
f 599//827 683//827 610//827
f 607//828 605//828 610//828
f 717//829 718//829 716//829
f 717//830 716//830 700//830
f 714//831 715//831 700//831
f 715//832 717//832 700//832
f 712//833 711//833 713//833
f 713//834 714//834 697//834
f 697//835 714//835 700//835
f 697//836 699//836 698//836
f 698//837 696//837 703//837
f 696//838 695//838 703//838
f 695//839 693//839 703//839
f 697//840 698//840 705//840
f 692//841 690//841 691//841
f 713//842 697//842 705//842
f 698//843 703//843 705//843
f 693//844 692//844 701//844
f 692//845 691//845 701//845
f 691//846 694//846 702//846
f 705//847 712//847 713//847
f 691//848 702//848 701//848
f 694//849 706//849 707//849
f 709//850 710//850 708//850
f 707//851 704//851 694//851
f 704//852 702//852 694//852
f 709//853 708//853 706//853
f 708//854 707//854 706//854
f 740//855 748//855 739//855
f 748//856 744//856 743//856
f 739//857 748//857 743//857
f 744//858 746//858 745//858
f 746//859 747//859 745//859
f 737//860 739//860 738//860
f 744//861 745//861 743//861
f 743//862 741//862 742//862
f 743//863 742//863 738//863
f 739//864 743//864 738//864
f 734//865 735//865 736//865
f 736//866 737//866 729//866
f 737//867 738//867 729//867
f 733//868 734//868 736//868
f 731//869 730//869 726//869
f 730//870 732//870 727//870
f 732//871 733//871 736//871
f 729//872 728//872 732//872
f 728//873 727//873 732//873
f 727//874 726//874 730//874
f 726//875 725//875 731//875
f 723//876 722//876 719//876
f 722//877 721//877 719//877
f 725//878 723//878 724//878
f 736//879 729//879 732//879
f 724//880 731//880 725//880
f 717//881 719//881 721//881
f 719//882 724//882 723//882
f 721//883 720//883 717//883
f 775//884 784//884 783//884
f 775//885 783//885 781//885
f 772//886 773//886 774//886
f 774//887 775//887 772//887
f 775//888 781//888 772//888
f 777//889 778//889 776//889
f 778//890 779//890 776//890
f 781//891 777//891 771//891
f 772//892 781//892 771//892
f 769//893 768//893 767//893
f 768//894 770//894 767//894
f 770//895 771//895 777//895
f 776//896 780//896 788//896
f 780//897 782//897 788//897
f 777//898 776//898 770//898
f 787//899 789//899 791//899
f 789//900 790//900 791//900
f 776//901 788//901 787//901
f 767//902 770//902 1067//902
f 770//903 776//903 787//903
f 1067//904 787//904 791//904
f 766//905 767//905 1067//905
f 787//906 1067//906 770//906
f 791//907 1068//907 1067//907
f 764//908 766//908 1066//908
f 759//909 765//909 764//909
f 758//910 763//910 759//910
f 756//911 757//911 751//911
f 757//912 758//912 751//912
f 753//913 755//913 754//913
f 754//914 756//914 750//914
f 756//915 751//915 750//915
f 758//916 759//916 760//916
f 751//917 758//917 760//917
f 752//918 753//918 754//918
f 748//919 740//919 749//919
f 740//920 752//920 750//920
f 749//921 740//921 750//921
f 752//922 754//922 750//922
f 759//923 764//923 1062//923
f 762//924 761//924 760//924
f 761//925 751//925 760//925
f 766//926 1067//926 1066//926
f 760//927 759//927 1059//927
f 764//928 1066//928 1065//928
f 1059//929 1060//929 760//929
f 1059//930 759//930 1062//930
f 1065//931 1063//931 1064//931
f 764//932 1065//932 1062//932
f 1062//933 1061//933 1059//933
f 834//934 838//934 835//934
f 838//935 839//935 835//935
f 835//936 833//936 834//936
f 833//937 828//937 832//937
f 832//938 834//938 833//938
f 831//939 832//939 828//939
f 831//940 828//940 827//940
f 825//941 830//941 824//941
f 830//942 829//942 826//942
f 824//943 830//943 826//943
f 829//944 831//944 827//944
f 829//945 827//945 826//945
f 822//946 825//946 824//946
f 819//947 822//947 820//947
f 824//948 823//948 821//948
f 824//949 821//949 822//949
f 821//950 820//950 822//950
f 817//951 818//951 816//951
f 816//952 819//952 814//952
f 819//953 820//953 815//953
f 814//954 817//954 816//954
f 819//955 815//955 814//955
f 811//956 814//956 812//956
f 814//957 815//957 812//957
f 812//958 813//958 811//958
f 813//959 805//959 811//959
f 810//960 809//960 804//960
f 809//961 808//961 804//961
f 808//962 811//962 800//962
f 805//963 807//963 806//963
f 811//964 805//964 803//964
f 800//965 804//965 808//965
f 811//966 803//966 800//966
f 805//967 806//967 803//967
f 803//968 802//968 801//968
f 797//969 800//969 799//969
f 800//970 803//970 799//970
f 803//971 801//971 799//971
f 798//972 794//972 795//972
f 794//973 796//973 795//973
f 799//974 798//974 797//974
f 795//975 797//975 798//975
f 785//976 793//976 786//976
f 793//977 792//977 786//977
f 792//978 795//978 796//978
f 796//979 786//979 792//979
f 775//980 785//980 784//980
f 874//981 875//981 873//981
f 875//982 870//982 873//982
f 870//983 863//983 865//983
f 873//984 870//984 871//984
f 871//985 872//985 873//985
f 861//986 857//986 860//986
f 857//987 858//987 856//987
f 860//988 857//988 866//988
f 870//989 865//989 871//989
f 863//990 861//990 862//990
f 864//991 863//991 862//991
f 860//992 862//992 861//992
f 864//993 865//993 863//993
f 852//994 854//994 855//994
f 854//995 851//995 855//995
f 866//996 857//996 856//996
f 851//997 848//997 850//997
f 855//998 851//998 853//998
f 858//999 852//999 856//999
f 860//1000 866//1000 859//1000
f 869//1001 868//1001 859//1001
f 866//1002 869//1002 859//1002
f 856//1003 867//1003 866//1003
f 850//1004 853//1004 851//1004
f 849//1005 850//1005 848//1005
f 846//1006 849//1006 848//1006
f 855//1007 856//1007 852//1007
f 836//1008 845//1008 843//1008
f 845//1009 846//1009 847//1009
f 846//1010 848//1010 847//1010
f 838//1011 834//1011 837//1011
f 834//1012 836//1012 837//1012
f 845//1013 847//1013 843//1013
f 843//1014 844//1014 842//1014
f 840//1015 841//1015 838//1015
f 836//1016 843//1016 842//1016
f 837//1017 836//1017 842//1017
f 901//1018 902//1018 898//1018
f 897//1019 896//1019 891//1019
f 896//1020 894//1020 891//1020
f 901//1021 898//1021 899//1021
f 898//1022 897//1022 893//1022
f 900//1023 899//1023 898//1023
f 893//1024 895//1024 900//1024
f 889//1025 890//1025 892//1025
f 890//1026 891//1026 892//1026
f 893//1027 900//1027 898//1027
f 885//1028 889//1028 883//1028
f 891//1029 893//1029 897//1029
f 892//1030 884//1030 889//1030
f 884//1031 883//1031 889//1031
f 894//1032 892//1032 891//1032
f 876//1033 888//1033 882//1033
f 888//1034 885//1034 882//1034
f 874//1035 887//1035 886//1035
f 874//1036 886//1036 877//1036
f 886//1037 876//1037 878//1037
f 879//1038 875//1038 880//1038
f 875//1039 874//1039 877//1039
f 877//1040 880//1040 875//1040
f 882//1041 881//1041 876//1041
f 881//1042 878//1042 876//1042
f 878//1043 877//1043 886//1043
f 928//1044 929//1044 922//1044
f 922//1045 920//1045 923//1045
f 920//1046 916//1046 923//1046
f 916//1047 915//1047 918//1047
f 915//1048 912//1048 913//1048
f 912//1049 911//1049 910//1049
f 911//1050 909//1050 910//1050
f 904//1051 905//1051 906//1051
f 905//1052 902//1052 903//1052
f 915//1053 913//1053 918//1053
f 913//1054 912//1054 910//1054
f 909//1055 904//1055 906//1055
f 905//1056 903//1056 906//1056
f 902//1057 901//1057 903//1057
f 906//1058 907//1058 909//1058
f 907//1059 908//1059 909//1059
f 908//1060 910//1060 909//1060
f 910//1061 914//1061 913//1061
f 913//1062 917//1062 918//1062
f 918//1063 919//1063 916//1063
f 928//1064 922//1064 923//1064
f 924//1065 923//1065 921//1065
f 923//1066 916//1066 921//1066
f 927//1067 926//1067 925//1067
f 926//1068 924//1068 925//1068
f 921//1069 925//1069 924//1069
f 966//1070 965//1070 958//1070
f 957//1071 955//1071 956//1071
f 955//1072 953//1072 954//1072
f 957//1073 956//1073 960//1073
f 966//1074 958//1074 959//1074
f 958//1075 957//1075 959//1075
f 959//1076 957//1076 960//1076
f 962//1077 961//1077 956//1077
f 961//1078 960//1078 956//1078
f 949//1079 947//1079 950//1079
f 947//1080 938//1080 945//1080
f 949//1081 951//1081 952//1081
f 955//1082 954//1082 956//1082
f 953//1083 949//1083 952//1083
f 954//1084 953//1084 952//1084
f 951//1085 949//1085 950//1085
f 938//1086 937//1086 945//1086
f 936//1087 935//1087 941//1087
f 935//1088 934//1088 940//1088
f 941//1089 935//1089 940//1089
f 950//1090 947//1090 948//1090
f 947//1091 945//1091 948//1091
f 937//1092 936//1092 944//1092
f 945//1093 937//1093 946//1093
f 944//1094 946//1094 937//1094
f 934//1095 932//1095 933//1095
f 932//1096 930//1096 939//1096
f 933//1097 932//1097 939//1097
f 944//1098 936//1098 941//1098
f 942//1099 943//1099 941//1099
f 943//1100 944//1100 941//1100
f 930//1101 929//1101 931//1101
f 929//1102 928//1102 931//1102
f 933//1103 940//1103 934//1103
f 970//1104 973//1104 974//1104
f 973//1105 972//1105 974//1105
f 965//1106 968//1106 958//1106
f 968//1107 967//1107 958//1107
f 967//1108 970//1108 963//1108
f 970//1109 974//1109 963//1109
f 969//1110 964//1110 963//1110
f 963//1111 958//1111 967//1111
f 969//1112 963//1112 974//1112
f 969//1113 974//1113 1084//1113
f 974//1114 975//1114 1084//1114
f 978//1115 977//1115 971//1115
f 971//1116 969//1116 1084//1116
f 975//1117 976//1117 1094//1117
f 979//1118 978//1118 971//1118
f 1084//1119 1083//1119 979//1119
f 1092//1120 1093//1120 1085//1120
f 1085//1121 1084//1121 1094//1121
f 1084//1122 979//1122 971//1122
f 975//1123 1094//1123 1084//1123
f 1085//1124 1094//1124 1092//1124
f 976//1125 1080//1125 1096//1125
f 1094//1126 976//1126 1095//1126
f 1096//1127 1095//1127 976//1127
f 1096//1128 1080//1128 1097//1128
f 1080//1129 1077//1129 1073//1129
f 1097//1130 1080//1130 1081//1130
f 1099//1131 1098//1131 1081//1131
f 1098//1132 1097//1132 1081//1132
f 1078//1133 1079//1133 1076//1133
f 1078//1134 1076//1134 1077//1134
f 1076//1135 1073//1135 1077//1135
f 1080//1136 1073//1136 1074//1136
f 1072//1137 1075//1137 1074//1137
f 1074//1138 1081//1138 1080//1138
f 1070//1139 1071//1139 1069//1139
f 1073//1140 1070//1140 1074//1140
f 1072//1141 1074//1141 1070//1141
f 1426//1142 1425//1142 1421//1142
f 1425//1143 1422//1143 1421//1143
f 1422//1144 1419//1144 1420//1144
f 1421//1145 1423//1145 1188//1145
f 1423//1146 1424//1146 1188//1146
f 1422//1147 1420//1147 1421//1147
f 1427//1148 1428//1148 1426//1148
f 1187//1149 1186//1149 1189//1149
f 1186//1150 1182//1150 1189//1150
f 1426//1151 1421//1151 1188//1151
f 1426//1152 1188//1152 1196//1152
f 1188//1153 1187//1153 1195//1153
f 1426//1154 1196//1154 1427//1154
f 1429//1155 1427//1155 1197//1155
f 1197//1156 1427//1156 1196//1156
f 1433//1157 1432//1157 1434//1157
f 1432//1158 1429//1158 1430//1158
f 1434//1159 1432//1159 1430//1159
f 1431//1160 1435//1160 1434//1160
f 1430//1161 1431//1161 1434//1161
f 1197//1162 1430//1162 1429//1162
f 1196//1163 1188//1163 1195//1163
f 1195//1164 1187//1164 1191//1164
f 1194//1165 1198//1165 1195//1165
f 1195//1166 1193//1166 1194//1166
f 1179//1167 1181//1167 1180//1167
f 1193//1168 1195//1168 1191//1168
f 1182//1169 1179//1169 1165//1169
f 1194//1170 1193//1170 1199//1170
f 1179//1171 1180//1171 1170//1171
f 1168//1172 1169//1172 1166//1172
f 1179//1173 1170//1173 1164//1173
f 1170//1174 1168//1174 1164//1174
f 1203//1175 1201//1175 1206//1175
f 1201//1176 1200//1176 1206//1176
f 1200//1177 1199//1177 1202//1177
f 1191//1178 1187//1178 1190//1178
f 1187//1179 1189//1179 1190//1179
f 1204//1180 1203//1180 1205//1180
f 1206//1181 1205//1181 1203//1181
f 1210//1182 1209//1182 1208//1182
f 1209//1183 1207//1183 1208//1183
f 1207//1184 1206//1184 1200//1184
f 1199//1185 1193//1185 1202//1185
f 1168//1186 1166//1186 1164//1186
f 1189//1187 1182//1187 1183//1187
f 1202//1188 1208//1188 1200//1188
f 1208//1189 1207//1189 1200//1189
f 1167//1190 1173//1190 1172//1190
f 1172//1191 1174//1191 1171//1191
f 1167//1192 1172//1192 1171//1192
f 1166//1193 1167//1193 1141//1193
f 1167//1194 1171//1194 1175//1194
f 1167//1195 1175//1195 1142//1195
f 1183//1196 1182//1196 1165//1196
f 1190//1197 1192//1197 1191//1197
f 1165//1198 1179//1198 1164//1198
f 1167//1199 1142//1199 1141//1199
f 1184//1200 1185//1200 1165//1200
f 1185//1201 1183//1201 1165//1201
f 1176//1202 1177//1202 1178//1202
f 1175//1203 1176//1203 1146//1203
f 1176//1204 1178//1204 1146//1204
f 1146//1205 1145//1205 1143//1205
f 1145//1206 1144//1206 1143//1206
f 1164//1207 1166//1207 1141//1207
f 1175//1208 1146//1208 1143//1208
f 1143//1209 1142//1209 1175//1209
f 1163//1210 1164//1210 1141//1210
f 1160//1211 1162//1211 1161//1211
f 1161//1212 1163//1212 1140//1212
f 1163//1213 1141//1213 1140//1213
f 1154//1214 1160//1214 1140//1214
f 1160//1215 1161//1215 1140//1215
f 1153//1216 1154//1216 1150//1216
f 1154//1217 1140//1217 1139//1217
f 1154//1218 1139//1218 1118//1218
f 1150//1219 1154//1219 1119//1219
f 1157//1220 1156//1220 1152//1220
f 1156//1221 1155//1221 1152//1221
f 1155//1222 1153//1222 1150//1222
f 1139//1223 1138//1223 1123//1223
f 1158//1224 1159//1224 1157//1224
f 1118//1225 1139//1225 1117//1225
f 1152//1226 1155//1226 1151//1226
f 1136//1227 1137//1227 1135//1227
f 1138//1228 1136//1228 1135//1228
f 1138//1229 1135//1229 1124//1229
f 1135//1230 1134//1230 1124//1230
f 1152//1231 1158//1231 1157//1231
f 1150//1232 1151//1232 1155//1232
f 1147//1233 1149//1233 1148//1233
f 1147//1234 1148//1234 1119//1234
f 1148//1235 1150//1235 1119//1235
f 1118//1236 1119//1236 1154//1236
f 1117//1237 1139//1237 1115//1237
f 1139//1238 1123//1238 1122//1238
f 1113//1239 1116//1239 1115//1239
f 1115//1240 1139//1240 1122//1240
f 1134//1241 1133//1241 1125//1241
f 1138//1242 1124//1242 1123//1242
f 1133//1243 1132//1243 1131//1243
f 1128//1244 1130//1244 1129//1244
f 1133//1245 1131//1245 1126//1245
f 1131//1246 1128//1246 1126//1246
f 1124//1247 1134//1247 1125//1247
f 1109//1248 1114//1248 1110//1248
f 1114//1249 1113//1249 1108//1249
f 1110//1250 1114//1250 1108//1250
f 1113//1251 1115//1251 1122//1251
f 1128//1252 1129//1252 1126//1252
f 1129//1253 1127//1253 1126//1253
f 1112//1254 1111//1254 1108//1254
f 1111//1255 1110//1255 1108//1255
f 1133//1256 1126//1256 1125//1256
f 1103//1257 1107//1257 1100//1257
f 1107//1258 1102//1258 1100//1258
f 1102//1259 1108//1259 1101//1259
f 1113//1260 1101//1260 1108//1260
f 1101//1261 1113//1261 1120//1261
f 1113//1262 1122//1262 1120//1262
f 1105//1263 1104//1263 1081//1263
f 1104//1264 1103//1264 1081//1264
f 1120//1265 1121//1265 1101//1265
f 1106//1266 1105//1266 1081//1266
f 1100//1267 1099//1267 1103//1267
f 1099//1268 1081//1268 1103//1268
f 1013//1269 995//1269 1011//1269
f 1014//1270 1017//1270 1015//1270
f 1017//1271 1016//1271 1015//1271
f 1013//1272 1011//1272 1014//1272
f 1012//1273 1011//1273 995//1273
f 995//1274 994//1274 1012//1274
f 994//1275 993//1275 1010//1275
f 1012//1276 994//1276 1010//1276
f 992//1277 991//1277 1002//1277
f 991//1278 990//1278 1002//1278
f 993//1279 992//1279 1007//1279
f 1010//1280 993//1280 1007//1280
f 990//1281 989//1281 999//1281
f 989//1282 986//1282 999//1282
f 1007//1283 992//1283 1002//1283
f 986//1284 987//1284 998//1284
f 987//1285 985//1285 984//1285
f 986//1286 998//1286 999//1286
f 1002//1287 990//1287 1001//1287
f 1006//1288 1009//1288 1008//1288
f 1008//1289 1007//1289 1003//1289
f 1007//1290 1002//1290 1003//1290
f 990//1291 999//1291 1001//1291
f 1005//1292 1006//1292 1004//1292
f 1006//1293 1008//1293 1003//1293
f 1003//1294 1004//1294 1006//1294
f 998//1295 1000//1295 999//1295
f 998//1296 987//1296 996//1296
f 985//1297 988//1297 983//1297
f 996//1298 997//1298 998//1298
f 996//1299 987//1299 984//1299
f 1082//1300 1091//1300 1090//1300
f 984//1301 985//1301 983//1301
f 988//1302 1082//1302 1089//1302
f 1082//1303 1090//1303 1089//1303
f 1089//1304 1088//1304 1087//1304
f 981//1305 982//1305 988//1305
f 982//1306 983//1306 988//1306
f 988//1307 1089//1307 1086//1307
f 1089//1308 1087//1308 1086//1308
f 1086//1309 1083//1309 988//1309
f 1083//1310 979//1310 980//1310
f 988//1311 1083//1311 980//1311
f 1225//1312 1221//1312 1222//1312
f 1221//1313 1218//1313 1220//1313
f 1218//1314 1216//1314 1217//1314
f 1216//1315 1211//1315 1215//1315
f 1211//1316 1212//1316 1213//1316
f 1213//1317 1214//1317 1211//1317
f 1214//1318 1215//1318 1211//1318
f 1217//1319 1219//1319 1218//1319
f 1219//1320 1220//1320 1218//1320
f 1215//1321 1217//1321 1216//1321
f 1224//1322 1225//1322 1222//1322
f 1221//1323 1220//1323 1222//1323
f 1228//1324 1229//1324 1223//1324
f 1229//1325 1224//1325 1223//1325
f 1223//1326 1226//1326 1228//1326
f 1033//1327 1036//1327 1034//1327
f 1036//1328 1037//1328 1034//1328
f 1037//1329 1040//1329 1039//1329
f 1037//1330 1039//1330 1034//1330
f 1048//1331 1049//1331 1038//1331
f 1039//1332 1042//1332 1041//1332
f 1034//1333 1039//1333 1041//1333
f 1048//1334 1038//1334 1033//1334
f 1051//1335 1052//1335 1050//1335
f 1050//1336 1048//1336 1035//1336
f 1048//1337 1033//1337 1032//1337
f 1035//1338 1048//1338 1032//1338
f 1035//1339 1051//1339 1050//1339
f 1047//1340 1046//1340 1035//1340
f 1045//1341 1053//1341 1055//1341
f 1033//1342 1034//1342 1032//1342
f 1042//1343 1045//1343 1044//1343
f 1047//1344 1035//1344 1027//1344
f 1045//1345 1055//1345 1054//1345
f 1055//1346 1058//1346 1056//1346
f 1054//1347 1055//1347 1056//1347
f 1058//1348 1057//1348 1056//1348
f 1398//1349 1399//1349 1400//1349
f 1027//1350 1401//1350 1047//1350
f 1401//1351 1398//1351 1402//1351
f 1030//1352 1031//1352 1029//1352
f 1398//1353 1400//1353 1402//1353
f 1401//1354 1402//1354 1047//1354
f 1030//1355 1029//1355 1027//1355
f 1028//1356 1030//1356 1027//1356
f 1045//1357 1054//1357 1044//1357
f 1028//1358 1027//1358 1035//1358
f 1032//1359 1028//1359 1035//1359
f 1044//1360 1043//1360 1042//1360
f 1020//1361 1021//1361 1403//1361
f 1021//1362 1023//1362 1403//1362
f 1024//1363 1025//1363 1235//1363
f 1025//1364 1026//1364 1234//1364
f 1235//1365 1025//1365 1234//1365
f 1023//1366 1024//1366 1403//1366
f 1017//1367 1016//1367 1019//1367
f 1019//1368 1020//1368 1018//1368
f 1018//1369 1020//1369 1403//1369
f 1017//1370 1019//1370 1018//1370
f 1401//1371 1027//1371 1403//1371
f 1027//1372 1018//1372 1403//1372
f 1403//1373 1024//1373 1235//1373
f 1405//1374 1404//1374 1235//1374
f 1404//1375 1403//1375 1235//1375
f 1026//1376 1406//1376 1226//1376
f 1234//1377 1026//1377 1227//1377
f 1407//1378 1408//1378 1226//1378
f 1408//1379 1410//1379 1412//1379
f 1226//1380 1408//1380 1228//1380
f 1406//1381 1407//1381 1226//1381
f 1232//1382 1233//1382 1231//1382
f 1233//1383 1234//1383 1231//1383
f 1227//1384 1026//1384 1226//1384
f 1410//1385 1411//1385 1409//1385
f 1227//1386 1231//1386 1234//1386
f 1410//1387 1409//1387 1412//1387
f 1408//1388 1230//1388 1228//1388
f 1412//1389 1414//1389 1413//1389
f 1230//1390 1408//1390 1412//1390
f 1236//1391 1237//1391 1230//1391
f 1238//1392 1236//1392 1230//1392
f 1238//1393 1230//1393 1413//1393
f 1240//1394 1241//1394 1239//1394
f 1230//1395 1412//1395 1413//1395
f 1240//1396 1239//1396 1243//1396
f 1239//1397 1238//1397 1415//1397
f 1247//1398 1245//1398 1246//1398
f 1245//1399 1242//1399 1246//1399
f 1242//1400 1240//1400 1243//1400
f 1239//1401 1415//1401 1243//1401
f 1238//1402 1413//1402 1415//1402
f 1249//1403 1250//1403 1247//1403
f 1246//1404 1249//1404 1247//1404
f 1242//1405 1243//1405 1244//1405
f 1246//1406 1242//1406 1244//1406
f 1248//1407 1246//1407 1244//1407
f 1417//1408 1418//1408 1248//1408
f 1416//1409 1417//1409 1248//1409
f 1356//1410 1464//1410 1347//1410
f 1464//1411 1465//1411 1466//1411
f 1347//1412 1464//1412 1341//1412
f 1466//1413 1463//1413 1341//1413
f 1464//1414 1466//1414 1341//1414
f 1462//1415 1461//1415 1339//1415
f 1461//1416 1460//1416 1339//1416
f 1462//1417 1340//1417 1463//1417
f 1347//1418 1341//1418 1342//1418
f 1345//1419 1347//1419 1343//1419
f 1341//1420 1463//1420 1340//1420
f 1350//1421 1351//1421 1349//1421
f 1351//1422 1348//1422 1349//1422
f 1348//1423 1345//1423 1346//1423
f 1346//1424 1345//1424 1343//1424
f 1460//1425 1458//1425 1438//1425
f 1458//1426 1459//1426 1457//1426
f 1353//1427 1350//1427 1352//1427
f 1352//1428 1350//1428 1349//1428
f 1354//1429 1355//1429 1353//1429
f 1352//1430 1354//1430 1353//1430
f 1458//1431 1457//1431 1438//1431
f 1454//1432 1455//1432 1453//1432
f 1454//1433 1453//1433 1452//1433
f 1454//1434 1452//1434 1456//1434
f 1457//1435 1454//1435 1456//1435
f 1438//1436 1437//1436 1436//1436
f 1457//1437 1456//1437 1438//1437
f 1436//1438 1440//1438 1439//1438
f 1460//1439 1438//1439 1436//1439
f 1340//1440 1462//1440 1339//1440
f 1460//1441 1436//1441 1337//1441
f 1346//1442 1349//1442 1348//1442
f 1342//1443 1344//1443 1343//1443
f 1342//1444 1343//1444 1347//1444
f 1436//1445 1439//1445 1332//1445
f 1339//1446 1460//1446 1338//1446
f 1441//1447 1442//1447 1443//1447
f 1442//1448 1444//1448 1443//1448
f 1338//1449 1460//1449 1337//1449
f 1439//1450 1441//1450 1446//1450
f 1444//1451 1445//1451 1443//1451
f 1337//1452 1436//1452 1333//1452
f 1333//1453 1436//1453 1332//1453
f 1441//1454 1443//1454 1446//1454
f 1446//1455 1447//1455 1331//1455
f 1332//1456 1439//1456 1446//1456
f 1335//1457 1337//1457 1333//1457
f 1334//1458 1336//1458 1335//1458
f 1333//1459 1334//1459 1335//1459
f 1447//1460 1448//1460 1288//1460
f 1332//1461 1446//1461 1331//1461
f 1449//1462 1451//1462 1450//1462
f 1331//1463 1447//1463 1289//1463
f 1448//1464 1449//1464 1450//1464
f 1280//1465 1279//1465 1448//1465
f 1279//1466 1278//1466 1277//1466
f 1448//1467 1279//1467 1277//1467
f 1448//1468 1450//1468 1280//1468
f 1327//1469 1328//1469 1331//1469
f 1330//1470 1329//1470 1478//1470
f 1329//1471 1326//1471 1325//1471
f 1327//1472 1331//1472 1302//1472
f 1447//1473 1288//1473 1289//1473
f 1326//1474 1327//1474 1311//1474
f 1277//1475 1276//1475 1288//1475
f 1276//1476 1275//1476 1288//1476
f 1331//1477 1289//1477 1299//1477
f 1448//1478 1277//1478 1288//1478
f 1288//1479 1275//1479 1287//1479
f 1275//1480 1272//1480 1281//1480
f 1287//1481 1275//1481 1281//1481
f 1272//1482 1274//1482 1270//1482
f 1274//1483 1273//1483 1268//1483
f 1274//1484 1268//1484 1270//1484
f 1267//1485 1265//1485 1264//1485
f 1265//1486 1266//1486 1262//1486
f 1272//1487 1270//1487 1271//1487
f 1268//1488 1267//1488 1269//1488
f 1270//1489 1268//1489 1269//1489
f 1265//1490 1262//1490 1263//1490
f 1266//1491 1261//1491 1262//1491
f 1259//1492 1255//1492 1257//1492
f 1255//1493 1253//1493 1252//1493
f 1257//1494 1255//1494 1252//1494
f 1253//1495 1254//1495 1252//1495
f 1254//1496 1251//1496 1252//1496
f 1251//1497 1250//1497 1249//1497
f 1252//1498 1256//1498 1258//1498
f 1251//1499 1249//1499 1252//1499
f 1252//1500 1258//1500 1257//1500
f 1257//1501 1260//1501 1259//1501
f 1261//1502 1259//1502 1260//1502
f 1261//1503 1260//1503 1262//1503
f 1263//1504 1264//1504 1265//1504
f 1269//1505 1267//1505 1264//1505
f 1272//1506 1271//1506 1281//1506
f 1281//1507 1283//1507 1287//1507
f 1283//1508 1282//1508 1287//1508
f 1285//1509 1286//1509 1284//1509
f 1282//1510 1285//1510 1284//1510
f 1282//1511 1284//1511 1287//1511
f 1331//1512 1299//1512 1302//1512
f 1290//1513 1291//1513 1292//1513
f 1289//1514 1290//1514 1292//1514
f 1289//1515 1292//1515 1293//1515
f 1293//1516 1294//1516 1295//1516
f 1289//1517 1293//1517 1299//1517
f 1293//1518 1295//1518 1299//1518
f 1299//1519 1295//1519 1301//1519
f 1295//1520 1296//1520 1298//1520
f 1296//1521 1297//1521 1298//1521
f 1298//1522 1301//1522 1295//1522
f 1301//1523 1300//1523 1299//1523
f 1329//1524 1325//1524 1478//1524
f 1468//1525 1470//1525 1471//1525
f 1311//1526 1327//1526 1302//1526
f 1468//1527 1471//1527 1330//1527
f 1469//1528 1467//1528 1468//1528
f 1474//1529 1472//1529 1473//1529
f 1472//1530 1469//1530 1475//1530
f 1473//1531 1472//1531 1475//1531
f 1481//1532 1480//1532 1479//1532
f 1480//1533 1474//1533 1479//1533
f 1476//1534 1479//1534 1474//1534
f 1469//1535 1468//1535 1475//1535
f 1468//1536 1330//1536 1477//1536
f 1325//1537 1326//1537 1324//1537
f 1302//1538 1303//1538 1304//1538
f 1302//1539 1304//1539 1311//1539
f 1304//1540 1305//1540 1308//1540
f 1305//1541 1306//1541 1308//1541
f 1306//1542 1307//1542 1308//1542
f 1308//1543 1309//1543 1310//1543
f 1311//1544 1312//1544 1324//1544
f 1312//1545 1313//1545 1324//1545
f 1308//1546 1310//1546 1304//1546
f 1310//1547 1311//1547 1304//1547
f 1476//1548 1474//1548 1473//1548
f 1478//1549 1477//1549 1330//1549
f 1477//1550 1475//1550 1468//1550
f 1314//1551 1317//1551 1316//1551
f 1316//1552 1315//1552 1318//1552
f 1318//1553 1319//1553 1321//1553
f 1319//1554 1320//1554 1322//1554
f 1321//1555 1319//1555 1322//1555
f 1322//1556 1323//1556 1321//1556
f 1314//1557 1316//1557 1318//1557
f 1318//1558 1321//1558 1324//1558
f 1313//1559 1314//1559 1318//1559
f 1313//1560 1318//1560 1324//1560
f 1396//1561 1393//1561 1395//1561
f 1393//1562 1394//1562 1395//1562
f 1394//1563 1389//1563 1391//1563
f 1389//1564 1387//1564 1388//1564
f 1387//1565 1386//1565 1385//1565
f 1387//1566 1385//1566 1388//1566
f 1397//1567 1396//1567 1395//1567
f 1389//1568 1388//1568 1390//1568
f 1390//1569 1392//1569 1391//1569
f 1389//1570 1390//1570 1391//1570
f 1383//1571 1385//1571 1384//1571
f 1385//1572 1386//1572 1384//1572
f 1384//1573 1382//1573 1383//1573
f 1382//1574 1377//1574 1380//1574
f 1377//1575 1374//1575 1376//1575
f 1380//1576 1377//1576 1378//1576
f 1374//1577 1373//1577 1375//1577
f 1373//1578 1371//1578 1372//1578
f 1372//1579 1371//1579 1368//1579
f 1371//1580 1369//1580 1366//1580
f 1369//1581 1370//1581 1366//1581
f 1367//1582 1365//1582 1363//1582
f 1365//1583 1361//1583 1362//1583
f 1363//1584 1365//1584 1362//1584
f 1370//1585 1367//1585 1366//1585
f 1368//1586 1371//1586 1366//1586
f 1361//1587 1359//1587 1360//1587
f 1358//1588 1464//1588 1356//1588
f 1358//1589 1356//1589 1357//1589
f 1360//1590 1362//1590 1361//1590
f 1358//1591 1357//1591 1359//1591
f 1357//1592 1360//1592 1359//1592
f 1367//1593 1364//1593 1366//1593
f 1364//1594 1367//1594 1363//1594
f 1377//1595 1376//1595 1378//1595
f 1383//1596 1382//1596 1380//1596
f 1378//1597 1381//1597 1380//1597
f 1375//1598 1373//1598 1372//1598
f 1376//1599 1379//1599 1378//1599
f 1597//1600 1598//1600 1596//1600
f 1597//1601 1596//1601 1594//1601
f 1596//1602 1586//1602 1594//1602
f 1606//1603 1601//1603 1602//1603
f 1601//1604 1599//1604 1600//1604
f 1599//1605 1597//1605 1595//1605
f 1595//1606 1597//1606 1594//1606
f 1581//1607 1580//1607 1578//1607
f 1580//1608 1579//1608 1578//1608
f 1578//1609 1583//1609 1582//1609
f 1582//1610 1584//1610 1581//1610
f 1584//1611 1585//1611 1586//1611
f 1581//1612 1584//1612 1586//1612
f 1585//1613 1587//1613 1586//1613
f 1581//1614 1578//1614 1582//1614
f 1586//1615 1587//1615 1592//1615
f 1588//1616 1589//1616 1590//1616
f 1607//1617 1608//1617 1604//1617
f 1608//1618 1606//1618 1604//1618
f 1617//1619 1612//1619 1616//1619
f 1612//1620 1609//1620 1615//1620
f 1616//1621 1612//1621 1615//1621
f 1601//1622 1600//1622 1602//1622
f 1607//1623 1604//1623 1605//1623
f 1609//1624 1607//1624 1615//1624
f 1615//1625 1607//1625 1614//1625
f 1614//1626 1607//1626 1605//1626
f 1587//1627 1588//1627 1592//1627
f 1588//1628 1590//1628 1592//1628
f 1590//1629 1591//1629 1592//1629
f 1591//1630 1593//1630 1592//1630
f 1543//1631 1614//1631 1611//1631
f 1619//1632 1542//1632 1613//1632
f 1542//1633 1543//1633 1613//1633
f 1592//1634 1594//1634 1586//1634
f 1613//1635 1543//1635 1611//1635
f 1614//1636 1605//1636 1610//1636
f 1610//1637 1611//1637 1614//1637
f 1604//1638 1606//1638 1602//1638
f 1602//1639 1603//1639 1604//1639
f 1627//1640 1539//1640 1540//1640
f 1540//1641 1621//1641 1627//1641
f 1621//1642 1625//1642 1620//1642
f 1627//1643 1621//1643 1622//1643
f 1618//1644 1542//1644 1619//1644
f 1625//1645 1618//1645 1619//1645
f 1619//1646 1620//1646 1625//1646
f 1620//1647 1622//1647 1621//1647
f 1627//1648 1622//1648 1623//1648
f 1623//1649 1624//1649 1626//1649
f 1624//1650 1630//1650 1629//1650
f 1630//1651 1631//1651 1629//1651
f 1629//1652 1632//1652 1624//1652
f 1632//1653 1633//1653 1624//1653
f 1623//1654 1626//1654 1627//1654
f 1633//1655 1628//1655 1626//1655
f 1559//1656 1561//1656 1560//1656
f 1560//1657 1563//1657 1562//1657
f 1562//1658 1553//1658 1560//1658
f 1553//1659 1552//1659 1551//1659
f 1553//1660 1551//1660 1560//1660
f 1559//1661 1560//1661 1551//1661
f 1558//1662 1557//1662 1556//1662
f 1557//1663 1550//1663 1549//1663
f 1556//1664 1557//1664 1549//1664
f 1550//1665 1559//1665 1548//1665
f 1559//1666 1551//1666 1548//1666
f 1554//1667 1556//1667 1549//1667
f 1549//1668 1555//1668 1554//1668
f 1544//1669 1547//1669 1545//1669
f 1547//1670 1549//1670 1548//1670
f 1545//1671 1547//1671 1548//1671
f 1545//1672 1546//1672 1544//1672
f 1673//1673 1671//1673 1670//1673
f 1670//1674 1667//1674 1668//1674
f 1667//1675 1669//1675 1668//1675
f 1668//1676 1672//1676 1670//1676
f 1676//1677 1673//1677 1672//1677
f 1673//1678 1670//1678 1672//1678
f 1678//1679 1677//1679 1676//1679
f 1680//1680 1678//1680 1676//1680
f 1676//1681 1672//1681 1680//1681
f 1672//1682 1675//1682 1680//1682
f 1680//1683 1675//1683 1679//1683
f 1682//1684 1680//1684 1679//1684
f 1682//1685 1679//1685 1683//1685
f 1687//1686 1686//1686 1689//1686
f 1686//1687 1684//1687 1689//1687
f 1684//1688 1682//1688 1712//1688
f 1682//1689 1683//1689 1716//1689
f 1712//1690 1682//1690 1716//1690
f 1683//1691 1685//1691 1723//1691
f 1688//1692 1687//1692 1689//1692
f 1691//1693 1690//1693 1712//1693
f 1690//1694 1689//1694 1712//1694
f 1689//1695 1684//1695 1712//1695
f 1692//1696 1691//1696 1710//1696
f 1693//1697 1694//1697 1692//1697
f 1696//1698 1695//1698 1701//1698
f 1695//1699 1693//1699 1701//1699
f 1698//1700 1699//1700 1696//1700
f 1704//1701 1703//1701 1702//1701
f 1703//1702 1700//1702 1702//1702
f 1698//1703 1696//1703 1701//1703
f 1700//1704 1698//1704 1711//1704
f 1702//1705 1700//1705 1711//1705
f 1693//1706 1692//1706 1697//1706
f 1701//1707 1693//1707 1697//1707
f 1691//1708 1712//1708 1710//1708
f 1727//1709 1729//1709 1728//1709
f 1685//1710 1727//1710 1726//1710
f 1711//1711 1698//1711 1701//1711
f 1707//1712 1706//1712 1714//1712
f 1706//1713 1705//1713 1713//1713
f 1705//1714 1702//1714 1713//1714
f 1727//1715 1728//1715 1726//1715
f 1706//1716 1713//1716 1714//1716
f 1702//1717 1711//1717 1713//1717
f 1759//1718 1760//1718 1707//1718
f 1757//1719 1758//1719 1755//1719
f 1758//1720 1759//1720 1755//1720
f 1755//1721 1756//1721 1757//1721
f 1752//1722 1754//1722 1753//1722
f 1752//1723 1753//1723 1715//1723
f 1753//1724 1755//1724 1715//1724
f 1747//1725 1750//1725 1746//1725
f 1750//1726 1751//1726 1748//1726
f 1746//1727 1750//1727 1749//1727
f 1751//1728 1752//1728 1748//1728
f 1748//1729 1752//1729 1715//1729
f 1755//1730 1759//1730 1714//1730
f 1759//1731 1707//1731 1714//1731
f 1685//1732 1726//1732 1723//1732
f 1723//1733 1724//1733 1683//1733
f 1724//1734 1725//1734 1722//1734
f 1683//1735 1718//1735 1716//1735
f 1744//1736 1745//1736 1743//1736
f 1745//1737 1747//1737 1743//1737
f 1724//1738 1722//1738 1721//1738
f 1721//1739 1720//1739 1719//1739
f 1724//1740 1721//1740 1683//1740
f 1749//1741 1750//1741 1748//1741
f 1743//1742 1747//1742 1746//1742
f 1734//1743 1737//1743 1736//1743
f 1737//1744 1738//1744 1736//1744
f 1738//1745 1744//1745 1740//1745
f 1718//1746 1683//1746 1721//1746
f 1721//1747 1719//1747 1718//1747
f 1718//1748 1717//1748 1716//1748
f 1730//1749 1733//1749 1734//1749
f 1732//1750 1731//1750 1730//1750
f 1736//1751 1735//1751 1734//1751
f 1735//1752 1732//1752 1730//1752
f 1734//1753 1735//1753 1730//1753
f 1742//1754 1741//1754 1740//1754
f 1741//1755 1739//1755 1740//1755
f 1739//1756 1736//1756 1738//1756
f 1740//1757 1739//1757 1738//1757
f 1743//1758 1740//1758 1744//1758
f 1710//1759 1709//1759 1692//1759
f 1709//1760 1708//1760 1692//1760
f 1708//1761 1697//1761 1692//1761
f 1486//1762 1487//1762 1513//1762
f 1487//1763 1484//1763 1511//1763
f 1513//1764 1487//1764 1512//1764
f 1484//1765 1483//1765 1510//1765
f 1483//1766 1482//1766 1510//1766
f 1482//1767 1485//1767 1510//1767
f 1520//1768 1516//1768 1519//1768
f 1516//1769 1486//1769 1515//1769
f 1519//1770 1516//1770 1517//1770
f 1517//1771 1516//1771 1515//1771
f 1521//1772 1522//1772 1519//1772
f 1517//1773 1518//1773 1519//1773
f 1518//1774 1521//1774 1519//1774
f 1515//1775 1486//1775 1513//1775
f 1512//1776 1487//1776 1511//1776
f 1512//1777 1514//1777 1513//1777
f 1511//1778 1484//1778 1510//1778
f 1485//1779 1488//1779 1509//1779
f 1509//1780 1510//1780 1485//1780
f 1490//1781 1508//1781 1507//1781
f 1490//1782 1507//1782 1494//1782
f 1507//1783 1509//1783 1488//1783
f 1489//1784 1507//1784 1488//1784
f 1504//1785 1505//1785 1497//1785
f 1505//1786 1506//1786 1497//1786
f 1506//1787 1490//1787 1495//1787
f 1507//1788 1489//1788 1494//1788
f 1489//1789 1491//1789 1493//1789
f 1491//1790 1492//1790 1493//1790
f 1503//1791 1504//1791 1497//1791
f 1494//1792 1495//1792 1490//1792
f 1495//1793 1496//1793 1506//1793
f 1489//1794 1493//1794 1494//1794
f 1575//1795 1577//1795 1574//1795
f 1577//1796 1576//1796 1574//1796
f 1497//1797 1506//1797 1496//1797
f 1576//1798 1503//1798 1500//1798
f 1497//1799 1498//1799 1503//1799
f 1498//1800 1499//1800 1503//1800
f 1500//1801 1501//1801 1576//1801
f 1501//1802 1502//1802 1576//1802
f 1499//1803 1500//1803 1503//1803
f 1573//1804 1574//1804 1576//1804
f 1502//1805 1532//1805 1576//1805
f 1532//1806 1531//1806 1530//1806
f 1532//1807 1530//1807 1576//1807
f 1573//1808 1576//1808 1530//1808
f 1573//1809 1530//1809 1541//1809
f 1530//1810 1529//1810 1541//1810
f 1572//1811 1573//1811 1568//1811
f 1573//1812 1541//1812 1568//1812
f 1529//1813 1528//1813 1536//1813
f 1541//1814 1529//1814 1537//1814
f 1569//1815 1570//1815 1565//1815
f 1570//1816 1571//1816 1565//1816
f 1571//1817 1572//1817 1566//1817
f 1523//1818 1525//1818 1526//1818
f 1525//1819 1524//1819 1527//1819
f 1528//1820 1523//1820 1533//1820
f 1566//1821 1564//1821 1565//1821
f 1568//1822 1567//1822 1572//1822
f 1567//1823 1566//1823 1572//1823
f 1566//1824 1565//1824 1571//1824
f 1537//1825 1529//1825 1536//1825
f 1525//1826 1527//1826 1526//1826
f 1526//1827 1534//1827 1523//1827
f 1534//1828 1533//1828 1523//1828
f 1535//1829 1540//1829 1538//1829
f 1540//1830 1539//1830 1538//1830
f 1533//1831 1535//1831 1536//1831
f 1536//1832 1528//1832 1533//1832
f 1640//1833 1641//1833 1639//1833
f 1641//1834 1638//1834 1639//1834
f 1636//1835 1634//1835 1635//1835
f 1634//1836 1628//1836 1633//1836
f 1635//1837 1634//1837 1633//1837
f 1638//1838 1636//1838 1637//1838
f 1644//1839 1640//1839 1642//1839
f 1638//1840 1637//1840 1639//1840
f 1636//1841 1635//1841 1637//1841
f 1639//1842 1643//1842 1642//1842
f 1640//1843 1639//1843 1642//1843
f 1647//1844 1652//1844 1650//1844
f 1647//1845 1650//1845 1644//1845
f 1653//1846 1647//1846 1649//1846
f 1647//1847 1644//1847 1649//1847
f 1644//1848 1642//1848 1645//1848
f 1642//1849 1646//1849 1645//1849
f 1645//1850 1648//1850 1649//1850
f 1644//1851 1645//1851 1649//1851
f 1649//1852 1651//1852 1653//1852
f 1651//1853 1655//1853 1659//1853
f 1655//1854 1657//1854 1656//1854
f 1657//1855 1658//1855 1656//1855
f 1656//1856 1660//1856 1659//1856
f 1656//1857 1659//1857 1655//1857
f 1659//1858 1661//1858 1651//1858
f 1665//1859 1666//1859 1654//1859
f 1654//1860 1653//1860 1662//1860
f 1653//1861 1651//1861 1661//1861
f 1662//1862 1653//1862 1661//1862
f 1662//1863 1664//1863 1663//1863
f 1665//1864 1654//1864 1663//1864
f 267//1865 264//1865 263//1865
f 263//1866 262//1866 260//1866
f 262//1867 261//1867 260//1867
f 268//1868 267//1868 265//1868
f 267//1869 263//1869 265//1869
f 286//1870 285//1870 280//1870
f 285//1871 269//1871 279//1871
f 279//1872 269//1872 272//1872
f 269//1873 268//1873 270//1873
f 263//1874 260//1874 259//1874
f 254//1875 253//1875 257//1875
f 253//1876 256//1876 257//1876
f 263//1877 259//1877 265//1877
f 259//1878 254//1878 258//1878
f 268//1879 265//1879 270//1879
f 293//1880 291//1880 292//1880
f 291//1881 287//1881 288//1881
f 292//1882 291//1882 288//1882
f 259//1883 258//1883 265//1883
f 287//1884 286//1884 280//1884
f 288//1885 290//1885 292//1885
f 288//1886 287//1886 289//1886
f 254//1887 257//1887 258//1887
f 280//1888 289//1888 287//1888
f 279//1889 280//1889 285//1889
f 270//1890 272//1890 269//1890
f 274//1891 275//1891 273//1891
f 273//1892 277//1892 276//1892
f 277//1893 282//1893 281//1893
f 281//1894 284//1894 283//1894
f 277//1895 281//1895 283//1895
f 276//1896 277//1896 278//1896
f 266//1897 274//1897 271//1897
f 274//1898 273//1898 271//1898
f 270//1899 265//1899 266//1899
f 283//1900 278//1900 277//1900
f 271//1901 270//1901 266//1901
f 250//1902 256//1902 252//1902
f 256//1903 253//1903 252//1903
f 252//1904 248//1904 250//1904
f 248//1905 242//1905 251//1905
f 250//1906 248//1906 249//1906
f 255//1907 249//1907 251//1907
f 251//1908 249//1908 248//1908
f 245//1909 247//1909 246//1909
f 242//1910 245//1910 246//1910
f 246//1911 236//1911 242//1911
f 236//1912 235//1912 243//1912
f 242//1913 236//1913 243//1913
f 235//1914 234//1914 238//1914
f 243//1915 235//1915 238//1915
f 234//1916 231//1916 233//1916
f 244//1917 251//1917 242//1917
f 230//1918 241//1918 239//1918
f 239//1919 240//1919 230//1919
f 240//1920 237//1920 230//1920
f 237//1921 228//1921 230//1921
f 230//1922 228//1922 227//1922
f 228//1923 226//1923 227//1923
f 227//1924 226//1924 229//1924
f 226//1925 224//1925 225//1925
f 229//1926 226//1926 225//1926
f 231//1927 227//1927 232//1927
f 227//1928 229//1928 232//1928
f 224//1929 222//1929 223//1929
f 243//1930 244//1930 242//1930
f 219//1931 217//1931 220//1931
f 217//1932 216//1932 218//1932
f 220//1933 217//1933 218//1933
f 216//1934 211//1934 212//1934
f 212//1935 218//1935 216//1935
f 221//1936 223//1936 222//1936
f 223//1937 225//1937 224//1937
f 220//1938 221//1938 219//1938
f 232//1939 233//1939 231//1939
f 219//1940 221//1940 222//1940
f 211//1941 216//1941 202//1941
f 216//1942 214//1942 202//1942
f 214//1943 215//1943 213//1943
f 202//1944 201//1944 211//1944
f 201//1945 200//1945 211//1945
f 214//1946 213//1946 202//1946
f 208//1947 211//1947 206//1947
f 210//1948 209//1948 207//1948
f 209//1949 208//1949 207//1949
f 200//1950 198//1950 206//1950
f 211//1951 200//1951 206//1951
f 206//1952 207//1952 208//1952
f 206//1953 198//1953 205//1953
f 198//1954 197//1954 203//1954
f 205//1955 198//1955 203//1955
f 197//1956 196//1956 199//1956
f 203//1957 197//1957 199//1957
f 199//1958 204//1958 203//1958
f 194//1959 192//1959 193//1959
f 192//1960 191//1960 193//1960
f 196//1961 194//1961 193//1961
f 195//1962 199//1962 196//1962
f 191//1963 192//1963 187//1963
f 191//1964 187//1964 182//1964
f 189//1965 188//1965 190//1965
f 190//1966 191//1966 182//1966
f 185//1967 186//1967 175//1967
f 190//1968 182//1968 181//1968
f 182//1969 185//1969 181//1969
f 184//1970 189//1970 190//1970
f 181//1971 183//1971 184//1971
f 179//1972 180//1972 178//1972
f 181//1973 184//1973 190//1973
f 177//1974 179//1974 178//1974
f 177//1975 178//1975 181//1975
f 170//1976 176//1976 177//1976
f 166//1977 168//1977 169//1977
f 168//1978 170//1978 169//1978
f 161//1979 162//1979 159//1979
f 162//1980 163//1980 164//1980
f 159//1981 162//1981 164//1981
f 157//1982 156//1982 155//1982
f 156//1983 161//1983 155//1983
f 144//1984 158//1984 157//1984
f 144//1985 157//1985 155//1985
f 143//1986 144//1986 150//1986
f 161//1987 159//1987 155//1987
f 163//1988 166//1988 165//1988
f 141//1989 143//1989 146//1989
f 170//1990 177//1990 181//1990
f 170//1991 181//1991 175//1991
f 174//1992 170//1992 175//1992
f 181//1993 185//1993 175//1993
f 170//1994 174//1994 169//1994
f 166//1995 169//1995 167//1995
f 169//1996 171//1996 167//1996
f 171//1997 173//1997 172//1997
f 171//1998 172//1998 167//1998
f 137//1999 140//1999 139//1999
f 130//2000 136//2000 125//2000
f 136//2001 137//2001 135//2001
f 125//2002 136//2002 135//2002
f 137//2003 139//2003 135//2003
f 122//2004 130//2004 125//2004
f 129//2005 127//2005 128//2005
f 127//2006 126//2006 128//2006
f 126//2007 122//2007 124//2007
f 128//2008 126//2008 124//2008
f 132//2009 133//2009 129//2009
f 131//2010 134//2010 132//2010
f 128//2011 131//2011 129//2011
f 131//2012 132//2012 129//2012
f 125//2013 121//2013 122//2013
f 121//2014 124//2014 122//2014
f 146//2015 142//2015 141//2015
f 142//2016 138//2016 141//2016
f 138//2017 135//2017 139//2017
f 147//2018 146//2018 145//2018
f 153//2019 154//2019 151//2019
f 138//2020 139//2020 141//2020
f 153//2021 151//2021 152//2021
f 151//2022 147//2022 149//2022
f 149//2023 152//2023 151//2023
f 150//2024 148//2024 143//2024
f 148//2025 145//2025 143//2025
f 145//2026 149//2026 147//2026
f 145//2027 146//2027 143//2027
f 165//2028 164//2028 163//2028
f 166//2029 167//2029 165//2029
f 159//2030 160//2030 155//2030
f 118//2031 121//2031 123//2031
f 121//2032 125//2032 123//2032
f 120//2033 119//2033 118//2033
f 117//2034 120//2034 118//2034
f 118//2035 123//2035 117//2035
f 123//2036 110//2036 117//2036
f 110//2037 107//2037 115//2037
f 117//2038 110//2038 115//2038
f 89//2039 116//2039 115//2039
f 88//2040 89//2040 107//2040
f 89//2041 115//2041 107//2041
f 107//2042 108//2042 103//2042
f 88//2043 107//2043 103//2043
f 109//2044 113//2044 106//2044
f 113//2045 114//2045 111//2045
f 113//2046 111//2046 112//2046
f 106//2047 113//2047 112//2047
f 87//2048 88//2048 98//2048
f 108//2049 109//2049 104//2049
f 104//2050 109//2050 106//2050
f 106//2051 105//2051 104//2051
f 104//2052 103//2052 108//2052
f 103//2053 101//2053 88//2053
f 88//2054 101//2054 98//2054
f 101//2055 102//2055 100//2055
f 100//2056 99//2056 98//2056
f 96//2057 97//2057 95//2057
f 101//2058 100//2058 98//2058
f 96//2059 95//2059 92//2059
f 96//2060 92//2060 86//2060
f 92//2061 91//2061 86//2061
f 98//2062 96//2062 87//2062
f 96//2063 86//2063 87//2063
f 91//2064 90//2064 84//2064
f 86//2065 91//2065 84//2065
f 82//2066 85//2066 84//2066
f 93//2067 2422//2067 2423//2067
f 84//2068 90//2068 73//2068
f 90//2069 93//2069 2413//2069
f 84//2070 73//2070 82//2070
f 81//2071 83//2071 82//2071
f 94//2072 90//2072 2413//2072
f 93//2073 2423//2073 2413//2073
f 2423//2074 2415//2074 2413//2074
f 81//2075 82//2075 75//2075
f 90//2076 94//2076 73//2076
f 76//2077 80//2077 79//2077
f 79//2078 81//2078 74//2078
f 82//2079 73//2079 75//2079
f 94//2080 2412//2080 73//2080
f 76//2081 79//2081 74//2081
f 74//2082 81//2082 75//2082
f 78//2083 77//2083 74//2083
f 77//2084 76//2084 74//2084
f 2414//2085 2416//2085 2419//2085
f 2416//2086 2417//2086 2418//2086
f 2412//2087 2414//2087 70//2087
f 73//2088 2412//2088 71//2088
f 70//2089 72//2089 71//2089
f 71//2090 2412//2090 70//2090
f 69//2091 70//2091 2414//2091
f 2416//2092 2418//2092 2419//2092
f 2419//2093 53//2093 68//2093
f 2419//2094 68//2094 2414//2094
f 1//2095 2//2095 4//2095
f 4//2096 7//2096 6//2096
f 7//2097 8//2097 6//2097
f 10//2098 18//2098 17//2098
f 8//2099 10//2099 9//2099
f 3//2100 1//2100 13//2100
f 1//2101 4//2101 12//2101
f 12//2102 4//2102 6//2102
f 25//2103 27//2103 3//2103
f 5//2104 24//2104 26//2104
f 26//2105 25//2105 3//2105
f 8//2106 9//2106 11//2106
f 6//2107 8//2107 11//2107
f 10//2108 17//2108 15//2108
f 9//2109 10//2109 16//2109
f 5//2110 26//2110 13//2110
f 26//2111 3//2111 13//2111
f 22//2112 13//2112 12//2112
f 12//2113 13//2113 1//2113
f 14//2114 23//2114 22//2114
f 12//2115 14//2115 22//2115
f 21//2116 28//2116 20//2116
f 28//2117 30//2117 20//2117
f 30//2118 32//2118 31//2118
f 33//2119 34//2119 43//2119
f 34//2120 35//2120 43//2120
f 30//2121 31//2121 20//2121
f 31//2122 33//2122 38//2122
f 20//2123 31//2123 38//2123
f 17//2124 21//2124 19//2124
f 35//2125 45//2125 46//2125
f 21//2126 20//2126 19//2126
f 35//2127 46//2127 47//2127
f 35//2128 47//2128 43//2128
f 17//2129 19//2129 15//2129
f 15//2130 16//2130 10//2130
f 60//2131 62//2131 61//2131
f 61//2132 63//2132 59//2132
f 63//2133 64//2133 59//2133
f 66//2134 67//2134 65//2134
f 59//2135 58//2135 56//2135
f 58//2136 57//2136 56//2136
f 64//2137 66//2137 65//2137
f 64//2138 65//2138 59//2138
f 60//2139 61//2139 59//2139
f 49//2140 60//2140 56//2140
f 59//2141 56//2141 60//2141
f 56//2142 55//2142 49//2142
f 49//2143 55//2143 54//2143
f 48//2144 49//2144 44//2144
f 49//2145 54//2145 52//2145
f 52//2146 53//2146 2420//2146
f 53//2147 2419//2147 2420//2147
f 49//2148 52//2148 44//2148
f 29//2149 38//2149 36//2149
f 47//2150 48//2150 43//2150
f 2420//2151 2421//2151 51//2151
f 51//2152 50//2152 44//2152
f 2420//2153 51//2153 52//2153
f 51//2154 44//2154 52//2154
f 48//2155 44//2155 43//2155
f 38//2156 29//2156 20//2156
f 40//2157 41//2157 37//2157
f 36//2158 39//2158 37//2158
f 39//2159 40//2159 37//2159
f 43//2160 42//2160 33//2160
f 42//2161 38//2161 33//2161
l 1774 1776
l 1787 1788
l 1791 1792
l 1800 1801
l 1827 1828
l 1827 1831
l 1841 1852
l 1897 1898
l 1909 1910
l 1924 1925
l 2000 2001
l 2013 2015
l 2032 2033
l 2058 2061
l 2072 2073
l 2072 2074
l 2219 2220
l 2270 2272
l 2297 2332
l 1878 1879
l 1768 1772
l 1781 1783
l 1835 1836
l 1857 1859
l 1871 1873
l 1916 1917
l 1932 1933
l 1986 1987
l 1986 1989
l 1996 1997
l 1996 1998
l 2298 2303
l 2197 2198
l 2215 2218
l 2311 2312
l 2365 2381
l 1883 1884
l 1761 1763
l 1776 1777
l 2014 2016
l 2022 2023
l 2033 2037
l 2058 2063
l 1858 1860
l 1851 1854
l 1865 1866
l 1879 1880
l 1908 1911
l 1925 1929
l 1979 1981
l 2203 2294
l 2298 2300
l 1795 1794
l 1761 1762
l 1769 1770
l 1782 1784
l 1789 1791
l 1807 1808
l 2007 2018
l 1820 1822
l 1872 1873
l 1872 1882
l 1884 1885
l 1890 1891
l 1890 1893
l 1917 1919
l 1953 1955
l 2378 2382
l 1898 1901
l 2294 2295
l 2198 2204
l 1762 1764
l 1792 1794
l 2220 2221
l 2272 2274
l 1829 1830
l 1852 1853
l 2265 2270
l 1887 1888
l 1910 1912
l 1926 1927
l 1926 1930
l 1980 1982
l 1992 1993
l 2004 2008
l 2004 2009
l 2034 2036
l 2034 2038
l 2053 2054
l 2002 2020
l 1770 1771
l 1783 1786
l 1795 1804
l 1845 1935
l 2265 2266
l 2216 2312
l 2347 2349
l 2347 2351
l 1811 1814
l 1821 1823
l 1836 1839
l 1845 1846
l 1903 1904
l 1918 1919
l 1934 1937
l 1954 1956
l 1988 1990
l 1885 1991
l 1998 1999
l 2055 2057
l 2113 2117
l 1763 1769
l 1777 1779
l 1801 1802
l 2306 2308
l 2054 2071
l 2340 2341
l 2289 2292
l 2299 2301
l 2015 2019
l 2035 2036
l 2314 2340
l 2059 2060
l 2099 2101
l 2109 2110
l 1830 1832
l 1842 1843
l 1842 1844
l 1911 1913
l 1948 1950
l 1981 1983
l 1993 1994
l 2382 2383
l 1837 1843
l 1790 2019
l 2065 2076
l 1812 1813
l 1822 1824
l 1846 1847
l 1771 1859
l 1874 1876
l 1874 1877
l 1892 1895
l 1892 1897
l 1904 1905
l 1955 1958
l 1810 1812
l 1831 1833
l 1853 1856
l 1912 1914
l 1928 1932
l 1928 1934
l 1982 1984
l 2060 2062
l 2074 2075
l 2110 2111
l 2151 2152
l 2237 2238
l 2237 2240
l 2307 2308
l 1778 1780
l 1802 1806
l 1813 1815
l 1823 1825
l 1838 1839
l 1838 1840
l 1847 1848
l 1861 1862
l 1861 1863
l 1886 1887
l 1893 1894
l 1905 1909
l 1920 1921
l 1920 1923
l 1936 1937
l 1936 1938
l 1956 1957
l 2009 2010
l 2093 2095
l 2341 2343
l 2338 2339
l 2383 2384
l 1772 1775
l 1784 1789
l 1796 1797
l 2016 2017
l 2037 2038
l 2061 2064
l 2075 2076
l 1832 1834
l 1854 1855
l 1913 1915
l 2301 2302
l 1929 1931
l 1950 1951
l 2002 2001
l 1983 1987
l 2010 2011
l 2342 2344
l 2397 2402
l 2152 2154
l 2029 2031
l 2291 2292
l 2291 2293
l 1765 1767
l 1779 1781
l 1788 1790
l 1803 1805
l 1803 1807
l 1814 1817
l 1824 1829
l 1848 1849
l 1773 1860
l 1862 1865
l 1875 1876
l 1894 1900
l 1906 1907
l 1921 1922
l 2402 2405
l 1994 2003
l 2131 2134
l 2131 2135
l 2218 2219
l 1785 1786
l 1785 1787
l 1797 1798
l 2153 2154
l 2153 2157
l 2343 2345
l 1930 1933
l 1833 1835
l 1855 1857
l 1881 1882
l 1881 1883
l 1889 1888
l 1889 1891
l 1914 1918
l 1844 1938
l 1951 1953
l 1984 1985
l 1995 1997
l 2005 2007
l 2017 2022
l 1766 1768
l 1780 1782
l 1804 1805
l 2296 2297
l 1815 1816
l 1825 1826
l 1849 1850
l 1863 1864
l 1895 1896
l 1907 1908
l 1922 1924
l 1991 1992
l 2003 2005
l 2011 2012
l 2030 2032
l 1999 2041
l 2057 2059
l 2071 2056
l 2117 2121
l 1798 1800
l 2330 2338
l 2310 2311
l 2214 2216
l 2006 2008
l 2039 2040
l 2039 2041
l 1834 1837
l 1856 1858
l 2006 2013
l 1900 1906
l 1915 1916
l 1931 1935
l 1985 1990
l 1767 1773
l 1793 1796
l 1995 2000
l 1864 2018
l 2031 2035
l 2056 2073
l 2095 2100
l 1816 1818
l 1826 1828
l 1840 1841
l 1850 1851
l 1877 1878
l 1896 1899
l 1923 1927
l 2012 2014
l 1775 1778
